-- MariaDB dump 10.19  Distrib 10.4.24-MariaDB, for Win64 (AMD64)
--
-- Host: localhost    Database: cine
-- ------------------------------------------------------
-- Server version	10.4.24-MariaDB

/*!40101 SET @OLD_CHARACTER_SET_CLIENT=@@CHARACTER_SET_CLIENT */;
/*!40101 SET @OLD_CHARACTER_SET_RESULTS=@@CHARACTER_SET_RESULTS */;
/*!40101 SET @OLD_COLLATION_CONNECTION=@@COLLATION_CONNECTION */;
/*!40101 SET NAMES utf8mb4 */;
/*!40103 SET @OLD_TIME_ZONE=@@TIME_ZONE */;
/*!40103 SET TIME_ZONE='+00:00' */;
/*!40014 SET @OLD_UNIQUE_CHECKS=@@UNIQUE_CHECKS, UNIQUE_CHECKS=0 */;
/*!40014 SET @OLD_FOREIGN_KEY_CHECKS=@@FOREIGN_KEY_CHECKS, FOREIGN_KEY_CHECKS=0 */;
/*!40101 SET @OLD_SQL_MODE=@@SQL_MODE, SQL_MODE='NO_AUTO_VALUE_ON_ZERO' */;
/*!40111 SET @OLD_SQL_NOTES=@@SQL_NOTES, SQL_NOTES=0 */;

--
-- Table structure for table `asiento`
--

DROP TABLE IF EXISTS `asiento`;
/*!40101 SET @saved_cs_client     = @@character_set_client */;
/*!40101 SET character_set_client = utf8 */;
CREATE TABLE `asiento` (
  `id_asiento` int(11) NOT NULL,
  `idtipo_asiento` int(11) NOT NULL,
  `idestado_asiento` int(11) NOT NULL,
  `sala_idsala` int(11) NOT NULL,
  `codigo_asiento` int(11) DEFAULT NULL,
  PRIMARY KEY (`id_asiento`),
  UNIQUE KEY `idasiento_UNIQUE` (`id_asiento`),
  KEY `fk_asiento_tipo_asiento_idx` (`idtipo_asiento`),
  KEY `fk_asiento_estado_asiento1_idx` (`idestado_asiento`),
  KEY `fk_asiento_sala1_idx` (`sala_idsala`),
  CONSTRAINT `fk_asiento_estado_asiento1` FOREIGN KEY (`idestado_asiento`) REFERENCES `estado_asiento` (`idestado_asiento`),
  CONSTRAINT `fk_asiento_sala1` FOREIGN KEY (`sala_idsala`) REFERENCES `sala` (`idsala`),
  CONSTRAINT `fk_asiento_tipo_asiento` FOREIGN KEY (`idtipo_asiento`) REFERENCES `tipo_asiento` (`idtipo_asiento`)
) ENGINE=InnoDB DEFAULT CHARSET=utf8;
/*!40101 SET character_set_client = @saved_cs_client */;

--
-- Dumping data for table `asiento`
--

LOCK TABLES `asiento` WRITE;
/*!40000 ALTER TABLE `asiento` DISABLE KEYS */;
INSERT INTO `asiento` VALUES (1,1,2,1,1),(2,1,1,1,2),(3,1,1,1,3),(4,1,1,1,4),(5,1,1,1,5),(6,1,1,1,6),(7,1,1,1,7),(8,1,1,1,8),(9,1,1,1,9),(10,1,1,1,10),(11,1,1,1,11),(12,1,1,1,12),(13,1,1,1,13),(14,1,1,1,14),(15,1,1,1,15),(16,1,1,1,16),(17,1,1,1,17),(18,1,1,1,18),(19,1,1,1,19),(20,1,1,1,20),(21,1,1,1,21),(22,1,1,1,22),(23,1,1,1,23),(24,1,1,1,24),(25,1,1,1,25),(26,1,1,1,26),(27,1,1,1,27),(28,1,1,1,28),(29,1,1,1,29),(30,1,1,1,30),(31,1,1,1,31),(32,1,1,1,32),(33,1,1,1,33),(34,1,1,1,34),(35,1,1,1,35),(36,1,1,1,36),(37,1,1,1,37),(38,1,1,1,38),(39,1,1,1,39),(40,1,1,1,40),(41,2,1,1,41),(42,2,1,1,42),(43,2,1,1,43),(44,2,1,1,44),(45,2,1,1,45),(46,2,1,1,46),(47,2,1,1,47),(48,2,1,1,48),(49,2,1,1,49),(50,2,1,1,50),(51,2,1,1,51),(52,2,1,1,52),(53,2,1,1,53),(54,2,1,1,54),(55,2,1,1,55),(56,2,1,1,56),(57,2,1,1,57),(58,2,1,1,58),(59,2,1,1,59),(60,2,1,1,60),(61,1,1,2,1),(62,1,1,2,2),(63,1,1,2,3),(64,1,1,2,4),(65,1,1,2,5),(66,1,1,2,6),(67,1,1,2,7),(68,1,1,2,8),(69,1,1,2,9),(70,1,1,2,10),(71,1,1,2,11),(72,1,1,2,12),(73,1,1,2,13),(74,1,1,2,14),(75,1,1,2,15),(76,1,1,2,16),(77,1,1,2,17),(78,1,1,2,18),(79,1,1,2,19),(80,1,1,2,20),(81,1,1,2,21),(82,1,1,2,22),(83,1,1,2,23),(84,1,1,2,24),(85,1,1,2,25),(86,1,1,2,26),(87,1,1,2,27),(88,1,1,2,28),(89,1,1,2,29),(90,1,1,2,30),(91,1,1,2,31),(92,1,1,2,32),(93,1,1,2,33),(94,1,1,2,34),(95,1,1,2,35),(96,1,1,2,36),(97,1,1,2,37),(98,1,1,2,38),(99,1,1,2,39),(100,1,1,2,40),(101,2,1,2,41),(102,2,1,2,42),(103,2,1,2,43),(104,2,1,2,44),(105,2,1,2,45),(106,2,1,2,46),(107,2,1,2,47),(108,2,1,2,48),(109,2,1,2,49),(110,2,1,2,50),(111,2,1,2,51),(112,2,1,2,52),(113,2,1,2,53),(114,2,1,2,54),(115,2,1,2,55),(116,2,1,2,56),(117,2,1,2,57),(118,2,1,2,58),(119,2,1,2,59),(120,2,1,2,60),(121,1,1,3,1),(122,1,1,3,2),(123,1,1,3,3),(124,1,1,3,4),(125,1,1,3,5),(126,1,1,3,6),(127,1,1,3,7),(128,1,1,3,8),(129,1,1,3,9),(130,1,1,3,10),(131,1,1,3,11),(132,1,1,3,12),(133,1,1,3,13),(134,1,1,3,14),(135,1,1,3,15),(136,1,1,3,16),(137,1,1,3,17),(138,1,1,3,18),(139,1,1,3,19),(140,1,1,3,20),(141,1,1,3,21),(142,1,1,3,22),(143,1,1,3,23),(144,1,1,3,24),(145,1,1,3,25),(146,1,1,3,26),(147,1,1,3,27),(148,1,1,3,28),(149,1,1,3,29),(150,1,1,3,30),(151,1,1,3,31),(152,1,1,3,32),(153,1,1,3,33),(154,1,1,3,34),(155,1,1,3,35),(156,1,1,3,36),(157,1,1,3,37),(158,1,1,3,38),(159,1,1,3,39),(160,1,1,3,40),(161,2,1,3,41),(162,2,1,3,42),(163,2,1,3,43),(164,2,1,3,44),(165,2,1,3,45),(166,2,1,3,46),(167,2,1,3,47),(168,2,1,3,48),(169,2,1,3,49),(170,2,1,3,50),(171,2,1,3,51),(172,2,1,3,52),(173,2,1,3,53),(174,2,1,3,54),(175,2,1,3,55),(176,2,1,3,56),(177,2,1,3,57),(178,2,1,3,58),(179,2,1,3,59),(180,2,1,3,60),(181,1,1,4,1),(182,1,1,4,2),(183,1,1,4,3),(184,1,1,4,4),(185,1,1,4,5),(186,1,1,4,6),(187,1,1,4,7),(188,1,1,4,8),(189,1,1,4,9),(190,1,1,4,10),(191,1,1,4,11),(192,1,1,4,12),(193,1,1,4,13),(194,1,1,4,14),(195,1,1,4,15),(196,1,1,4,16),(197,1,1,4,17),(198,1,1,4,18),(199,1,1,4,19),(200,1,1,4,20),(201,1,1,4,21),(202,1,1,4,22),(203,1,1,4,23),(204,1,1,4,24),(205,1,1,4,25),(206,1,1,4,26),(207,1,1,4,27),(208,1,1,4,28),(209,1,1,4,29),(210,1,1,4,30),(211,1,1,4,31),(212,1,1,4,32),(213,1,1,4,33),(214,1,1,4,34),(215,1,1,4,35),(216,1,1,4,36),(217,1,1,4,37),(218,1,1,4,38),(219,1,1,4,39),(220,1,1,4,40),(221,2,1,4,41),(222,2,1,4,42),(223,2,1,4,43),(224,2,1,4,44),(225,2,1,4,45),(226,2,1,4,46),(227,2,1,4,47),(228,2,1,4,48),(229,2,1,4,49),(230,2,1,4,50),(231,2,1,4,51),(232,2,1,4,52),(233,2,1,4,53),(234,2,1,4,54),(235,2,1,4,55),(236,2,1,4,56),(237,2,1,4,57),(238,2,1,4,58),(239,2,1,4,59),(240,2,1,4,60),(241,1,1,5,1),(242,1,1,5,2),(243,1,1,5,3),(244,1,1,5,4),(245,1,1,5,5),(246,1,1,5,6),(247,1,1,5,7),(248,1,1,5,8),(249,1,1,5,9),(250,1,1,5,10),(251,1,1,5,11),(252,1,1,5,12),(253,1,1,5,13),(254,1,1,5,14),(255,1,1,5,15),(256,1,1,5,16),(257,1,1,5,17),(258,1,1,5,18),(259,1,1,5,19),(260,1,1,5,20),(261,1,1,5,21),(262,1,1,5,22),(263,1,1,5,23),(264,1,1,5,24),(265,1,1,5,25),(266,1,1,5,26),(267,1,1,5,27),(268,1,1,5,28),(269,1,1,5,29),(270,1,1,5,30),(271,1,1,5,31),(272,1,1,5,32),(273,1,1,5,33),(274,1,1,5,34),(275,1,1,5,35),(276,1,1,5,36),(277,1,1,5,37),(278,1,1,5,38),(279,1,1,5,39),(280,1,1,5,40),(281,2,1,5,41),(282,2,1,5,42),(283,2,1,5,43),(284,2,1,5,44),(285,2,1,5,45),(286,2,1,5,46),(287,2,1,5,47),(288,2,1,5,48),(289,2,1,5,49),(290,2,1,5,50),(291,2,1,5,51),(292,2,1,5,52),(293,2,1,5,53),(294,2,1,5,54),(295,2,1,5,55),(296,2,1,5,56),(297,2,1,5,57),(298,2,1,5,58),(299,2,1,5,59),(300,2,1,5,60),(301,1,1,6,1),(302,1,1,6,2),(303,1,1,6,3),(304,1,1,6,4),(305,1,1,6,5),(306,1,1,6,6),(307,1,1,6,7),(308,1,1,6,8),(309,1,1,6,9),(310,1,1,6,10),(311,1,1,6,11),(312,1,1,6,12),(313,1,1,6,13),(314,1,1,6,14),(315,1,1,6,15),(316,1,1,6,16),(317,1,1,6,17),(318,1,1,6,18),(319,1,1,6,19),(320,1,1,6,20),(321,1,1,6,21),(322,1,1,6,22),(323,1,1,6,23),(324,1,1,6,24),(325,1,1,6,25),(326,1,1,6,26),(327,1,1,6,27),(328,1,1,6,28),(329,1,1,6,29),(330,1,1,6,30),(331,1,1,6,31),(332,1,1,6,32),(333,1,1,6,33),(334,1,1,6,34),(335,1,1,6,35),(336,1,1,6,36),(337,1,1,6,37),(338,1,1,6,38),(339,1,1,6,39),(340,1,1,6,40),(341,2,1,6,41),(342,2,1,6,42),(343,2,1,6,43),(344,2,1,6,44),(345,2,1,6,45),(346,2,1,6,46),(347,2,1,6,47),(348,2,1,6,48),(349,2,1,6,49),(350,2,1,6,50),(351,2,1,6,51),(352,2,1,6,52),(353,2,1,6,53),(354,2,1,6,54),(355,2,1,6,55),(356,2,1,6,56),(357,2,1,6,57),(358,2,1,6,58),(359,2,1,6,59),(360,2,1,6,60),(361,1,1,7,1),(362,1,1,7,2),(363,1,1,7,3),(364,1,1,7,4),(365,1,1,7,5),(366,1,1,7,6),(367,1,1,7,7),(368,1,1,7,8),(369,1,1,7,9),(370,1,1,7,10),(371,1,1,7,11),(372,1,1,7,12),(373,1,1,7,13),(374,1,1,7,14),(375,1,1,7,15),(376,1,1,7,16),(377,1,1,7,17),(378,1,1,7,18),(379,1,1,7,19),(380,1,1,7,20),(381,1,1,7,21),(382,1,1,7,22),(383,1,1,7,23),(384,1,1,7,24),(385,1,1,7,25),(386,1,1,7,26),(387,1,1,7,27),(388,1,1,7,28),(389,1,1,7,29),(390,1,1,7,30),(391,1,1,7,31),(392,1,1,7,32),(393,1,1,7,33),(394,1,1,7,34),(395,1,1,7,35),(396,1,1,7,36),(397,1,1,7,37),(398,1,1,7,38),(399,1,1,7,39),(400,1,1,7,40),(401,2,1,7,41),(402,2,1,7,42),(403,2,1,7,43),(404,2,1,7,44),(405,2,1,7,45),(406,2,1,7,46),(407,2,1,7,47),(408,2,1,7,48),(409,2,1,7,49),(410,2,1,7,50),(411,2,1,7,51),(412,2,1,7,52),(413,2,1,7,53),(414,2,1,7,54),(415,2,1,7,55),(416,2,1,7,56),(417,2,1,7,57),(418,2,1,7,58),(419,2,1,7,59),(420,2,1,7,60),(421,1,1,8,1),(422,1,1,8,2),(423,1,1,8,3),(424,1,1,8,4),(425,1,1,8,5),(426,1,1,8,6),(427,1,1,8,7),(428,1,1,8,8),(429,1,1,8,9),(430,1,1,8,10),(431,1,1,8,11),(432,1,1,8,12),(433,1,1,8,13),(434,1,1,8,14),(435,1,1,8,15),(436,1,1,8,16),(437,1,1,8,17),(438,1,1,8,18),(439,1,1,8,19),(440,1,1,8,20),(441,1,1,8,21),(442,1,1,8,22),(443,1,1,8,23),(444,1,1,8,24),(445,1,1,8,25),(446,1,1,8,26),(447,1,1,8,27),(448,1,1,8,28),(449,1,1,8,29),(450,1,1,8,30),(451,1,1,8,31),(452,1,1,8,32),(453,1,1,8,33),(454,1,1,8,34),(455,1,1,8,35),(456,1,1,8,36),(457,1,1,8,37),(458,1,1,8,38),(459,1,1,8,39),(460,1,1,8,40),(461,2,1,8,41),(462,2,1,8,42),(463,2,1,8,43),(464,2,1,8,44),(465,2,1,8,45),(466,2,1,8,46),(467,2,1,8,47),(468,2,1,8,48),(469,2,1,8,49),(470,2,1,8,50),(471,2,1,8,51),(472,2,1,8,52),(473,2,1,8,53),(474,2,1,8,54),(475,2,1,8,55),(476,2,1,8,56),(477,2,1,8,57),(478,2,1,8,58),(479,2,1,8,59),(480,2,1,8,60),(481,1,1,9,1),(482,1,1,9,2),(483,1,1,9,3),(484,1,1,9,4),(485,1,1,9,5),(486,1,1,9,6),(487,1,1,9,7),(488,1,1,9,8),(489,1,1,9,9),(490,1,1,9,10),(491,1,1,9,11),(492,1,1,9,12),(493,1,1,9,13),(494,1,1,9,14),(495,1,1,9,15),(496,1,1,9,16),(497,1,1,9,17),(498,1,1,9,18),(499,1,1,9,19),(500,1,1,9,20),(501,1,1,9,21),(502,1,1,9,22),(503,1,1,9,23),(504,1,1,9,24),(505,1,1,9,25),(506,1,1,9,26),(507,1,1,9,27),(508,1,1,9,28),(509,1,1,9,29),(510,1,1,9,30),(511,1,1,9,31),(512,1,1,9,32),(513,1,1,9,33),(514,1,1,9,34),(515,1,1,9,35),(516,1,1,9,36),(517,1,1,9,37),(518,1,1,9,38),(519,1,1,9,39),(520,1,1,9,40),(521,2,1,9,41),(522,2,1,9,42),(523,2,1,9,43),(524,2,1,9,44),(525,2,1,9,45),(526,2,1,9,46),(527,2,1,9,47),(528,2,1,9,48),(529,2,1,9,49),(530,2,1,9,50),(531,2,1,9,51),(532,2,1,9,52),(533,2,1,9,53),(534,2,1,9,54),(535,2,1,9,55),(536,2,1,9,56),(537,2,1,9,57),(538,2,1,9,58),(539,2,1,9,59),(540,2,1,9,60),(541,1,1,10,1),(542,1,1,10,2),(543,1,1,10,3),(544,1,1,10,4),(545,1,1,10,5),(546,1,1,10,6),(547,1,1,10,7),(548,1,1,10,8),(549,1,1,10,9),(550,1,1,10,10),(551,1,1,10,11),(552,1,1,10,12),(553,1,1,10,13),(554,1,1,10,14),(555,1,1,10,15),(556,1,1,10,16),(557,1,1,10,17),(558,1,1,10,18),(559,1,1,10,19),(560,1,1,10,20),(561,1,1,10,21),(562,1,1,10,22),(563,1,1,10,23),(564,1,1,10,24),(565,1,1,10,25),(566,1,1,10,26),(567,1,1,10,27),(568,1,1,10,28),(569,1,1,10,29),(570,1,1,10,30),(571,1,1,10,31),(572,1,1,10,32),(573,1,1,10,33),(574,1,1,10,34),(575,1,1,10,35),(576,1,1,10,36),(577,1,1,10,37),(578,1,1,10,38),(579,1,1,10,39),(580,1,1,10,40),(581,2,1,10,41),(582,2,1,10,42),(583,2,1,10,43),(584,2,1,10,44),(585,2,1,10,45),(586,2,1,10,46),(587,2,1,10,47),(588,2,1,10,48),(589,2,1,10,49),(590,2,1,10,50),(591,2,1,10,51),(592,2,1,10,52),(593,2,1,10,53),(594,2,1,10,54),(595,2,1,10,55),(596,2,1,10,56),(597,2,1,10,57),(598,2,1,10,58),(599,2,1,10,59),(600,2,1,10,60),(601,1,1,11,1),(602,1,1,11,2),(603,1,1,11,3),(604,1,1,11,4),(605,1,1,11,5),(606,1,1,11,6),(607,1,1,11,7),(608,1,1,11,8),(609,1,1,11,9),(610,1,1,11,10),(611,1,1,11,11),(612,1,1,11,12),(613,1,1,11,13),(614,1,1,11,14),(615,1,1,11,15),(616,1,1,11,16),(617,1,1,11,17),(618,1,1,11,18),(619,1,1,11,19),(620,1,1,11,20),(621,1,1,11,21),(622,1,1,11,22),(623,1,1,11,23),(624,1,1,11,24),(625,1,1,11,25),(626,1,1,11,26),(627,1,1,11,27),(628,1,1,11,28),(629,1,1,11,29),(630,1,1,11,30),(631,1,1,11,31),(632,1,1,11,32),(633,1,1,11,33),(634,1,1,11,34),(635,1,1,11,35),(636,1,1,11,36),(637,1,1,11,37),(638,1,1,11,38),(639,1,1,11,39),(640,1,1,11,40),(641,2,1,11,41),(642,2,1,11,42),(643,2,1,11,43),(644,2,1,11,44),(645,2,1,11,45),(646,2,1,11,46),(647,2,1,11,47),(648,2,1,11,48),(649,2,1,11,49),(650,2,1,11,50),(651,2,1,11,51),(652,2,1,11,52),(653,2,1,11,53),(654,2,1,11,54),(655,2,1,11,55),(656,2,1,11,56),(657,2,1,11,57),(658,2,1,11,58),(659,2,1,11,59),(660,2,1,11,60),(661,1,1,12,1),(662,1,1,12,2),(663,1,1,12,3),(664,1,1,12,4),(665,1,1,12,5),(666,1,1,12,6),(667,1,1,12,7),(668,1,1,12,8),(669,1,1,12,9),(670,1,1,12,10),(671,1,1,12,11),(672,1,1,12,12),(673,1,1,12,13),(674,1,1,12,14),(675,1,1,12,15),(676,1,1,12,16),(677,1,1,12,17),(678,1,1,12,18),(679,1,1,12,19),(680,1,1,12,20),(681,1,1,12,21),(682,1,1,12,22),(683,1,1,12,23),(684,1,1,12,24),(685,1,1,12,25),(686,1,1,12,26),(687,1,1,12,27),(688,1,1,12,28),(689,1,1,12,29),(690,1,1,12,30),(691,1,1,12,31),(692,1,1,12,32),(693,1,1,12,33),(694,1,1,12,34),(695,1,1,12,35),(696,1,1,12,36),(697,1,1,12,37),(698,1,1,12,38),(699,1,1,12,39),(700,1,1,12,40),(701,2,1,12,41),(702,2,1,12,42),(703,2,1,12,43),(704,2,1,12,44),(705,2,1,12,45),(706,2,1,12,46),(707,2,1,12,47),(708,2,1,12,48),(709,2,1,12,49),(710,2,1,12,50),(711,2,1,12,51),(712,2,1,12,52),(713,2,1,12,53),(714,2,1,12,54),(715,2,1,12,55),(716,2,1,12,56),(717,2,1,12,57),(718,2,1,12,58),(719,2,1,12,59),(720,2,1,12,60),(721,1,1,13,1),(722,1,1,13,2),(723,1,1,13,3),(724,1,1,13,4),(725,1,1,13,5),(726,1,1,13,6),(727,1,1,13,7),(728,1,1,13,8),(729,1,1,13,9),(730,1,1,13,10),(731,1,1,13,11),(732,1,1,13,12),(733,1,1,13,13),(734,1,1,13,14),(735,1,1,13,15),(736,1,1,13,16),(737,1,1,13,17),(738,1,1,13,18),(739,1,1,13,19),(740,1,1,13,20),(741,1,1,13,21),(742,1,1,13,22),(743,1,1,13,23),(744,1,1,13,24),(745,1,1,13,25),(746,1,1,13,26),(747,1,1,13,27),(748,1,1,13,28),(749,1,1,13,29),(750,1,1,13,30),(751,1,1,13,31),(752,1,1,13,32),(753,1,1,13,33),(754,1,1,13,34),(755,1,1,13,35),(756,1,1,13,36),(757,1,1,13,37),(758,1,1,13,38),(759,1,1,13,39),(760,1,1,13,40),(761,2,1,13,41),(762,2,1,13,42),(763,2,1,13,43),(764,2,1,13,44),(765,2,1,13,45),(766,2,1,13,46),(767,2,1,13,47),(768,2,1,13,48),(769,2,1,13,49),(770,2,1,13,50),(771,2,1,13,51),(772,2,1,13,52),(773,2,1,13,53),(774,2,1,13,54),(775,2,1,13,55),(776,2,1,13,56),(777,2,1,13,57),(778,2,1,13,58),(779,2,1,13,59),(780,2,1,13,60),(781,1,1,14,1),(782,1,1,14,2),(783,1,1,14,3),(784,1,1,14,4),(785,1,1,14,5),(786,1,1,14,6),(787,1,1,14,7),(788,1,1,14,8),(789,1,1,14,9),(790,1,1,14,10),(791,1,1,14,11),(792,1,1,14,12),(793,1,1,14,13),(794,1,1,14,14),(795,1,1,14,15),(796,1,1,14,16),(797,1,1,14,17),(798,1,1,14,18),(799,1,1,14,19),(800,1,1,14,20),(801,1,1,14,21),(802,1,1,14,22),(803,1,1,14,23),(804,1,1,14,24),(805,1,1,14,25),(806,1,1,14,26),(807,1,1,14,27),(808,1,1,14,28),(809,1,1,14,29),(810,1,1,14,30),(811,1,1,14,31),(812,1,1,14,32),(813,1,1,14,33),(814,1,1,14,34),(815,1,1,14,35),(816,1,1,14,36),(817,1,1,14,37),(818,1,1,14,38),(819,1,1,14,39),(820,1,1,14,40),(821,2,1,14,41),(822,2,1,14,42),(823,2,1,14,43),(824,2,1,14,44),(825,2,1,14,45),(826,2,1,14,46),(827,2,1,14,47),(828,2,1,14,48),(829,2,1,14,49),(830,2,1,14,50),(831,2,1,14,51),(832,2,1,14,52),(833,2,1,14,53),(834,2,1,14,54),(835,2,1,14,55),(836,2,1,14,56),(837,2,1,14,57),(838,2,1,14,58),(839,2,1,14,59),(840,2,1,14,60),(841,1,1,15,1),(842,1,1,15,2),(843,1,1,15,3),(844,1,1,15,4),(845,1,1,15,5),(846,1,1,15,6),(847,1,1,15,7),(848,1,1,15,8),(849,1,1,15,9),(850,1,1,15,10),(851,1,1,15,11),(852,1,1,15,12),(853,1,1,15,13),(854,1,1,15,14),(855,1,1,15,15),(856,1,1,15,16),(857,1,1,15,17),(858,1,1,15,18),(859,1,1,15,19),(860,1,1,15,20),(861,1,1,15,21),(862,1,1,15,22),(863,1,1,15,23),(864,1,1,15,24),(865,1,1,15,25),(866,1,1,15,26),(867,1,1,15,27),(868,1,1,15,28),(869,1,1,15,29),(870,1,1,15,30),(871,1,1,15,31),(872,1,1,15,32),(873,1,1,15,33),(874,1,1,15,34),(875,1,1,15,35),(876,1,1,15,36),(877,1,1,15,37),(878,1,1,15,38),(879,1,1,15,39),(880,1,1,15,40),(881,2,1,15,41),(882,2,1,15,42),(883,2,1,15,43),(884,2,1,15,44),(885,2,1,15,45),(886,2,1,15,46),(887,2,1,15,47),(888,2,1,15,48),(889,2,1,15,49),(890,2,1,15,50),(891,2,1,15,51),(892,2,1,15,52),(893,2,1,15,53),(894,2,1,15,54),(895,2,1,15,55),(896,2,1,15,56),(897,2,1,15,57),(898,2,1,15,58),(899,2,1,15,59),(900,2,1,15,60),(901,1,1,16,1),(902,1,1,16,2),(903,1,1,16,3),(904,1,1,16,4),(905,1,1,16,5),(906,1,1,16,6),(907,1,1,16,7),(908,1,1,16,8),(909,1,1,16,9),(910,1,1,16,10),(911,1,1,16,11),(912,1,1,16,12),(913,1,1,16,13),(914,1,1,16,14),(915,1,1,16,15),(916,1,1,16,16),(917,1,1,16,17),(918,1,1,16,18),(919,1,1,16,19),(920,1,1,16,20),(921,1,1,16,21),(922,1,1,16,22),(923,1,1,16,23),(924,1,1,16,24),(925,1,1,16,25),(926,1,1,16,26),(927,1,1,16,27),(928,1,1,16,28),(929,1,1,16,29),(930,1,1,16,30),(931,1,1,16,31),(932,1,1,16,32),(933,1,1,16,33),(934,1,1,16,34),(935,1,1,16,35),(936,1,1,16,36),(937,1,1,16,37),(938,1,1,16,38),(939,1,1,16,39),(940,1,1,16,40),(941,2,1,16,41),(942,2,1,16,42),(943,2,1,16,43),(944,2,1,16,44),(945,2,1,16,45),(946,2,1,16,46),(947,2,1,16,47),(948,2,1,16,48),(949,2,1,16,49),(950,2,1,16,50),(951,2,1,16,51),(952,2,1,16,52),(953,2,1,16,53),(954,2,1,16,54),(955,2,1,16,55),(956,2,1,16,56),(957,2,1,16,57),(958,2,1,16,58),(959,2,1,16,59),(960,2,1,16,60),(961,1,1,17,1),(962,1,1,17,2),(963,1,1,17,3),(964,1,1,17,4),(965,1,1,17,5),(966,1,1,17,6),(967,1,1,17,7),(968,1,1,17,8),(969,1,1,17,9),(970,1,1,17,10),(971,1,1,17,11),(972,1,1,17,12),(973,1,1,17,13),(974,1,1,17,14),(975,1,1,17,15),(976,1,1,17,16),(977,1,1,17,17),(978,1,1,17,18),(979,1,1,17,19),(980,1,1,17,20),(981,1,1,17,21),(982,1,1,17,22),(983,1,1,17,23),(984,1,1,17,24),(985,1,1,17,25),(986,1,1,17,26),(987,1,1,17,27),(988,1,1,17,28),(989,1,1,17,29),(990,1,1,17,30),(991,1,1,17,31),(992,1,1,17,32),(993,1,1,17,33),(994,1,1,17,34),(995,1,1,17,35),(996,1,1,17,36),(997,1,1,17,37),(998,1,1,17,38),(999,1,1,17,39),(1000,1,1,17,40),(1001,2,1,17,41),(1002,2,1,17,42),(1003,2,1,17,43),(1004,2,1,17,44),(1005,2,1,17,45),(1006,2,1,17,46),(1007,2,1,17,47),(1008,2,1,17,48),(1009,2,1,17,49),(1010,2,1,17,50),(1011,2,1,17,51),(1012,2,1,17,52),(1013,2,1,17,53),(1014,2,1,17,54),(1015,2,1,17,55),(1016,2,1,17,56),(1017,2,1,17,57),(1018,2,1,17,58),(1019,2,1,17,59),(1020,2,1,17,60),(1021,1,1,18,1),(1022,1,1,18,2),(1023,1,1,18,3),(1024,1,1,18,4),(1025,1,1,18,5),(1026,1,1,18,6),(1027,1,1,18,7),(1028,1,1,18,8),(1029,1,1,18,9),(1030,1,1,18,10),(1031,1,1,18,11),(1032,1,1,18,12),(1033,1,1,18,13),(1034,1,1,18,14),(1035,1,1,18,15),(1036,1,1,18,16),(1037,1,1,18,17),(1038,1,1,18,18),(1039,1,1,18,19),(1040,1,1,18,20),(1041,1,1,18,21),(1042,1,1,18,22),(1043,1,1,18,23),(1044,1,1,18,24),(1045,1,1,18,25),(1046,1,1,18,26),(1047,1,1,18,27),(1048,1,1,18,28),(1049,1,1,18,29),(1050,1,1,18,30),(1051,1,1,18,31),(1052,1,1,18,32),(1053,1,1,18,33),(1054,1,1,18,34),(1055,1,1,18,35),(1056,1,1,18,36),(1057,1,1,18,37),(1058,1,1,18,38),(1059,1,1,18,39),(1060,1,1,18,40),(1061,2,1,18,41),(1062,2,1,18,42),(1063,2,1,18,43),(1064,2,1,18,44),(1065,2,1,18,45),(1066,2,1,18,46),(1067,2,1,18,47),(1068,2,1,18,48),(1069,2,1,18,49),(1070,2,1,18,50),(1071,2,1,18,51),(1072,2,1,18,52),(1073,2,1,18,53),(1074,2,1,18,54),(1075,2,1,18,55),(1076,2,1,18,56),(1077,2,1,18,57),(1078,2,1,18,58),(1079,2,1,18,59),(1080,2,1,18,60),(1081,1,1,19,1),(1082,1,1,19,2),(1083,1,1,19,3),(1084,1,1,19,4),(1085,1,1,19,5),(1086,1,1,19,6),(1087,1,1,19,7),(1088,1,1,19,8),(1089,1,1,19,9),(1090,1,1,19,10),(1091,1,1,19,11),(1092,1,1,19,12),(1093,1,1,19,13),(1094,1,1,19,14),(1095,1,1,19,15),(1096,1,1,19,16),(1097,1,1,19,17),(1098,1,1,19,18),(1099,1,1,19,19),(1100,1,1,19,20),(1101,1,1,19,21),(1102,1,1,19,22),(1103,1,1,19,23),(1104,1,1,19,24),(1105,1,1,19,25),(1106,1,1,19,26),(1107,1,1,19,27),(1108,1,1,19,28),(1109,1,1,19,29),(1110,1,1,19,30),(1111,1,1,19,31),(1112,1,1,19,32),(1113,1,1,19,33),(1114,1,1,19,34),(1115,1,1,19,35),(1116,1,1,19,36),(1117,1,1,19,37),(1118,1,1,19,38),(1119,1,1,19,39),(1120,1,1,19,40),(1121,2,1,19,41),(1122,2,1,19,42),(1123,2,1,19,43),(1124,2,1,19,44),(1125,2,1,19,45),(1126,2,1,19,46),(1127,2,1,19,47),(1128,2,1,19,48),(1129,2,1,19,49),(1130,2,1,19,50),(1131,2,1,19,51),(1132,2,1,19,52),(1133,2,1,19,53),(1134,2,1,19,54),(1135,2,1,19,55),(1136,2,1,19,56),(1137,2,1,19,57),(1138,2,1,19,58),(1139,2,1,19,59),(1140,2,1,19,60),(1141,1,1,20,1),(1142,1,1,20,2),(1143,1,1,20,3),(1144,1,1,20,4),(1145,1,1,20,5),(1146,1,1,20,6),(1147,1,1,20,7),(1148,1,1,20,8),(1149,1,1,20,9),(1150,1,1,20,10),(1151,1,1,20,11),(1152,1,1,20,12),(1153,1,1,20,13),(1154,1,1,20,14),(1155,1,1,20,15),(1156,1,1,20,16),(1157,1,1,20,17),(1158,1,1,20,18),(1159,1,1,20,19),(1160,1,1,20,20),(1161,1,1,20,21),(1162,1,1,20,22),(1163,1,1,20,23),(1164,1,1,20,24),(1165,1,1,20,25),(1166,1,1,20,26),(1167,1,1,20,27),(1168,1,1,20,28),(1169,1,1,20,29),(1170,1,1,20,30),(1171,1,1,20,31),(1172,1,1,20,32),(1173,1,1,20,33),(1174,1,1,20,34),(1175,1,1,20,35),(1176,1,1,20,36),(1177,1,1,20,37),(1178,1,1,20,38),(1179,1,1,20,39),(1180,1,1,20,40),(1181,2,1,20,41),(1182,2,1,20,42),(1183,2,1,20,43),(1184,2,1,20,44),(1185,2,1,20,45),(1186,2,1,20,46),(1187,2,1,20,47),(1188,2,1,20,48),(1189,2,1,20,49),(1190,2,1,20,50),(1191,2,1,20,51),(1192,2,1,20,52),(1193,2,1,20,53),(1194,2,1,20,54),(1195,2,1,20,55),(1196,2,1,20,56),(1197,2,1,20,57),(1198,2,1,20,58),(1199,2,1,20,59),(1200,2,1,20,60),(1201,1,1,21,1),(1202,1,1,21,2),(1203,1,1,21,3),(1204,1,1,21,4),(1205,1,1,21,5),(1206,1,1,21,6),(1207,1,1,21,7),(1208,1,1,21,8),(1209,1,1,21,9),(1210,1,1,21,10),(1211,1,1,21,11),(1212,1,1,21,12),(1213,1,1,21,13),(1214,1,1,21,14),(1215,1,1,21,15),(1216,1,1,21,16),(1217,1,1,21,17),(1218,1,1,21,18),(1219,1,1,21,19),(1220,1,1,21,20),(1221,1,1,21,21),(1222,1,1,21,22),(1223,1,1,21,23),(1224,1,1,21,24),(1225,1,1,21,25),(1226,1,1,21,26),(1227,1,1,21,27),(1228,1,1,21,28),(1229,1,1,21,29),(1230,1,1,21,30),(1231,1,1,21,31),(1232,1,1,21,32),(1233,1,1,21,33),(1234,1,1,21,34),(1235,1,1,21,35),(1236,1,1,21,36),(1237,1,1,21,37),(1238,1,1,21,38),(1239,1,1,21,39),(1240,1,1,21,40),(1241,2,1,21,41),(1242,2,1,21,42),(1243,2,1,21,43),(1244,2,1,21,44),(1245,2,1,21,45),(1246,2,1,21,46),(1247,2,1,21,47),(1248,2,1,21,48),(1249,2,1,21,49),(1250,2,1,21,50),(1251,2,1,21,51),(1252,2,1,21,52),(1253,2,1,21,53),(1254,2,1,21,54),(1255,2,1,21,55),(1256,2,1,21,56),(1257,2,1,21,57),(1258,2,1,21,58),(1259,2,1,21,59),(1260,2,1,21,60),(1261,1,1,22,1),(1262,1,1,22,2),(1263,1,1,22,3),(1264,1,1,22,4),(1265,1,1,22,5),(1266,1,1,22,6),(1267,1,1,22,7),(1268,1,1,22,8),(1269,1,1,22,9),(1270,1,1,22,10),(1271,1,1,22,11),(1272,1,1,22,12),(1273,1,1,22,13),(1274,1,1,22,14),(1275,1,1,22,15),(1276,1,1,22,16),(1277,1,1,22,17),(1278,1,1,22,18),(1279,1,1,22,19),(1280,1,1,22,20),(1281,1,1,22,21),(1282,1,1,22,22),(1283,1,1,22,23),(1284,1,1,22,24),(1285,1,1,22,25),(1286,1,1,22,26),(1287,1,1,22,27),(1288,1,1,22,28),(1289,1,1,22,29),(1290,1,1,22,30),(1291,1,1,22,31),(1292,1,1,22,32),(1293,1,1,22,33),(1294,1,1,22,34),(1295,1,1,22,35),(1296,1,1,22,36),(1297,1,1,22,37),(1298,1,1,22,38),(1299,1,1,22,39),(1300,1,1,22,40),(1301,2,1,22,41),(1302,2,1,22,42),(1303,2,1,22,43),(1304,2,1,22,44),(1305,2,1,22,45),(1306,2,1,22,46),(1307,2,1,22,47),(1308,2,1,22,48),(1309,2,1,22,49),(1310,2,1,22,50),(1311,2,1,22,51),(1312,2,1,22,52),(1313,2,1,22,53),(1314,2,1,22,54),(1315,2,1,22,55),(1316,2,1,22,56),(1317,2,1,22,57),(1318,2,1,22,58),(1319,2,1,22,59),(1320,2,1,22,60),(1321,1,1,23,1),(1322,1,1,23,2),(1323,1,1,23,3),(1324,1,1,23,4),(1325,1,1,23,5),(1326,1,1,23,6),(1327,1,1,23,7),(1328,1,1,23,8),(1329,1,1,23,9),(1330,1,1,23,10),(1331,1,1,23,11),(1332,1,1,23,12),(1333,1,1,23,13),(1334,1,1,23,14),(1335,1,1,23,15),(1336,1,1,23,16),(1337,1,1,23,17),(1338,1,1,23,18),(1339,1,1,23,19),(1340,1,1,23,20),(1341,1,1,23,21),(1342,1,1,23,22),(1343,1,1,23,23),(1344,1,1,23,24),(1345,1,1,23,25),(1346,1,1,23,26),(1347,1,1,23,27),(1348,1,1,23,28),(1349,1,1,23,29),(1350,1,1,23,30),(1351,1,1,23,31),(1352,1,1,23,32),(1353,1,1,23,33),(1354,1,1,23,34),(1355,1,1,23,35),(1356,1,1,23,36),(1357,1,1,23,37),(1358,1,1,23,38),(1359,1,1,23,39),(1360,1,1,23,40),(1361,2,1,23,41),(1362,2,1,23,42),(1363,2,1,23,43),(1364,2,1,23,44),(1365,2,1,23,45),(1366,2,1,23,46),(1367,2,1,23,47),(1368,2,1,23,48),(1369,2,1,23,49),(1370,2,1,23,50),(1371,2,1,23,51),(1372,2,1,23,52),(1373,2,1,23,53),(1374,2,1,23,54),(1375,2,1,23,55),(1376,2,1,23,56),(1377,2,1,23,57),(1378,2,1,23,58),(1379,2,1,23,59),(1380,2,1,23,60),(1381,1,1,24,1),(1382,1,1,24,2),(1383,1,1,24,3),(1384,1,1,24,4),(1385,1,1,24,5),(1386,1,1,24,6),(1387,1,1,24,7),(1388,1,1,24,8),(1389,1,1,24,9),(1390,1,1,24,10),(1391,1,1,24,11),(1392,1,1,24,12),(1393,1,1,24,13),(1394,1,1,24,14),(1395,1,1,24,15),(1396,1,1,24,16),(1397,1,1,24,17),(1398,1,1,24,18),(1399,1,1,24,19),(1400,1,1,24,20),(1401,1,1,24,21),(1402,1,1,24,22),(1403,1,1,24,23),(1404,1,1,24,24),(1405,1,1,24,25),(1406,1,1,24,26),(1407,1,1,24,27),(1408,1,1,24,28),(1409,1,1,24,29),(1410,1,1,24,30),(1411,1,1,24,31),(1412,1,1,24,32),(1413,1,1,24,33),(1414,1,1,24,34),(1415,1,1,24,35),(1416,1,1,24,36),(1417,1,1,24,37),(1418,1,1,24,38),(1419,1,1,24,39),(1420,1,1,24,40),(1421,2,1,24,41),(1422,2,1,24,42),(1423,2,1,24,43),(1424,2,1,24,44),(1425,2,1,24,45),(1426,2,1,24,46),(1427,2,1,24,47),(1428,2,1,24,48),(1429,2,1,24,49),(1430,2,1,24,50),(1431,2,1,24,51),(1432,2,1,24,52),(1433,2,1,24,53),(1434,2,1,24,54),(1435,2,1,24,55),(1436,2,1,24,56),(1437,2,1,24,57),(1438,2,1,24,58),(1439,2,1,24,59),(1440,2,1,24,60),(1441,1,1,25,1),(1442,1,1,25,2),(1443,1,1,25,3),(1444,1,1,25,4),(1445,1,1,25,5),(1446,1,1,25,6),(1447,1,1,25,7),(1448,1,1,25,8),(1449,1,1,25,9),(1450,1,1,25,10),(1451,1,1,25,11),(1452,1,1,25,12),(1453,1,1,25,13),(1454,1,1,25,14),(1455,1,1,25,15),(1456,1,1,25,16),(1457,1,1,25,17),(1458,1,1,25,18),(1459,1,1,25,19),(1460,1,1,25,20),(1461,1,1,25,21),(1462,1,1,25,22),(1463,1,1,25,23),(1464,1,1,25,24),(1465,1,1,25,25),(1466,1,1,25,26),(1467,1,1,25,27),(1468,1,1,25,28),(1469,1,1,25,29),(1470,1,1,25,30),(1471,1,1,25,31),(1472,1,1,25,32),(1473,1,1,25,33),(1474,1,1,25,34),(1475,1,1,25,35),(1476,1,1,25,36),(1477,1,1,25,37),(1478,1,1,25,38),(1479,1,1,25,39),(1480,1,1,25,40),(1481,2,1,25,41),(1482,2,1,25,42),(1483,2,1,25,43),(1484,2,1,25,44),(1485,2,1,25,45),(1486,2,1,25,46),(1487,2,1,25,47),(1488,2,1,25,48),(1489,2,1,25,49),(1490,2,1,25,50),(1491,2,1,25,51),(1492,2,1,25,52),(1493,2,1,25,53),(1494,2,1,25,54),(1495,2,1,25,55),(1496,2,1,25,56),(1497,2,1,25,57),(1498,2,1,25,58),(1499,2,1,25,59),(1500,2,1,25,60),(1501,1,1,26,1),(1502,1,1,26,2),(1503,1,1,26,3),(1504,1,1,26,4),(1505,1,1,26,5),(1506,1,1,26,6),(1507,1,1,26,7),(1508,1,1,26,8),(1509,1,1,26,9),(1510,1,1,26,10),(1511,1,1,26,11),(1512,1,1,26,12),(1513,1,1,26,13),(1514,1,1,26,14),(1515,1,1,26,15),(1516,1,1,26,16),(1517,1,1,26,17),(1518,1,1,26,18),(1519,1,1,26,19),(1520,1,1,26,20),(1521,1,1,26,21),(1522,1,1,26,22),(1523,1,1,26,23),(1524,1,1,26,24),(1525,1,1,26,25),(1526,1,1,26,26),(1527,1,1,26,27),(1528,1,1,26,28),(1529,1,1,26,29),(1530,1,1,26,30),(1531,1,1,26,31),(1532,1,1,26,32),(1533,1,1,26,33),(1534,1,1,26,34),(1535,1,1,26,35),(1536,1,1,26,36),(1537,1,1,26,37),(1538,1,1,26,38),(1539,1,1,26,39),(1540,1,1,26,40),(1541,2,1,26,41),(1542,2,1,26,42),(1543,2,1,26,43),(1544,2,1,26,44),(1545,2,1,26,45),(1546,2,1,26,46),(1547,2,1,26,47),(1548,2,1,26,48),(1549,2,1,26,49),(1550,2,1,26,50),(1551,2,1,26,51),(1552,2,1,26,52),(1553,2,1,26,53),(1554,2,1,26,54),(1555,2,1,26,55),(1556,2,1,26,56),(1557,2,1,26,57),(1558,2,1,26,58),(1559,2,1,26,59),(1560,2,1,26,60),(1561,1,1,27,1),(1562,1,1,27,2),(1563,1,1,27,3),(1564,1,1,27,4),(1565,1,1,27,5),(1566,1,1,27,6),(1567,1,1,27,7),(1568,1,1,27,8),(1569,1,1,27,9),(1570,1,1,27,10),(1571,1,1,27,11),(1572,1,1,27,12),(1573,1,1,27,13),(1574,1,1,27,14),(1575,1,1,27,15),(1576,1,1,27,16),(1577,1,1,27,17),(1578,1,1,27,18),(1579,1,1,27,19),(1580,1,1,27,20),(1581,1,1,27,21),(1582,1,1,27,22),(1583,1,1,27,23),(1584,1,1,27,24),(1585,1,1,27,25),(1586,1,1,27,26),(1587,1,1,27,27),(1588,1,1,27,28),(1589,1,1,27,29),(1590,1,1,27,30),(1591,1,1,27,31),(1592,1,1,27,32),(1593,1,1,27,33),(1594,1,1,27,34),(1595,1,1,27,35),(1596,1,1,27,36),(1597,1,1,27,37),(1598,1,1,27,38),(1599,1,1,27,39),(1600,1,1,27,40),(1601,2,1,27,41),(1602,2,1,27,42),(1603,2,1,27,43),(1604,2,1,27,44),(1605,2,1,27,45),(1606,2,1,27,46),(1607,2,1,27,47),(1608,2,1,27,48),(1609,2,1,27,49),(1610,2,1,27,50),(1611,2,1,27,51),(1612,2,1,27,52),(1613,2,1,27,53),(1614,2,1,27,54),(1615,2,1,27,55),(1616,2,1,27,56),(1617,2,1,27,57),(1618,2,1,27,58),(1619,2,1,27,59),(1620,2,1,27,60),(1621,1,1,28,1),(1622,1,1,28,2),(1623,1,1,28,3),(1624,1,1,28,4),(1625,1,1,28,5),(1626,1,1,28,6),(1627,1,1,28,7),(1628,1,1,28,8),(1629,1,1,28,9),(1630,1,1,28,10),(1631,1,1,28,11),(1632,1,1,28,12),(1633,1,1,28,13),(1634,1,1,28,14),(1635,1,1,28,15),(1636,1,1,28,16),(1637,1,1,28,17),(1638,1,1,28,18),(1639,1,1,28,19),(1640,1,1,28,20),(1641,1,1,28,21),(1642,1,1,28,22),(1643,1,1,28,23),(1644,1,1,28,24),(1645,1,1,28,25),(1646,1,1,28,26),(1647,1,1,28,27),(1648,1,1,28,28),(1649,1,1,28,29),(1650,1,1,28,30),(1651,1,1,28,31),(1652,1,1,28,32),(1653,1,1,28,33),(1654,1,1,28,34),(1655,1,1,28,35),(1656,1,1,28,36),(1657,1,1,28,37),(1658,1,1,28,38),(1659,1,1,28,39),(1660,1,1,28,40),(1661,2,1,28,41),(1662,2,1,28,42),(1663,2,1,28,43),(1664,2,1,28,44),(1665,2,1,28,45),(1666,2,1,28,46),(1667,2,1,28,47),(1668,2,1,28,48),(1669,2,1,28,49),(1670,2,1,28,50),(1671,2,1,28,51),(1672,2,1,28,52),(1673,2,1,28,53),(1674,2,1,28,54),(1675,2,1,28,55),(1676,2,1,28,56),(1677,2,1,28,57),(1678,2,1,28,58),(1679,2,1,28,59),(1680,2,1,28,60),(1681,1,1,29,1),(1682,1,1,29,2),(1683,1,1,29,3),(1684,1,1,29,4),(1685,1,1,29,5),(1686,1,1,29,6),(1687,1,1,29,7),(1688,1,1,29,8),(1689,1,1,29,9),(1690,1,1,29,10),(1691,1,1,29,11),(1692,1,1,29,12),(1693,1,1,29,13),(1694,1,1,29,14),(1695,1,1,29,15),(1696,1,1,29,16),(1697,1,1,29,17),(1698,1,1,29,18),(1699,1,1,29,19),(1700,1,1,29,20),(1701,1,1,29,21),(1702,1,1,29,22),(1703,1,1,29,23),(1704,1,1,29,24),(1705,1,1,29,25),(1706,1,1,29,26),(1707,1,1,29,27),(1708,1,1,29,28),(1709,1,1,29,29),(1710,1,1,29,30),(1711,1,1,29,31),(1712,1,1,29,32),(1713,1,1,29,33),(1714,1,1,29,34),(1715,1,1,29,35),(1716,1,1,29,36),(1717,1,1,29,37),(1718,1,1,29,38),(1719,1,1,29,39),(1720,1,1,29,40),(1721,2,1,29,41),(1722,2,1,29,42),(1723,2,1,29,43),(1724,2,1,29,44),(1725,2,1,29,45),(1726,2,1,29,46),(1727,2,1,29,47),(1728,2,1,29,48),(1729,2,1,29,49),(1730,2,1,29,50),(1731,2,1,29,51),(1732,2,1,29,52),(1733,2,1,29,53),(1734,2,1,29,54),(1735,2,1,29,55),(1736,2,1,29,56),(1737,2,1,29,57),(1738,2,1,29,58),(1739,2,1,29,59),(1740,2,1,29,60),(1741,1,1,30,1),(1742,1,1,30,2),(1743,1,1,30,3),(1744,1,1,30,4),(1745,1,1,30,5),(1746,1,1,30,6),(1747,1,1,30,7),(1748,1,1,30,8),(1749,1,1,30,9),(1750,1,1,30,10),(1751,1,1,30,11),(1752,1,1,30,12),(1753,1,1,30,13),(1754,1,1,30,14),(1755,1,1,30,15),(1756,1,1,30,16),(1757,1,1,30,17),(1758,1,1,30,18),(1759,1,1,30,19),(1760,1,1,30,20),(1761,1,1,30,21),(1762,1,1,30,22),(1763,1,1,30,23),(1764,1,1,30,24),(1765,1,1,30,25),(1766,1,1,30,26),(1767,1,1,30,27),(1768,1,1,30,28),(1769,1,1,30,29),(1770,1,1,30,30),(1771,1,1,30,31),(1772,1,1,30,32),(1773,1,1,30,33),(1774,1,1,30,34),(1775,1,1,30,35),(1776,1,1,30,36),(1777,1,1,30,37),(1778,1,1,30,38),(1779,1,1,30,39),(1780,1,1,30,40),(1781,2,1,30,41),(1782,2,1,30,42),(1783,2,1,30,43),(1784,2,1,30,44),(1785,2,1,30,45),(1786,2,1,30,46),(1787,2,1,30,47),(1788,2,1,30,48),(1789,2,1,30,49),(1790,2,1,30,50),(1791,2,1,30,51),(1792,2,1,30,52),(1793,2,1,30,53),(1794,2,1,30,54),(1795,2,1,30,55),(1796,2,1,30,56),(1797,2,1,30,57),(1798,2,1,30,58),(1799,2,1,30,59),(1800,2,1,30,60),(1801,1,1,31,1),(1802,1,1,31,2),(1803,1,1,31,3),(1804,1,1,31,4),(1805,1,1,31,5),(1806,1,1,31,6),(1807,1,1,31,7),(1808,1,1,31,8),(1809,1,1,31,9),(1810,1,1,31,10),(1811,1,1,31,11),(1812,1,1,31,12),(1813,1,1,31,13),(1814,1,1,31,14),(1815,1,1,31,15),(1816,1,1,31,16),(1817,1,1,31,17),(1818,1,1,31,18),(1819,1,1,31,19),(1820,1,1,31,20),(1821,1,1,31,21),(1822,1,1,31,22),(1823,1,1,31,23),(1824,1,1,31,24),(1825,1,1,31,25),(1826,1,1,31,26),(1827,1,1,31,27),(1828,1,1,31,28),(1829,1,1,31,29),(1830,1,1,31,30),(1831,1,1,31,31),(1832,1,1,31,32),(1833,1,1,31,33),(1834,1,1,31,34),(1835,1,1,31,35),(1836,1,1,31,36),(1837,1,1,31,37),(1838,1,1,31,38),(1839,1,1,31,39),(1840,1,1,31,40),(1841,2,1,31,41),(1842,2,1,31,42),(1843,2,1,31,43),(1844,2,1,31,44),(1845,2,1,31,45),(1846,2,1,31,46),(1847,2,1,31,47),(1848,2,1,31,48),(1849,2,1,31,49),(1850,2,1,31,50),(1851,2,1,31,51),(1852,2,1,31,52),(1853,2,1,31,53),(1854,2,1,31,54),(1855,2,1,31,55),(1856,2,1,31,56),(1857,2,1,31,57),(1858,2,1,31,58),(1859,2,1,31,59),(1860,2,1,31,60),(1861,1,1,32,1),(1862,1,1,32,2),(1863,1,1,32,3),(1864,1,1,32,4),(1865,1,1,32,5),(1866,1,1,32,6),(1867,1,1,32,7),(1868,1,1,32,8),(1869,1,1,32,9),(1870,1,1,32,10),(1871,1,1,32,11),(1872,1,1,32,12),(1873,1,1,32,13),(1874,1,1,32,14),(1875,1,1,32,15),(1876,1,1,32,16),(1877,1,1,32,17),(1878,1,1,32,18),(1879,1,1,32,19),(1880,1,1,32,20),(1881,1,1,32,21),(1882,1,1,32,22),(1883,1,1,32,23),(1884,1,1,32,24),(1885,1,1,32,25),(1886,1,1,32,26),(1887,1,1,32,27),(1888,1,1,32,28),(1889,1,1,32,29),(1890,1,1,32,30),(1891,1,1,32,31),(1892,1,1,32,32),(1893,1,1,32,33),(1894,1,1,32,34),(1895,1,1,32,35),(1896,1,1,32,36),(1897,1,1,32,37),(1898,1,1,32,38),(1899,1,1,32,39),(1900,1,1,32,40),(1901,2,1,32,41),(1902,2,1,32,42),(1903,2,1,32,43),(1904,2,1,32,44),(1905,2,1,32,45),(1906,2,1,32,46),(1907,2,1,32,47),(1908,2,1,32,48),(1909,2,1,32,49),(1910,2,1,32,50),(1911,2,1,32,51),(1912,2,1,32,52),(1913,2,1,32,53),(1914,2,1,32,54),(1915,2,1,32,55),(1916,2,1,32,56),(1917,2,1,32,57),(1918,2,1,32,58),(1919,2,1,32,59),(1920,2,1,32,60),(1921,1,1,33,1),(1922,1,1,33,2),(1923,1,1,33,3),(1924,1,1,33,4),(1925,1,1,33,5),(1926,1,1,33,6),(1927,1,1,33,7),(1928,1,1,33,8),(1929,1,1,33,9),(1930,1,1,33,10),(1931,1,1,33,11),(1932,1,1,33,12),(1933,1,1,33,13),(1934,1,1,33,14),(1935,1,1,33,15),(1936,1,1,33,16),(1937,1,1,33,17),(1938,1,1,33,18),(1939,1,1,33,19),(1940,1,1,33,20),(1941,1,1,33,21),(1942,1,1,33,22),(1943,1,1,33,23),(1944,1,1,33,24),(1945,1,1,33,25),(1946,1,1,33,26),(1947,1,1,33,27),(1948,1,1,33,28),(1949,1,1,33,29),(1950,1,1,33,30),(1951,1,1,33,31),(1952,1,1,33,32),(1953,1,1,33,33),(1954,1,1,33,34),(1955,1,1,33,35),(1956,1,1,33,36),(1957,1,1,33,37),(1958,1,1,33,38),(1959,1,1,33,39),(1960,1,1,33,40),(1961,2,1,33,41),(1962,2,1,33,42),(1963,2,1,33,43),(1964,2,1,33,44),(1965,2,1,33,45),(1966,2,1,33,46),(1967,2,1,33,47),(1968,2,1,33,48),(1969,2,1,33,49),(1970,2,1,33,50),(1971,2,1,33,51),(1972,2,1,33,52),(1973,2,1,33,53),(1974,2,1,33,54),(1975,2,1,33,55),(1976,2,1,33,56),(1977,2,1,33,57),(1978,2,1,33,58),(1979,2,1,33,59),(1980,2,1,33,60),(1981,1,1,34,1),(1982,1,1,34,2),(1983,1,1,34,3),(1984,1,1,34,4),(1985,1,1,34,5),(1986,1,1,34,6),(1987,1,1,34,7),(1988,1,1,34,8),(1989,1,1,34,9),(1990,1,1,34,10),(1991,1,1,34,11),(1992,1,1,34,12),(1993,1,1,34,13),(1994,1,1,34,14),(1995,1,1,34,15),(1996,1,1,34,16),(1997,1,1,34,17),(1998,1,1,34,18),(1999,1,1,34,19),(2000,1,1,34,20),(2001,1,1,34,21),(2002,1,1,34,22),(2003,1,1,34,23),(2004,1,1,34,24),(2005,1,1,34,25),(2006,1,1,34,26),(2007,1,1,34,27),(2008,1,1,34,28),(2009,1,1,34,29),(2010,1,1,34,30),(2011,1,1,34,31),(2012,1,1,34,32),(2013,1,1,34,33),(2014,1,1,34,34),(2015,1,1,34,35),(2016,1,1,34,36),(2017,1,1,34,37),(2018,1,1,34,38),(2019,1,1,34,39),(2020,1,1,34,40),(2021,2,1,34,41),(2022,2,1,34,42),(2023,2,1,34,43),(2024,2,1,34,44),(2025,2,1,34,45),(2026,2,1,34,46),(2027,2,1,34,47),(2028,2,1,34,48),(2029,2,1,34,49),(2030,2,1,34,50),(2031,2,1,34,51),(2032,2,1,34,52),(2033,2,1,34,53),(2034,2,1,34,54),(2035,2,1,34,55),(2036,2,1,34,56),(2037,2,1,34,57),(2038,2,1,34,58),(2039,2,1,34,59),(2040,2,1,34,60),(2041,1,1,35,1),(2042,1,1,35,2),(2043,1,1,35,3),(2044,1,1,35,4),(2045,1,1,35,5),(2046,1,1,35,6),(2047,1,1,35,7),(2048,1,1,35,8),(2049,1,1,35,9),(2050,1,1,35,10),(2051,1,1,35,11),(2052,1,1,35,12),(2053,1,1,35,13),(2054,1,1,35,14),(2055,1,1,35,15),(2056,1,1,35,16),(2057,1,1,35,17),(2058,1,1,35,18),(2059,1,1,35,19),(2060,1,1,35,20),(2061,1,1,35,21),(2062,1,1,35,22),(2063,1,1,35,23),(2064,1,1,35,24),(2065,1,1,35,25),(2066,1,1,35,26),(2067,1,1,35,27),(2068,1,1,35,28),(2069,1,1,35,29),(2070,1,1,35,30),(2071,1,1,35,31),(2072,1,1,35,32),(2073,1,1,35,33),(2074,1,1,35,34),(2075,1,1,35,35),(2076,1,1,35,36),(2077,1,1,35,37),(2078,1,1,35,38),(2079,1,1,35,39),(2080,1,1,35,40),(2081,2,1,35,41),(2082,2,1,35,42),(2083,2,1,35,43),(2084,2,1,35,44),(2085,2,1,35,45),(2086,2,1,35,46),(2087,2,1,35,47),(2088,2,1,35,48),(2089,2,1,35,49),(2090,2,1,35,50),(2091,2,1,35,51),(2092,2,1,35,52),(2093,2,1,35,53),(2094,2,1,35,54),(2095,2,1,35,55),(2096,2,1,35,56),(2097,2,1,35,57),(2098,2,1,35,58),(2099,2,1,35,59),(2100,2,1,35,60),(2101,1,1,36,1),(2102,1,1,36,2),(2103,1,1,36,3),(2104,1,1,36,4),(2105,1,1,36,5),(2106,1,1,36,6),(2107,1,1,36,7),(2108,1,1,36,8),(2109,1,1,36,9),(2110,1,1,36,10),(2111,1,1,36,11),(2112,1,1,36,12),(2113,1,1,36,13),(2114,1,1,36,14),(2115,1,1,36,15),(2116,1,1,36,16),(2117,1,1,36,17),(2118,1,1,36,18),(2119,1,1,36,19),(2120,1,1,36,20),(2121,1,1,36,21),(2122,1,1,36,22),(2123,1,1,36,23),(2124,1,1,36,24),(2125,1,1,36,25),(2126,1,1,36,26),(2127,1,1,36,27),(2128,1,1,36,28),(2129,1,1,36,29),(2130,1,1,36,30),(2131,1,1,36,31),(2132,1,1,36,32),(2133,1,1,36,33),(2134,1,1,36,34),(2135,1,1,36,35),(2136,1,1,36,36),(2137,1,1,36,37),(2138,1,1,36,38),(2139,1,1,36,39),(2140,1,1,36,40),(2141,2,1,36,41),(2142,2,1,36,42),(2143,2,1,36,43),(2144,2,1,36,44),(2145,2,1,36,45),(2146,2,1,36,46),(2147,2,1,36,47),(2148,2,1,36,48),(2149,2,1,36,49),(2150,2,1,36,50),(2151,2,1,36,51),(2152,2,1,36,52),(2153,2,1,36,53),(2154,2,1,36,54),(2155,2,1,36,55),(2156,2,1,36,56),(2157,2,1,36,57),(2158,2,1,36,58),(2159,2,1,36,59),(2160,2,1,36,60),(2161,1,1,37,1),(2162,1,1,37,2),(2163,1,1,37,3),(2164,1,1,37,4),(2165,1,1,37,5),(2166,1,1,37,6),(2167,1,1,37,7),(2168,1,1,37,8),(2169,1,1,37,9),(2170,1,1,37,10),(2171,1,1,37,11),(2172,1,1,37,12),(2173,1,1,37,13),(2174,1,1,37,14),(2175,1,1,37,15),(2176,1,1,37,16),(2177,1,1,37,17),(2178,1,1,37,18),(2179,1,1,37,19),(2180,1,1,37,20),(2181,1,1,37,21),(2182,1,1,37,22),(2183,1,1,37,23),(2184,1,1,37,24),(2185,1,1,37,25),(2186,1,1,37,26),(2187,1,1,37,27),(2188,1,1,37,28),(2189,1,1,37,29),(2190,1,1,37,30),(2191,1,1,37,31),(2192,1,1,37,32),(2193,1,1,37,33),(2194,1,1,37,34),(2195,1,1,37,35),(2196,1,1,37,36),(2197,1,1,37,37),(2198,1,1,37,38),(2199,1,1,37,39),(2200,1,1,37,40),(2201,2,1,37,41),(2202,2,1,37,42),(2203,2,1,37,43),(2204,2,1,37,44),(2205,2,1,37,45),(2206,2,1,37,46),(2207,2,1,37,47),(2208,2,1,37,48),(2209,2,1,37,49),(2210,2,1,37,50),(2211,2,1,37,51),(2212,2,1,37,52),(2213,2,1,37,53),(2214,2,1,37,54),(2215,2,1,37,55),(2216,2,1,37,56),(2217,2,1,37,57),(2218,2,1,37,58),(2219,2,1,37,59),(2220,2,1,37,60),(2221,1,1,38,1),(2222,1,1,38,2),(2223,1,1,38,3),(2224,1,1,38,4),(2225,1,1,38,5),(2226,1,1,38,6),(2227,1,1,38,7),(2228,1,1,38,8),(2229,1,1,38,9),(2230,1,1,38,10),(2231,1,1,38,11),(2232,1,1,38,12),(2233,1,1,38,13),(2234,1,1,38,14),(2235,1,1,38,15),(2236,1,1,38,16),(2237,1,1,38,17),(2238,1,1,38,18),(2239,1,1,38,19),(2240,1,1,38,20),(2241,1,1,38,21),(2242,1,1,38,22),(2243,1,1,38,23),(2244,1,1,38,24),(2245,1,1,38,25),(2246,1,1,38,26),(2247,1,1,38,27),(2248,1,1,38,28),(2249,1,1,38,29),(2250,1,1,38,30),(2251,1,1,38,31),(2252,1,1,38,32),(2253,1,1,38,33),(2254,1,1,38,34),(2255,1,1,38,35),(2256,1,1,38,36),(2257,1,1,38,37),(2258,1,1,38,38),(2259,1,1,38,39),(2260,1,1,38,40),(2261,2,1,38,41),(2262,2,1,38,42),(2263,2,1,38,43),(2264,2,1,38,44),(2265,2,1,38,45),(2266,2,1,38,46),(2267,2,1,38,47),(2268,2,1,38,48),(2269,2,1,38,49),(2270,2,1,38,50),(2271,2,1,38,51),(2272,2,1,38,52),(2273,2,1,38,53),(2274,2,1,38,54),(2275,2,1,38,55),(2276,2,1,38,56),(2277,2,1,38,57),(2278,2,1,38,58),(2279,2,1,38,59),(2280,2,1,38,60),(2281,1,1,39,1),(2282,1,1,39,2),(2283,1,1,39,3),(2284,1,1,39,4),(2285,1,1,39,5),(2286,1,1,39,6),(2287,1,1,39,7),(2288,1,1,39,8),(2289,1,1,39,9),(2290,1,1,39,10),(2291,1,1,39,11),(2292,1,1,39,12),(2293,1,1,39,13),(2294,1,1,39,14),(2295,1,1,39,15),(2296,1,1,39,16),(2297,1,1,39,17),(2298,1,1,39,18),(2299,1,1,39,19),(2300,1,1,39,20),(2301,1,1,39,21),(2302,1,1,39,22),(2303,1,1,39,23),(2304,1,1,39,24),(2305,1,1,39,25),(2306,1,1,39,26),(2307,1,1,39,27),(2308,1,1,39,28),(2309,1,1,39,29),(2310,1,1,39,30),(2311,1,1,39,31),(2312,1,1,39,32),(2313,1,1,39,33),(2314,1,1,39,34),(2315,1,1,39,35),(2316,1,1,39,36),(2317,1,1,39,37),(2318,1,1,39,38),(2319,1,1,39,39),(2320,1,1,39,40),(2321,2,1,39,41),(2322,2,1,39,42),(2323,2,1,39,43),(2324,2,1,39,44),(2325,2,1,39,45),(2326,2,1,39,46),(2327,2,1,39,47),(2328,2,1,39,48),(2329,2,1,39,49),(2330,2,1,39,50),(2331,2,1,39,51),(2332,2,1,39,52),(2333,2,1,39,53),(2334,2,1,39,54),(2335,2,1,39,55),(2336,2,1,39,56),(2337,2,1,39,57),(2338,2,1,39,58),(2339,2,1,39,59),(2340,2,1,39,60),(2341,1,1,40,1),(2342,1,1,40,2),(2343,1,1,40,3),(2344,1,1,40,4),(2345,1,1,40,5),(2346,1,1,40,6),(2347,1,1,40,7),(2348,1,1,40,8),(2349,1,1,40,9),(2350,1,1,40,10),(2351,1,1,40,11),(2352,1,1,40,12),(2353,1,1,40,13),(2354,1,1,40,14),(2355,1,1,40,15),(2356,1,1,40,16),(2357,1,1,40,17),(2358,1,1,40,18),(2359,1,1,40,19),(2360,1,1,40,20),(2361,1,1,40,21),(2362,1,1,40,22),(2363,1,1,40,23),(2364,1,1,40,24),(2365,1,1,40,25),(2366,1,1,40,26),(2367,1,1,40,27),(2368,1,1,40,28),(2369,1,1,40,29),(2370,1,1,40,30),(2371,1,1,40,31),(2372,1,1,40,32),(2373,1,1,40,33),(2374,1,1,40,34),(2375,1,1,40,35),(2376,1,1,40,36),(2377,1,1,40,37),(2378,1,1,40,38),(2379,1,1,40,39),(2380,1,1,40,40),(2381,2,1,40,41),(2382,2,1,40,42),(2383,2,1,40,43),(2384,2,1,40,44),(2385,2,1,40,45),(2386,2,1,40,46),(2387,2,1,40,47),(2388,2,1,40,48),(2389,2,1,40,49),(2390,2,1,40,50),(2391,2,1,40,51),(2392,2,1,40,52),(2393,2,1,40,53),(2394,2,1,40,54),(2395,2,1,40,55),(2396,2,1,40,56),(2397,2,1,40,57),(2398,2,1,40,58),(2399,2,1,40,59),(2400,2,1,40,60),(2401,1,1,41,1),(2402,1,1,41,2),(2403,1,1,41,3),(2404,1,1,41,4),(2405,1,1,41,5),(2406,1,1,41,6),(2407,1,1,41,7),(2408,1,1,41,8),(2409,1,1,41,9),(2410,1,1,41,10),(2411,1,1,41,11),(2412,1,1,41,12),(2413,1,1,41,13),(2414,1,1,41,14),(2415,1,1,41,15),(2416,1,1,41,16),(2417,1,1,41,17),(2418,1,1,41,18),(2419,1,1,41,19),(2420,1,1,41,20),(2421,1,1,41,21),(2422,1,1,41,22),(2423,1,1,41,23),(2424,1,1,41,24),(2425,1,1,41,25),(2426,1,1,41,26),(2427,1,1,41,27),(2428,1,1,41,28),(2429,1,1,41,29),(2430,1,1,41,30),(2431,1,1,41,31),(2432,1,1,41,32),(2433,1,1,41,33),(2434,1,1,41,34),(2435,1,1,41,35),(2436,1,1,41,36),(2437,1,1,41,37),(2438,1,1,41,38),(2439,1,1,41,39),(2440,1,1,41,40),(2441,2,1,41,41),(2442,2,1,41,42),(2443,2,1,41,43),(2444,2,1,41,44),(2445,2,1,41,45),(2446,2,1,41,46),(2447,2,1,41,47),(2448,2,1,41,48),(2449,2,1,41,49),(2450,2,1,41,50),(2451,2,1,41,51),(2452,2,1,41,52),(2453,2,1,41,53),(2454,2,1,41,54),(2455,2,1,41,55),(2456,2,1,41,56),(2457,2,1,41,57),(2458,2,1,41,58),(2459,2,1,41,59),(2460,2,1,41,60),(2461,1,1,42,1),(2462,1,1,42,2),(2463,1,1,42,3),(2464,1,1,42,4),(2465,1,1,42,5),(2466,1,1,42,6),(2467,1,1,42,7),(2468,1,1,42,8),(2469,1,1,42,9),(2470,1,1,42,10),(2471,1,1,42,11),(2472,1,1,42,12),(2473,1,1,42,13),(2474,1,1,42,14),(2475,1,1,42,15),(2476,1,1,42,16),(2477,1,1,42,17),(2478,1,1,42,18),(2479,1,1,42,19),(2480,1,1,42,20),(2481,1,1,42,21),(2482,1,1,42,22),(2483,1,1,42,23),(2484,1,1,42,24),(2485,1,1,42,25),(2486,1,1,42,26),(2487,1,1,42,27),(2488,1,1,42,28),(2489,1,1,42,29),(2490,1,1,42,30),(2491,1,1,42,31),(2492,1,1,42,32),(2493,1,1,42,33),(2494,1,1,42,34),(2495,1,1,42,35),(2496,1,1,42,36),(2497,1,1,42,37),(2498,1,1,42,38),(2499,1,1,42,39),(2500,1,1,42,40),(2501,2,1,42,41),(2502,2,1,42,42),(2503,2,1,42,43),(2504,2,1,42,44),(2505,2,1,42,45),(2506,2,1,42,46),(2507,2,1,42,47),(2508,2,1,42,48),(2509,2,1,42,49),(2510,2,1,42,50),(2511,2,1,42,51),(2512,2,1,42,52),(2513,2,1,42,53),(2514,2,1,42,54),(2515,2,1,42,55),(2516,2,1,42,56),(2517,2,1,42,57),(2518,2,1,42,58),(2519,2,1,42,59),(2520,2,1,42,60),(2521,1,1,43,1),(2522,1,1,43,2),(2523,1,1,43,3),(2524,1,1,43,4),(2525,1,1,43,5),(2526,1,1,43,6),(2527,1,1,43,7),(2528,1,1,43,8),(2529,1,1,43,9),(2530,1,1,43,10),(2531,1,1,43,11),(2532,1,1,43,12),(2533,1,1,43,13),(2534,1,1,43,14),(2535,1,1,43,15),(2536,1,1,43,16),(2537,1,1,43,17),(2538,1,1,43,18),(2539,1,1,43,19),(2540,1,1,43,20),(2541,1,1,43,21),(2542,1,1,43,22),(2543,1,1,43,23),(2544,1,1,43,24),(2545,1,1,43,25),(2546,1,1,43,26),(2547,1,1,43,27),(2548,1,1,43,28),(2549,1,1,43,29),(2550,1,1,43,30),(2551,1,1,43,31),(2552,1,1,43,32),(2553,1,1,43,33),(2554,1,1,43,34),(2555,1,1,43,35),(2556,1,1,43,36),(2557,1,1,43,37),(2558,1,1,43,38),(2559,1,1,43,39),(2560,1,1,43,40),(2561,2,1,43,41),(2562,2,1,43,42),(2563,2,1,43,43),(2564,2,1,43,44),(2565,2,1,43,45),(2566,2,1,43,46),(2567,2,1,43,47),(2568,2,1,43,48),(2569,2,1,43,49),(2570,2,1,43,50),(2571,2,1,43,51),(2572,2,1,43,52),(2573,2,1,43,53),(2574,2,1,43,54),(2575,2,1,43,55),(2576,2,1,43,56),(2577,2,1,43,57),(2578,2,1,43,58),(2579,2,1,43,59),(2580,2,1,43,60),(2581,1,1,44,1),(2582,1,1,44,2),(2583,1,1,44,3),(2584,1,1,44,4),(2585,1,1,44,5),(2586,1,1,44,6),(2587,1,1,44,7),(2588,1,1,44,8),(2589,1,1,44,9),(2590,1,1,44,10),(2591,1,1,44,11),(2592,1,1,44,12),(2593,1,1,44,13),(2594,1,1,44,14),(2595,1,1,44,15),(2596,1,1,44,16),(2597,1,1,44,17),(2598,1,1,44,18),(2599,1,1,44,19),(2600,1,1,44,20),(2601,1,1,44,21),(2602,1,1,44,22),(2603,1,1,44,23),(2604,1,1,44,24),(2605,1,1,44,25),(2606,1,1,44,26),(2607,1,1,44,27),(2608,1,1,44,28),(2609,1,1,44,29),(2610,1,1,44,30),(2611,1,1,44,31),(2612,1,1,44,32),(2613,1,1,44,33),(2614,1,1,44,34),(2615,1,1,44,35),(2616,1,1,44,36),(2617,1,1,44,37),(2618,1,1,44,38),(2619,1,1,44,39),(2620,1,1,44,40),(2621,2,1,44,41),(2622,2,1,44,42),(2623,2,1,44,43),(2624,2,1,44,44),(2625,2,1,44,45),(2626,2,1,44,46),(2627,2,1,44,47),(2628,2,1,44,48),(2629,2,1,44,49),(2630,2,1,44,50),(2631,2,1,44,51),(2632,2,1,44,52),(2633,2,1,44,53),(2634,2,1,44,54),(2635,2,1,44,55),(2636,2,1,44,56),(2637,2,1,44,57),(2638,2,1,44,58),(2639,2,1,44,59),(2640,2,1,44,60),(2641,1,1,45,1),(2642,1,1,45,2),(2643,1,1,45,3),(2644,1,1,45,4),(2645,1,1,45,5),(2646,1,1,45,6),(2647,1,1,45,7),(2648,1,1,45,8),(2649,1,1,45,9),(2650,1,1,45,10),(2651,1,1,45,11),(2652,1,1,45,12),(2653,1,1,45,13),(2654,1,1,45,14),(2655,1,1,45,15),(2656,1,1,45,16),(2657,1,1,45,17),(2658,1,1,45,18),(2659,1,1,45,19),(2660,1,1,45,20),(2661,1,1,45,21),(2662,1,1,45,22),(2663,1,1,45,23),(2664,1,1,45,24),(2665,1,1,45,25),(2666,1,1,45,26),(2667,1,1,45,27),(2668,1,1,45,28),(2669,1,1,45,29),(2670,1,1,45,30),(2671,1,1,45,31),(2672,1,1,45,32),(2673,1,1,45,33),(2674,1,1,45,34),(2675,1,1,45,35),(2676,1,1,45,36),(2677,1,1,45,37),(2678,1,1,45,38),(2679,1,1,45,39),(2680,1,1,45,40),(2681,2,1,45,41),(2682,2,1,45,42),(2683,2,1,45,43),(2684,2,1,45,44),(2685,2,1,45,45),(2686,2,1,45,46),(2687,2,1,45,47),(2688,2,1,45,48),(2689,2,1,45,49),(2690,2,1,45,50),(2691,2,1,45,51),(2692,2,1,45,52),(2693,2,1,45,53),(2694,2,1,45,54),(2695,2,1,45,55),(2696,2,1,45,56),(2697,2,1,45,57),(2698,2,1,45,58),(2699,2,1,45,59),(2700,2,1,45,60),(2701,1,1,46,1),(2702,1,1,46,2),(2703,1,1,46,3),(2704,1,1,46,4),(2705,1,1,46,5),(2706,1,1,46,6),(2707,1,1,46,7),(2708,1,1,46,8),(2709,1,1,46,9),(2710,1,1,46,10),(2711,1,1,46,11),(2712,1,1,46,12),(2713,1,1,46,13),(2714,1,1,46,14),(2715,1,1,46,15),(2716,1,1,46,16),(2717,1,1,46,17),(2718,1,1,46,18),(2719,1,1,46,19),(2720,1,1,46,20),(2721,1,1,46,21),(2722,1,1,46,22),(2723,1,1,46,23),(2724,1,1,46,24),(2725,1,1,46,25),(2726,1,1,46,26),(2727,1,1,46,27),(2728,1,1,46,28),(2729,1,1,46,29),(2730,1,1,46,30),(2731,1,1,46,31),(2732,1,1,46,32),(2733,1,1,46,33),(2734,1,1,46,34),(2735,1,1,46,35),(2736,1,1,46,36),(2737,1,1,46,37),(2738,1,1,46,38),(2739,1,1,46,39),(2740,1,1,46,40),(2741,2,1,46,41),(2742,2,1,46,42),(2743,2,1,46,43),(2744,2,1,46,44),(2745,2,1,46,45),(2746,2,1,46,46),(2747,2,1,46,47),(2748,2,1,46,48),(2749,2,1,46,49),(2750,2,1,46,50),(2751,2,1,46,51),(2752,2,1,46,52),(2753,2,1,46,53),(2754,2,1,46,54),(2755,2,1,46,55),(2756,2,1,46,56),(2757,2,1,46,57),(2758,2,1,46,58),(2759,2,1,46,59),(2760,2,1,46,60),(2761,1,1,47,1),(2762,1,1,47,2),(2763,1,1,47,3),(2764,1,1,47,4),(2765,1,1,47,5),(2766,1,1,47,6),(2767,1,1,47,7),(2768,1,1,47,8),(2769,1,1,47,9),(2770,1,1,47,10),(2771,1,1,47,11),(2772,1,1,47,12),(2773,1,1,47,13),(2774,1,1,47,14),(2775,1,1,47,15),(2776,1,1,47,16),(2777,1,1,47,17),(2778,1,1,47,18),(2779,1,1,47,19),(2780,1,1,47,20),(2781,1,1,47,21),(2782,1,1,47,22),(2783,1,1,47,23),(2784,1,1,47,24),(2785,1,1,47,25),(2786,1,1,47,26),(2787,1,1,47,27),(2788,1,1,47,28),(2789,1,1,47,29),(2790,1,1,47,30),(2791,1,1,47,31),(2792,1,1,47,32),(2793,1,1,47,33),(2794,1,1,47,34),(2795,1,1,47,35),(2796,1,1,47,36),(2797,1,1,47,37),(2798,1,1,47,38),(2799,1,1,47,39),(2800,1,1,47,40),(2801,2,1,47,41),(2802,2,1,47,42),(2803,2,1,47,43),(2804,2,1,47,44),(2805,2,1,47,45),(2806,2,1,47,46),(2807,2,1,47,47),(2808,2,1,47,48),(2809,2,1,47,49),(2810,2,1,47,50),(2811,2,1,47,51),(2812,2,1,47,52),(2813,2,1,47,53),(2814,2,1,47,54),(2815,2,1,47,55),(2816,2,1,47,56),(2817,2,1,47,57),(2818,2,1,47,58),(2819,2,1,47,59),(2820,2,1,47,60),(2821,1,1,48,1),(2822,1,1,48,2),(2823,1,1,48,3),(2824,1,1,48,4),(2825,1,1,48,5),(2826,1,1,48,6),(2827,1,1,48,7),(2828,1,1,48,8),(2829,1,1,48,9),(2830,1,1,48,10),(2831,1,1,48,11),(2832,1,1,48,12),(2833,1,1,48,13),(2834,1,1,48,14),(2835,1,1,48,15),(2836,1,1,48,16),(2837,1,1,48,17),(2838,1,1,48,18),(2839,1,1,48,19),(2840,1,1,48,20),(2841,1,1,48,21),(2842,1,1,48,22),(2843,1,1,48,23),(2844,1,1,48,24),(2845,1,1,48,25),(2846,1,1,48,26),(2847,1,1,48,27),(2848,1,1,48,28),(2849,1,1,48,29),(2850,1,1,48,30),(2851,1,1,48,31),(2852,1,1,48,32),(2853,1,1,48,33),(2854,1,1,48,34),(2855,1,1,48,35),(2856,1,1,48,36),(2857,1,1,48,37),(2858,1,1,48,38),(2859,1,1,48,39),(2860,1,1,48,40),(2861,2,1,48,41),(2862,2,1,48,42),(2863,2,1,48,43),(2864,2,1,48,44),(2865,2,1,48,45),(2866,2,1,48,46),(2867,2,1,48,47),(2868,2,1,48,48),(2869,2,1,48,49),(2870,2,1,48,50),(2871,2,1,48,51),(2872,2,1,48,52),(2873,2,1,48,53),(2874,2,1,48,54),(2875,2,1,48,55),(2876,2,1,48,56),(2877,2,1,48,57),(2878,2,1,48,58),(2879,2,1,48,59),(2880,2,1,48,60),(2881,1,1,49,1),(2882,1,1,49,2),(2883,1,1,49,3),(2884,1,1,49,4),(2885,1,1,49,5),(2886,1,1,49,6),(2887,1,1,49,7),(2888,1,1,49,8),(2889,1,1,49,9),(2890,1,1,49,10),(2891,1,1,49,11),(2892,1,1,49,12),(2893,1,1,49,13),(2894,1,1,49,14),(2895,1,1,49,15),(2896,1,1,49,16),(2897,1,1,49,17),(2898,1,1,49,18),(2899,1,1,49,19),(2900,1,1,49,20),(2901,1,1,49,21),(2902,1,1,49,22),(2903,1,1,49,23),(2904,1,1,49,24),(2905,1,1,49,25),(2906,1,1,49,26),(2907,1,1,49,27),(2908,1,1,49,28),(2909,1,1,49,29),(2910,1,1,49,30),(2911,1,1,49,31),(2912,1,1,49,32),(2913,1,1,49,33),(2914,1,1,49,34),(2915,1,1,49,35),(2916,1,1,49,36),(2917,1,1,49,37),(2918,1,1,49,38),(2919,1,1,49,39),(2920,1,1,49,40),(2921,2,1,49,41),(2922,2,1,49,42),(2923,2,1,49,43),(2924,2,1,49,44),(2925,2,1,49,45),(2926,2,1,49,46),(2927,2,1,49,47),(2928,2,1,49,48),(2929,2,1,49,49),(2930,2,1,49,50),(2931,2,1,49,51),(2932,2,1,49,52),(2933,2,1,49,53),(2934,2,1,49,54),(2935,2,1,49,55),(2936,2,1,49,56),(2937,2,1,49,57),(2938,2,1,49,58),(2939,2,1,49,59),(2940,2,1,49,60),(2941,1,1,50,1),(2942,1,1,50,2),(2943,1,1,50,3),(2944,1,1,50,4),(2945,1,1,50,5),(2946,1,1,50,6),(2947,1,1,50,7),(2948,1,1,50,8),(2949,1,1,50,9),(2950,1,1,50,10),(2951,1,1,50,11),(2952,1,1,50,12),(2953,1,1,50,13),(2954,1,1,50,14),(2955,1,1,50,15),(2956,1,1,50,16),(2957,1,1,50,17),(2958,1,1,50,18),(2959,1,1,50,19),(2960,1,1,50,20),(2961,1,1,50,21),(2962,1,1,50,22),(2963,1,1,50,23),(2964,1,1,50,24),(2965,1,1,50,25),(2966,1,1,50,26),(2967,1,1,50,27),(2968,1,1,50,28),(2969,1,1,50,29),(2970,1,1,50,30),(2971,1,1,50,31),(2972,1,1,50,32),(2973,1,1,50,33),(2974,1,1,50,34),(2975,1,1,50,35),(2976,1,1,50,36),(2977,1,1,50,37),(2978,1,1,50,38),(2979,1,1,50,39),(2980,1,1,50,40),(2981,2,1,50,41),(2982,2,1,50,42),(2983,2,1,50,43),(2984,2,1,50,44),(2985,2,1,50,45),(2986,2,1,50,46),(2987,2,1,50,47),(2988,2,1,50,48),(2989,2,1,50,49),(2990,2,1,50,50),(2991,2,1,50,51),(2992,2,1,50,52),(2993,2,1,50,53),(2994,2,1,50,54),(2995,2,1,50,55),(2996,2,1,50,56),(2997,2,1,50,57),(2998,2,1,50,58),(2999,2,1,50,59),(3000,2,1,50,60),(3001,1,1,51,1),(3002,1,1,51,2),(3003,1,1,51,3),(3004,1,1,51,4),(3005,1,1,51,5),(3006,1,1,51,6),(3007,1,1,51,7),(3008,1,1,51,8),(3009,1,1,51,9),(3010,1,1,51,10),(3011,1,1,51,11),(3012,1,1,51,12),(3013,1,1,51,13),(3014,1,1,51,14),(3015,1,1,51,15),(3016,1,1,51,16),(3017,1,1,51,17),(3018,1,1,51,18),(3019,1,1,51,19),(3020,1,1,51,20),(3021,1,1,51,21),(3022,1,1,51,22),(3023,1,1,51,23),(3024,1,1,51,24),(3025,1,1,51,25),(3026,1,1,51,26),(3027,1,1,51,27),(3028,1,1,51,28),(3029,1,1,51,29),(3030,1,1,51,30),(3031,1,1,51,31),(3032,1,1,51,32),(3033,1,1,51,33),(3034,1,1,51,34),(3035,1,1,51,35),(3036,1,1,51,36),(3037,1,1,51,37),(3038,1,1,51,38),(3039,1,1,51,39),(3040,1,1,51,40),(3041,2,1,51,41),(3042,2,1,51,42),(3043,2,1,51,43),(3044,2,1,51,44),(3045,2,1,51,45),(3046,2,1,51,46),(3047,2,1,51,47),(3048,2,1,51,48),(3049,2,1,51,49),(3050,2,1,51,50),(3051,2,1,51,51),(3052,2,1,51,52),(3053,2,1,51,53),(3054,2,1,51,54),(3055,2,1,51,55),(3056,2,1,51,56),(3057,2,1,51,57),(3058,2,1,51,58),(3059,2,1,51,59),(3060,2,1,51,60),(3061,1,1,52,1),(3062,1,1,52,2),(3063,1,1,52,3),(3064,1,1,52,4),(3065,1,1,52,5),(3066,1,1,52,6),(3067,1,1,52,7),(3068,1,1,52,8),(3069,1,1,52,9),(3070,1,1,52,10),(3071,1,1,52,11),(3072,1,1,52,12),(3073,1,1,52,13),(3074,1,1,52,14),(3075,1,1,52,15),(3076,1,1,52,16),(3077,1,1,52,17),(3078,1,1,52,18),(3079,1,1,52,19),(3080,1,1,52,20),(3081,1,1,52,21),(3082,1,1,52,22),(3083,1,1,52,23),(3084,1,1,52,24),(3085,1,1,52,25),(3086,1,1,52,26),(3087,1,1,52,27),(3088,1,1,52,28),(3089,1,1,52,29),(3090,1,1,52,30),(3091,1,1,52,31),(3092,1,1,52,32),(3093,1,1,52,33),(3094,1,1,52,34),(3095,1,1,52,35),(3096,1,1,52,36),(3097,1,1,52,37),(3098,1,1,52,38),(3099,1,1,52,39),(3100,1,1,52,40),(3101,2,1,52,41),(3102,2,1,52,42),(3103,2,1,52,43),(3104,2,1,52,44),(3105,2,1,52,45),(3106,2,1,52,46),(3107,2,1,52,47),(3108,2,1,52,48),(3109,2,1,52,49),(3110,2,1,52,50),(3111,2,1,52,51),(3112,2,1,52,52),(3113,2,1,52,53),(3114,2,1,52,54),(3115,2,1,52,55),(3116,2,1,52,56),(3117,2,1,52,57),(3118,2,1,52,58),(3119,2,1,52,59),(3120,2,1,52,60),(3121,1,1,53,1),(3122,1,1,53,2),(3123,1,1,53,3),(3124,1,1,53,4),(3125,1,1,53,5),(3126,1,1,53,6),(3127,1,1,53,7),(3128,1,1,53,8),(3129,1,1,53,9),(3130,1,1,53,10),(3131,1,1,53,11),(3132,1,1,53,12),(3133,1,1,53,13),(3134,1,1,53,14),(3135,1,1,53,15),(3136,1,1,53,16),(3137,1,1,53,17),(3138,1,1,53,18),(3139,1,1,53,19),(3140,1,1,53,20),(3141,1,1,53,21),(3142,1,1,53,22),(3143,1,1,53,23),(3144,1,1,53,24),(3145,1,1,53,25),(3146,1,1,53,26),(3147,1,1,53,27),(3148,1,1,53,28),(3149,1,1,53,29),(3150,1,1,53,30),(3151,1,1,53,31),(3152,1,1,53,32),(3153,1,1,53,33),(3154,1,1,53,34),(3155,1,1,53,35),(3156,1,1,53,36),(3157,1,1,53,37),(3158,1,1,53,38),(3159,1,1,53,39),(3160,1,1,53,40),(3161,2,1,53,41),(3162,2,1,53,42),(3163,2,1,53,43),(3164,2,1,53,44),(3165,2,1,53,45),(3166,2,1,53,46),(3167,2,1,53,47),(3168,2,1,53,48),(3169,2,1,53,49),(3170,2,1,53,50),(3171,2,1,53,51),(3172,2,1,53,52),(3173,2,1,53,53),(3174,2,1,53,54),(3175,2,1,53,55),(3176,2,1,53,56),(3177,2,1,53,57),(3178,2,1,53,58),(3179,2,1,53,59),(3180,2,1,53,60),(3181,1,1,54,1),(3182,1,1,54,2),(3183,1,1,54,3),(3184,1,1,54,4),(3185,1,1,54,5),(3186,1,1,54,6),(3187,1,1,54,7),(3188,1,1,54,8),(3189,1,1,54,9),(3190,1,1,54,10),(3191,1,1,54,11),(3192,1,1,54,12),(3193,1,1,54,13),(3194,1,1,54,14),(3195,1,1,54,15),(3196,1,1,54,16),(3197,1,1,54,17),(3198,1,1,54,18),(3199,1,1,54,19),(3200,1,1,54,20),(3201,1,1,54,21),(3202,1,1,54,22),(3203,1,1,54,23),(3204,1,1,54,24),(3205,1,1,54,25),(3206,1,1,54,26),(3207,1,1,54,27),(3208,1,1,54,28),(3209,1,1,54,29),(3210,1,1,54,30),(3211,1,1,54,31),(3212,1,1,54,32),(3213,1,1,54,33),(3214,1,1,54,34),(3215,1,1,54,35),(3216,1,1,54,36),(3217,1,1,54,37),(3218,1,1,54,38),(3219,1,1,54,39),(3220,1,1,54,40),(3221,2,1,54,41),(3222,2,1,54,42),(3223,2,1,54,43),(3224,2,1,54,44),(3225,2,1,54,45),(3226,2,1,54,46),(3227,2,1,54,47),(3228,2,1,54,48),(3229,2,1,54,49),(3230,2,1,54,50),(3231,2,1,54,51),(3232,2,1,54,52),(3233,2,1,54,53),(3234,2,1,54,54),(3235,2,1,54,55),(3236,2,1,54,56),(3237,2,1,54,57),(3238,2,1,54,58),(3239,2,1,54,59),(3240,2,1,54,60),(3241,1,1,55,1),(3242,1,1,55,2),(3243,1,1,55,3),(3244,1,1,55,4),(3245,1,1,55,5),(3246,1,1,55,6),(3247,1,1,55,7),(3248,1,1,55,8),(3249,1,1,55,9),(3250,1,1,55,10),(3251,1,1,55,11),(3252,1,1,55,12),(3253,1,1,55,13),(3254,1,1,55,14),(3255,1,1,55,15),(3256,1,1,55,16),(3257,1,1,55,17),(3258,1,1,55,18),(3259,1,1,55,19),(3260,1,1,55,20),(3261,1,1,55,21),(3262,1,1,55,22),(3263,1,1,55,23),(3264,1,1,55,24),(3265,1,1,55,25),(3266,1,1,55,26),(3267,1,1,55,27),(3268,1,1,55,28),(3269,1,1,55,29),(3270,1,1,55,30),(3271,1,1,55,31),(3272,1,1,55,32),(3273,1,1,55,33),(3274,1,1,55,34),(3275,1,1,55,35),(3276,1,1,55,36),(3277,1,1,55,37),(3278,1,1,55,38),(3279,1,1,55,39),(3280,1,1,55,40),(3281,2,1,55,41),(3282,2,1,55,42),(3283,2,1,55,43),(3284,2,1,55,44),(3285,2,1,55,45),(3286,2,1,55,46),(3287,2,1,55,47),(3288,2,1,55,48),(3289,2,1,55,49),(3290,2,1,55,50),(3291,2,1,55,51),(3292,2,1,55,52),(3293,2,1,55,53),(3294,2,1,55,54),(3295,2,1,55,55),(3296,2,1,55,56),(3297,2,1,55,57),(3298,2,1,55,58),(3299,2,1,55,59),(3300,2,1,55,60);
/*!40000 ALTER TABLE `asiento` ENABLE KEYS */;
UNLOCK TABLES;

--
-- Table structure for table `boleta`
--

DROP TABLE IF EXISTS `boleta`;
/*!40101 SET @saved_cs_client     = @@character_set_client */;
/*!40101 SET character_set_client = utf8 */;
CREATE TABLE `boleta` (
  `idboleta` int(11) NOT NULL,
  `idrecibo` int(11) NOT NULL,
  `idtipo_asiento` int(11) NOT NULL,
  PRIMARY KEY (`idboleta`),
  UNIQUE KEY `idboleta_UNIQUE` (`idboleta`),
  KEY `fk_boleta_recibo1_idx` (`idrecibo`),
  KEY `bol_tip_fk` (`idtipo_asiento`),
  CONSTRAINT `bol_tip_fk` FOREIGN KEY (`idtipo_asiento`) REFERENCES `tipo_asiento` (`idtipo_asiento`),
  CONSTRAINT `fk_boleta_recibo1` FOREIGN KEY (`idrecibo`) REFERENCES `recibo` (`idrecibo`)
) ENGINE=InnoDB DEFAULT CHARSET=utf8;
/*!40101 SET character_set_client = @saved_cs_client */;

--
-- Dumping data for table `boleta`
--

LOCK TABLES `boleta` WRITE;
/*!40000 ALTER TABLE `boleta` DISABLE KEYS */;
/*!40000 ALTER TABLE `boleta` ENABLE KEYS */;
UNLOCK TABLES;

--
-- Table structure for table `cliente`
--

DROP TABLE IF EXISTS `cliente`;
/*!40101 SET @saved_cs_client     = @@character_set_client */;
/*!40101 SET character_set_client = utf8 */;
CREATE TABLE `cliente` (
  `idcliente` int(11) NOT NULL,
  `nombre` varchar(45) DEFAULT NULL,
  `apellidos` varchar(45) DEFAULT NULL,
  `contrasea` varchar(45) DEFAULT NULL,
  `correo` varchar(45) DEFAULT NULL,
  PRIMARY KEY (`idcliente`),
  UNIQUE KEY `idcliente_UNIQUE` (`idcliente`)
) ENGINE=InnoDB DEFAULT CHARSET=utf8;
/*!40101 SET character_set_client = @saved_cs_client */;

--
-- Dumping data for table `cliente`
--

LOCK TABLES `cliente` WRITE;
/*!40000 ALTER TABLE `cliente` DISABLE KEYS */;
INSERT INTO `cliente` VALUES (45565,'jonathan','moreno','123','adas@gmail.com'),(546865,'brayan','riveros','123','alejandroriveros100@gmail.com'),(2134567,'Andrea','Hernndez','1234567','AndreaHernndez1@gmail.com'),(2134568,'Diego','Salazar','1234570','DiegoSalazar2@gmail.com'),(2134569,'Marco','Moreno','1234573','MarcoMoreno3@gmail.com'),(2134570,'Marc','Jimnez','1234576','MarcJimnez4@gmail.com'),(2134571,'Bernarda','Rojas','1234579','BernardaRojas5@gmail.com'),(2134572,'Nicols','Martnez','1234582','NicolsMartnez6@gmail.com'),(2134573,'Celia','Marn','1234585','CeliaMarn7@gmail.com'),(2134574,'Lupita','Snchez','1234588','LupitaSnchez8@gmail.com'),(2134575,'Silvia','Hernndez','1234591','SilviaHernndez9@gmail.com'),(2134576,'Daniel','Velsquez','1234594','DanielVelsquez10@gmail.com');
/*!40000 ALTER TABLE `cliente` ENABLE KEYS */;
UNLOCK TABLES;

--
-- Table structure for table `empleado`
--

DROP TABLE IF EXISTS `empleado`;
/*!40101 SET @saved_cs_client     = @@character_set_client */;
/*!40101 SET character_set_client = utf8 */;
CREATE TABLE `empleado` (
  `idempleado` int(11) NOT NULL,
  `nombre` varchar(50) NOT NULL,
  `apellidos` varchar(50) NOT NULL,
  `contrasea` varchar(50) NOT NULL,
  `telefono` varchar(20) NOT NULL,
  `fecha_inin_cargo` datetime NOT NULL,
  `id_tipo_cargo` int(11) NOT NULL,
  `id_multiplex` int(11) NOT NULL,
  `codigoempleado` varchar(40) NOT NULL,
  PRIMARY KEY (`idempleado`),
  KEY `emp_tip_fk` (`id_tipo_cargo`),
  KEY `emp_multi_fk` (`id_multiplex`),
  CONSTRAINT `emp_multi_fk` FOREIGN KEY (`id_multiplex`) REFERENCES `multiplex` (`idmultiplex`),
  CONSTRAINT `emp_tip_fk` FOREIGN KEY (`id_tipo_cargo`) REFERENCES `tipo_cargo` (`idtipo_cargo`)
) ENGINE=InnoDB DEFAULT CHARSET=utf8mb4;
/*!40101 SET character_set_client = @saved_cs_client */;

--
-- Dumping data for table `empleado`
--

LOCK TABLES `empleado` WRITE;
/*!40000 ALTER TABLE `empleado` DISABLE KEYS */;
INSERT INTO `empleado` VALUES (1,'brayan','riveros','123','314528956','2022-04-05 00:00:00',1,1,'prueba'),(15245,'santiago','garzon','123','1','2022-04-05 00:00:00',1,1,'santtitan15245'),(1234567,'Mario','Restrepo','1478963','3108943258','2022-04-05 00:00:00',1,1,'Marctitan12345'),(1234568,'Clarisa','Romero','1478967','3108943259','2022-04-05 00:00:00',4,1,'Gaeltitan12345'),(1234569,'Tatiana','Ruiz','1478974','3108943265','2022-04-05 00:00:00',2,1,'Macatitan12345'),(1234570,'Nlida','Daz','1478979','3108943270','2022-04-05 00:00:00',2,1,'Olgatitan12345'),(1234571,'Diego','Lpez','1478982','3108943278','2022-04-05 00:00:00',2,1,'Asuntitan12345'),(1234572,'Hugo','Rincn','1478986','3108943285','2022-04-05 00:00:00',2,1,'Carltitan12345'),(1234573,'Izan','Torres','1478993','3108943295','2022-04-05 00:00:00',2,1,'Conctitan12345'),(1234574,'Lucila','Rivera','1478998','3108943299','2022-04-05 00:00:00',3,1,'Leotitan12345'),(1234575,'Mara','Herrera','1479000','3108943300','2022-04-05 00:00:00',3,1,'Lucititan12345'),(1234576,'Elodia','Rivera','1479006','3108943304','2022-04-05 00:00:00',3,1,'Hcttitan12345'),(1234577,'Bernarda','Arias','1479009','3108943306','2022-04-05 00:00:00',3,1,'Dylatitan12345'),(1234578,'Gracia','Flrez','1479015','3108943307','2022-04-05 00:00:00',3,1,'Beattitan12345'),(1234579,'Gonzalo','Muoz','1479021','3108943310','2022-04-05 00:00:00',5,1,'Elodtitan12345'),(1234580,'Yolanda','Zapata','1479026','3108943313','2022-04-05 00:00:00',5,1,'Bruntitan12345'),(1234581,'Gracia','Correa','1479030','3108943322','2022-04-05 00:00:00',5,1,'Davititan12345'),(1234582,'Gracia','Rincn','1479036','3108943324','2022-04-05 00:00:00',5,1,'Nicotitan12345'),(1234583,'Thiago','Gmez','1479043','3108943328','2022-04-05 00:00:00',5,1,'Celititan12345'),(1234584,'Carlos','Gmez','1479045','3108943336','2022-04-05 00:00:00',4,1,'Gabrtitan12345'),(1234585,'Morena','Meja','1479052','3108943339','2022-04-05 00:00:00',4,1,'Dorotitan12345'),(1234586,'Samuel','Arias','1479053','3108943347','2022-04-05 00:00:00',4,1,'Erictitan12345'),(1234587,'Ysica','Ortiz','1479056','3108943355','2022-04-05 00:00:00',4,1,'Moretitan12345'),(1234588,'Mateo','Velsquez','1479057','3108943364','2022-04-05 00:00:00',4,1,'Migutitan12345'),(1234589,'Clarisa','Gmez','1479064','3108943366','2022-04-05 00:00:00',4,1,'Erictitan12345'),(1234590,'Olga','Gutirrez','1479066','3108943376','2022-04-05 00:00:00',4,1,'Enzotitan12345'),(1234591,'Mara','Cardona','1479068','3108943378','2022-04-05 00:00:00',4,1,'Elotitan12345'),(1234592,'Adriana','Crdenas','1479070','3108943381','2022-04-05 00:00:00',4,1,'Leotitan12345'),(1234593,'David','Giraldo','1479077','3108943383','2022-04-05 00:00:00',4,1,'Nlititan12345'),(1234595,'Rodrigo','Restrepo','1479087','3108943395','2022-04-05 00:00:00',4,1,'Izantitan12345'),(1234596,'Adriana','Restrepo','1479090','3108943403','2022-04-05 00:00:00',4,1,'Ysititan12345'),(1234597,'Lucila','Rojas','1479091','3108943406','2022-04-05 00:00:00',4,1,'Carltitan12345'),(1234598,'Sal','Giraldo','1479093','3108943410','2022-04-05 00:00:00',4,1,'Sergtitan12345'),(1234599,'Rodrigo','Surez','1479094','3108943415','2022-04-05 00:00:00',4,1,'Rodrtitan12345'),(1234600,'Amir','Rojas','1479098','3108943421','2022-04-05 00:00:00',4,1,'Jostitan12346'),(1234601,'Concepcin','Muoz','1479101','3108943424','2022-04-05 00:00:00',4,1,'Davititan12346'),(1234602,'lvaro','Rojas','1479102','3108943430','2022-04-05 00:00:00',4,1,'Javititan12346'),(1234603,'Clarisa','Jimnez','1479105','3108943436','2022-04-05 00:00:00',4,1,'Amirtitan12346'),(1234604,'Marco','Muoz','1479108','3108943437','2022-04-05 00:00:00',4,1,'Samutitan12346'),(1234605,'Sarita','Martnez','1479109','3108943438','2022-04-05 00:00:00',4,1,'Thiatitan12346'),(1234606,'Asuncin','Jaramillo','1479112','3108943442','2022-04-05 00:00:00',4,1,'Dartitan12346'),(1234607,'Olga','Rojas','1479118','3108943444','2022-04-05 00:00:00',4,1,'Bruntitan12346'),(1234608,'Antonio','Ruiz','1479123','3108943453','2022-04-05 00:00:00',4,1,'Conctitan12346'),(1234609,'Jorge','Gonzlez','1479125','3108943461','2022-04-05 00:00:00',4,1,'Enzotitan12346'),(1234610,'Oliver','Gmez','1479128','3108943468','2022-04-05 00:00:00',4,1,'Pabltitan12346'),(1234611,'Manola','Moreno','1479131','3108943472','2022-04-05 00:00:00',4,1,'Davititan12346'),(1234612,'Samuel','Gutirrez','1479134','3108943481','2022-04-05 00:00:00',4,1,'Amirtitan12346'),(1234613,'Adriana','Velsquez','1479137','3108943484','2022-04-05 00:00:00',4,1,'Bibititan12346'),(1234614,'Amir','Martnez','2478963','3118943258','2022-04-05 00:00:00',1,2,'Franunice12346'),(1234615,'Concepcin','Rivera','2478970','3118943267','2022-04-05 00:00:00',4,2,'Adriunice12346'),(1234616,'Marc','Restrepo','2478976','3118943270','2022-04-05 00:00:00',2,2,'Ysiunice12346'),(1234617,'Marco','Gmez','2478979','3118943277','2022-04-05 00:00:00',2,2,'Javiunice12346'),(1234618,'Adrin','Rivera','2478983','3118943286','2022-04-05 00:00:00',2,2,'Marcunice12346'),(1234619,'Diego','Rincn','2478989','3118943287','2022-04-05 00:00:00',2,2,'Celiunice12346'),(1234620,'Nlida','lvarez','2478993','3118943296','2022-04-05 00:00:00',2,2,'Javiunice12346'),(1234621,'Juan','Hernndez','2478998','3118943300','2022-04-05 00:00:00',3,2,'Albiunice12346'),(1234622,'Rodrigo','Escobar','2478999','3118943305','2022-04-05 00:00:00',3,2,'Remeunice12346'),(1234623,'Lucas','Medina','2479000','3118943309','2022-04-05 00:00:00',3,2,'Beatunice12346'),(1234624,'Gael','Parra','2479004','3118943313','2022-04-05 00:00:00',3,2,'Ericunice12346'),(1234625,'Adriana','Zapata','2479005','3118943316','2022-04-05 00:00:00',3,2,'Carlunice12346'),(1234626,'Diego','Flrez','2479011','3118943326','2022-04-05 00:00:00',5,2,'Susaunice12346'),(1234627,'Bibiana','Ruiz','2479018','3118943336','2022-04-05 00:00:00',5,2,'Salunice12346'),(1234628,'Lucila','Correa','2479025','3118943345','2022-04-05 00:00:00',5,2,'Thiaunice12346'),(1234629,'Manola','Gutirrez','2479026','3118943350','2022-04-05 00:00:00',5,2,'Odalunice12346'),(1234630,'Gonzalo','Crdenas','2479033','3118943352','2022-04-05 00:00:00',5,2,'Antounice12346'),(1234631,'Silvia','Flrez','2479037','3118943358','2022-04-05 00:00:00',4,2,'Bernunice12346'),(1234632,'Silvia','Martnez','2479041','3118943366','2022-04-05 00:00:00',4,2,'Mariunice12346'),(1234633,'Oliver','Rivera','2479042','3118943375','2022-04-05 00:00:00',4,2,'Asununice12346'),(1234634,'Rodrigo','lvarez','2479049','3118943384','2022-04-05 00:00:00',4,2,'Luciunice12346'),(1234635,'David','Daz','2479050','3118943387','2022-04-05 00:00:00',4,2,'Ikerunice12346'),(1234636,'Petrona','Giraldo','2479053','3118943389','2022-04-05 00:00:00',4,2,'Enzounice12346'),(1234637,'Morena','Ortiz','2479057','3118943398','2022-04-05 00:00:00',4,2,'Mariunice12346'),(1234638,'Manola','Escobar','2479059','3118943406','2022-04-05 00:00:00',4,2,'Carlunice12346'),(1234639,'Sarita','Jaramillo','2479060','3118943411','2022-04-05 00:00:00',4,2,'Adelunice12346'),(1234640,'Jos','Velsquez','2479061','3118943421','2022-04-05 00:00:00',4,2,'Adelunice12346'),(1234641,'Oliver','Escobar','2479065','3118943427','2022-04-05 00:00:00',4,2,'Lucaunice12346'),(1234642,'Brunilda','Garca','2479067','3118943434','2022-04-05 00:00:00',4,2,'Carlunice12346'),(1234643,'Paulina','Hernndez','2479070','3118943444','2022-04-05 00:00:00',4,2,'Gaelunice12346'),(1234644,'Concepcin','Giraldo','2479076','3118943446','2022-04-05 00:00:00',4,2,'Franunice12346'),(1234645,'Mateo','Valencia','2479078','3118943455','2022-04-05 00:00:00',4,2,'Sergunice12346'),(1234646,'David','Rojas','2479082','3118943463','2022-04-05 00:00:00',4,2,'Rocunice12346'),(1234647,'Francisco','Meja','2479088','3118943472','2022-04-05 00:00:00',4,2,'Susaunice12346'),(1234648,'Jorge','Romero','2479090','3118943475','2022-04-05 00:00:00',4,2,'Bernunice12346'),(1234649,'Eric','Moreno','2479096','3118943483','2022-04-05 00:00:00',4,2,'Sariunice12346'),(1234650,'Martn','Giraldo','3478963','3128943258','2022-04-05 00:00:00',1,3,'Franplaza12346'),(1234651,'Amir','Meja','3478970','3128943260','2022-04-05 00:00:00',4,3,'Eloplaza12346'),(1234652,'lvaro','Martnez','3478976','3128943270','2022-04-05 00:00:00',2,3,'Chusplaza12346'),(1234653,'Sarita','Morales','3478981','3128943275','2022-04-05 00:00:00',2,3,'Izanplaza12346'),(1234654,'Yolanda','Castillo','3478985','3128943283','2022-04-05 00:00:00',2,3,'Olivplaza12346'),(1234655,'Bruno','Meja','3478989','3128943293','2022-04-05 00:00:00',2,3,'Tatiplaza12346'),(1234656,'Carlos','Cortes','3478994','3128943301','2022-04-05 00:00:00',2,3,'Josplaza12346'),(1234657,'Eric','Surez','3478998','3128943308','2022-04-05 00:00:00',3,3,'Lupiplaza12346'),(1234658,'Dylan','Zapata','3479001','3128943318','2022-04-05 00:00:00',3,3,'Mateplaza12346'),(1234659,'Dylan','Gonzlez','3479008','3128943323','2022-04-05 00:00:00',3,3,'Andrplaza12346'),(1234660,'Jos','Daz','3479015','3128943326','2022-04-05 00:00:00',3,3,'Mateplaza12346'),(1234661,'Adam','Gmez','3479018','3128943329','2022-04-05 00:00:00',3,3,'Rodrplaza12346'),(1234662,'Adam','Crdenas','3479024','3128943337','2022-04-05 00:00:00',5,3,'Adriplaza12346'),(1234663,'Gonzalo','Gonzlez','3479030','3128943345','2022-04-05 00:00:00',5,3,'Hugoplaza12346'),(1234664,'Anselma','Correa','3479037','3128943347','2022-04-05 00:00:00',5,3,'Jorgplaza12346'),(1234665,'Liam','Rincn','3479043','3128943351','2022-04-05 00:00:00',5,3,'Albiplaza12346'),(1234666,'Daniel','Escobar','3479050','3128943357','2022-04-05 00:00:00',5,3,'Pablplaza12346'),(1234667,'Pablo','Hernndez','3479052','3128943360','2022-04-05 00:00:00',4,3,'Luciplaza12346'),(1234668,'Chus','Correa','3479057','3128943366','2022-04-05 00:00:00',4,3,'Antoplaza12346'),(1234669,'Manola','Marn','3479061','3128943371','2022-04-05 00:00:00',4,3,'Enzoplaza12346'),(1234670,'Daniel','Osorio','3479068','3128943378','2022-04-05 00:00:00',4,3,'Bibiplaza12346'),(1234671,'Sal','Restrepo','3479071','3128943383','2022-04-05 00:00:00',4,3,'Meliplaza12346'),(1234672,'Vctor','Correa','3479072','3128943389','2022-04-05 00:00:00',4,3,'Salplaza12346'),(1234673,'Diego','Meja','3479077','3128943392','2022-04-05 00:00:00',4,3,'Rodrplaza12346'),(1234674,'Daniel','Muoz','3479083','3128943400','2022-04-05 00:00:00',4,3,'Ericplaza12346'),(1234675,'Samuel','Cardona','3479089','3128943404','2022-04-05 00:00:00',4,3,'Antoplaza12346'),(1234676,'Mara','Rojas','3479093','3128943406','2022-04-05 00:00:00',4,3,'Pablplaza12346'),(1234677,'Vctor','Correa','3479100','3128943412','2022-04-05 00:00:00',4,3,'Elodplaza12346'),(1234678,'Pablo','Marn','3479107','3128943413','2022-04-05 00:00:00',4,3,'Adriplaza12346'),(1234679,'Marcos','Hernndez','3479111','3128943421','2022-04-05 00:00:00',4,3,'Gonzplaza12346'),(1234680,'Morena','Escobar','4478963','3138943258','2022-04-05 00:00:00',1,4,'HctgranE12346'),(1234681,'Iker','Gmez','4478964','3138943261','2022-04-05 00:00:00',4,4,'HctgranE12346'),(1234682,'Clarisa','Muoz','4478970','3138943264','2022-04-05 00:00:00',2,4,'LucigranE12346'),(1234683,'Lola','Ruiz','4478974','3138943265','2022-04-05 00:00:00',2,4,'MarcgranE12346'),(1234684,'Leo','Velsquez','4478977','3138943269','2022-04-05 00:00:00',2,4,'SilvgranE12346'),(1234685,'Liam','Quintero','4478979','3138943279','2022-04-05 00:00:00',2,4,'AntogranE12346'),(1234686,'Thiago','Escobar','4478980','3138943281','2022-04-05 00:00:00',2,4,'OlivgranE12346'),(1234687,'Marcela','Romero','4478987','3138943291','2022-04-05 00:00:00',3,4,'IkergranE12346'),(1234688,'Martn','Jaramillo','4478994','3138943298','2022-04-05 00:00:00',3,4,'ClargranE12346'),(1234689,'Javiera ','Marn','4479000','3138943300','2022-04-05 00:00:00',3,4,'SalugranE12346'),(1234690,'Lucas','Garca','4479005','3138943308','2022-04-05 00:00:00',3,4,'BrungranE12346'),(1234691,'Clarisa','Flrez','4479012','3138943315','2022-04-05 00:00:00',3,4,'MoregranE12346'),(1234692,'Roco','Marn','4479015','3138943325','2022-04-05 00:00:00',5,4,'PablgranE12346'),(1234693,'Adam','Cardona','4479016','3138943329','2022-04-05 00:00:00',5,4,'HaydgranE12346'),(1234694,'Adam','Crdenas','4479017','3138943339','2022-04-05 00:00:00',5,4,'GabrgranE12346'),(1234695,'Brunilda','Quintero','4479020','3138943348','2022-04-05 00:00:00',5,4,'MarcgranE12346'),(1234696,'Marcela','Hernndez','4479027','3138943356','2022-04-05 00:00:00',5,4,'SusagranE12346'),(1234697,'Nicols','Velsquez','4479029','3138943359','2022-04-05 00:00:00',4,4,'SilvgranE12346'),(1234698,'Clarisa','Rojas','4479030','3138943362','2022-04-05 00:00:00',4,4,'BrungranE12346'),(1234699,'Paulina','Marn','4479036','3138943371','2022-04-05 00:00:00',4,4,'GabrgranE12346'),(1234700,'Iker','Vargas','4479037','3138943373','2022-04-05 00:00:00',4,4,'AnsegranE12347'),(1234701,'Dylan','Lpez','4479043','3138943376','2022-04-05 00:00:00',4,4,'DanigranE12347'),(1234702,'Sal','Rivera','4479050','3138943383','2022-04-05 00:00:00',4,4,'DanigranE12347'),(1234703,'Silvia','Moreno','4479055','3138943393','2022-04-05 00:00:00',4,4,'MarigranE12347'),(1234704,'Bruno','Rivera','4479060','3138943403','2022-04-05 00:00:00',4,4,'SilvgranE12347'),(1234705,'Celia','Parra','4479066','3138943407','2022-04-05 00:00:00',4,4,'AdrigranE12347'),(1234706,'Antonia','Escobar','4479068','3138943408','2022-04-05 00:00:00',4,4,'HctgranE12347'),(1234707,'Remedios','Parra','4479073','3138943418','2022-04-05 00:00:00',4,4,'DanigranE12347'),(1234708,'Gabriela','Quintero','4479079','3138943428','2022-04-05 00:00:00',4,4,'DieggranE12347'),(1234709,'Carlos','Surez','4479084','3138943429','2022-04-05 00:00:00',4,4,'SerggranE12347'),(1234710,'Mario','Giraldo','4479086','3138943439','2022-04-05 00:00:00',4,4,'FrangranE12347'),(1234711,'Sarita','Rincn','4479087','3138943448','2022-04-05 00:00:00',4,4,'AlejgranE12347'),(1234712,'Remedios','Parra','5478963','3148943258','2022-04-05 00:00:00',1,5,'Liamembaj12347'),(1234713,'Mara','Snchez','5478968','3148943261','2022-04-05 00:00:00',4,5,'Vctembaj12347'),(1234714,'Bibiana','Medina','5478975','3148943268','2022-04-05 00:00:00',2,5,'Odalembaj12347'),(1234715,'Mara','Torres','5478977','3148943274','2022-04-05 00:00:00',2,5,'Carlembaj12347'),(1234716,'Amir','Giraldo','5478979','3148943282','2022-04-05 00:00:00',2,5,'Beatembaj12347'),(1234717,'Petrona','Jimnez','5478983','3148943285','2022-04-05 00:00:00',2,5,'Juanembaj12347'),(1234718,'Tatiana','Lpez','5478988','3148943295','2022-04-05 00:00:00',2,5,'Gonzembaj12347'),(1234719,'Leo','Garca','5478992','3148943299','2022-04-05 00:00:00',3,5,'Manoembaj12347'),(1234720,'Gael','Herrera','5478999','3148943303','2022-04-05 00:00:00',3,5,'Javiembaj12347'),(1234721,'Enzo','Vargas','5479000','3148943306','2022-04-05 00:00:00',3,5,'Beleembaj12347'),(1234722,'Jorge','Escobar','5479007','3148943316','2022-04-05 00:00:00',3,5,'Manoembaj12347'),(1234723,'Mario','Gutirrez','5479008','3148943320','2022-04-05 00:00:00',3,5,'Ysiembaj12347'),(1234724,'Morena','Valencia','5479014','3148943326','2022-04-05 00:00:00',5,5,'Martembaj12347'),(1234725,'Bruno','Quintero','5479015','3148943332','2022-04-05 00:00:00',5,5,'Ericembaj12347'),(1234726,'Antonia','Snchez','5479016','3148943335','2022-04-05 00:00:00',5,5,'Samuembaj12347'),(1234727,'Francisco','Zapata','5479017','3148943340','2022-04-05 00:00:00',5,5,'Gaelembaj12347'),(1234728,'Violeta','Prez','5479019','3148943341','2022-04-05 00:00:00',5,5,'Sergembaj12347'),(1234729,'Tatiana','Gonzlez','5479026','3148943342','2022-04-05 00:00:00',4,5,'Manuembaj12347'),(1234730,'Morena','Meja','5479032','3148943349','2022-04-05 00:00:00',4,5,'Adriembaj12347'),(1234731,'Albina','Herrera','5479038','3148943352','2022-04-05 00:00:00',4,5,'Anseembaj12347'),(1234732,'Marcela','Torres','5479043','3148943354','2022-04-05 00:00:00',4,5,'Miguembaj12347'),(1234733,'Marcos','Velsquez','5479044','3148943356','2022-04-05 00:00:00',4,5,'Yolaembaj12347'),(1234734,'Macaria','Romero','5479047','3148943363','2022-04-05 00:00:00',4,5,'Franembaj12347'),(1234735,'Mario','lvarez','5479050','3148943372','2022-04-05 00:00:00',4,5,'Adriembaj12347'),(1234736,'Jos','Moreno','5479054','3148943373','2022-04-05 00:00:00',4,5,'Susaembaj12347'),(1234737,'Nazaret','Torres','5479061','3148943374','2022-04-05 00:00:00',4,5,'Macaembaj12347'),(1234738,'Silvia','Moreno','6478963','3158943258','2022-04-05 00:00:00',1,6,'AntoLasAm12347'),(1234739,'Clarisa','Moreno','6478968','3158943268','2022-04-05 00:00:00',4,6,'DaniLasAm12347'),(1234740,'Anselma','Velsquez','6478973','3158943270','2022-04-05 00:00:00',2,6,'AdriLasAm12347'),(1234741,'Jos','Correa','6478976','3158943280','2022-04-05 00:00:00',2,6,'BrunLasAm12347'),(1234742,'Martn','Castillo','6478982','3158943290','2022-04-05 00:00:00',2,6,'ChusLasAm12347'),(1234743,'Yolanda','Snchez','6478988','3158943292','2022-04-05 00:00:00',2,6,'GracLasAm12347'),(1234744,'Gonzalo','Velsquez','6478991','3158943297','2022-04-05 00:00:00',2,6,'AlejLasAm12347'),(1234745,'Mario','Parra','6478995','3158943299','2022-04-05 00:00:00',3,6,'BrunLasAm12347'),(1234746,'Beatriz','Giraldo','6479001','3158943304','2022-04-05 00:00:00',3,6,'CeliLasAm12347'),(1234747,'Diego','Herrera','6479007','3158943313','2022-04-05 00:00:00',3,6,'RocLasAm12347'),(1234748,'Oliver','Osorio','6479010','3158943323','2022-04-05 00:00:00',3,6,'MarcLasAm12347'),(1234749,'Brunilda','Romero','6479017','3158943333','2022-04-05 00:00:00',3,6,'MariLasAm12347'),(1234750,'Enzo','Moreno','6479023','3158943340','2022-04-05 00:00:00',5,6,'RemeLasAm12347'),(1234751,'Salud','Marn','6479027','3158943348','2022-04-05 00:00:00',5,6,'lvaLasAm12347'),(1234752,'Violeta','Castillo','6479032','3158943352','2022-04-05 00:00:00',5,6,'NazaLasAm12347'),(1234753,'ngel','lvarez','6479035','3158943358','2022-04-05 00:00:00',5,6,'EnzoLasAm12347'),(1234754,'Nazaret','Castillo','6479042','3158943359','2022-04-05 00:00:00',5,6,'DarLasAm12347'),(1234755,'Adriana','Osorio','6479049','3158943360','2022-04-05 00:00:00',4,6,'MarcLasAm12347'),(1234756,'Violeta','Castillo','6479055','3158943362','2022-04-05 00:00:00',4,6,'lvaLasAm12347'),(1234757,'Tatiana','Snchez','6479059','3158943370','2022-04-05 00:00:00',4,6,'OdalLasAm12347'),(1234758,'Bruno','Jimnez','6479065','3158943379','2022-04-05 00:00:00',4,6,'AlbiLasAm12347'),(1234759,'Izan','Ramrez','6479071','3158943388','2022-04-05 00:00:00',4,6,'AdriLasAm12347'),(1234760,'Nazaret','Gutirrez','6479076','3158943393','2022-04-05 00:00:00',4,6,'JosLasAm12347'),(1234761,'Amir','Garca','6479081','3158943394','2022-04-05 00:00:00',4,6,'AndrLasAm12347'),(1234762,'Clarisa','Jaramillo','6479084','3158943397','2022-04-05 00:00:00',4,6,'DaniLasAm12347'),(1234763,'Lupita','Hernndez','6479087','3158943407','2022-04-05 00:00:00',4,6,'CeliLasAm12347'),(1234764,'Yolanda','Osorio','6479092','3158943412','2022-04-05 00:00:00',4,6,'PetrLasAm12347'),(1234765,'Luca','Meja','6479099','3158943414','2022-04-05 00:00:00',4,6,'GonzLasAm12347'),(1234766,'Chus','Marn','6479105','3158943420','2022-04-05 00:00:00',4,6,'ViolLasAm12347'),(1234767,'Silvia','Medina','6479109','3158943428','2022-04-05 00:00:00',4,6,'ViolLasAm12347'),(1234768,'Francisco','Gmez','6479113','3158943431','2022-04-05 00:00:00',4,6,'SilvLasAm12347'),(1234769,'Daro','Daz','6479114','3158943434','2022-04-05 00:00:00',4,6,'MacaLasAm12347'),(1234770,'Mara','Snchez','6479117','3158943440','2022-04-05 00:00:00',4,6,'ManoLasAm12347'),(1234771,'Thiago','Parra','6479123','3158943444','2022-04-05 00:00:00',4,6,'JaviLasAm12347'),(1234772,'Gracia','Parra','6479130','3158943453','2022-04-05 00:00:00',4,6,'OdalLasAm12347'),(1234773,'Pablo','Medina','6479136','3158943459','2022-04-05 00:00:00',4,6,'AntoLasAm12347'),(45486856,'jonatahan','moreno','prueba123','8755565','2022-04-05 00:00:00',1,1,'jonatitan45486');
/*!40000 ALTER TABLE `empleado` ENABLE KEYS */;
UNLOCK TABLES;

--
-- Table structure for table `estado_asiento`
--

DROP TABLE IF EXISTS `estado_asiento`;
/*!40101 SET @saved_cs_client     = @@character_set_client */;
/*!40101 SET character_set_client = utf8 */;
CREATE TABLE `estado_asiento` (
  `idestado_asiento` int(11) NOT NULL,
  `estado_nombre` varchar(45) DEFAULT NULL,
  PRIMARY KEY (`idestado_asiento`),
  UNIQUE KEY `idestado_asiento_UNIQUE` (`idestado_asiento`)
) ENGINE=InnoDB DEFAULT CHARSET=utf8;
/*!40101 SET character_set_client = @saved_cs_client */;

--
-- Dumping data for table `estado_asiento`
--

LOCK TABLES `estado_asiento` WRITE;
/*!40000 ALTER TABLE `estado_asiento` DISABLE KEYS */;
INSERT INTO `estado_asiento` VALUES (1,'Libre'),(2,'Ocupado');
/*!40000 ALTER TABLE `estado_asiento` ENABLE KEYS */;
UNLOCK TABLES;

--
-- Table structure for table `multiplex`
--

DROP TABLE IF EXISTS `multiplex`;
/*!40101 SET @saved_cs_client     = @@character_set_client */;
/*!40101 SET character_set_client = utf8 */;
CREATE TABLE `multiplex` (
  `idmultiplex` int(11) NOT NULL,
  `nombre_multiplex` varchar(45) DEFAULT NULL,
  `direccion` varchar(45) DEFAULT NULL,
  PRIMARY KEY (`idmultiplex`),
  UNIQUE KEY `idmultiplex_UNIQUE` (`idmultiplex`)
) ENGINE=InnoDB DEFAULT CHARSET=utf8;
/*!40101 SET character_set_client = @saved_cs_client */;

--
-- Dumping data for table `multiplex`
--

LOCK TABLES `multiplex` WRITE;
/*!40000 ALTER TABLE `multiplex` DISABLE KEYS */;
INSERT INTO `multiplex` VALUES (1,'titan','Av.Boyac #80-94'),(2,'unicentro','Cra. 15 #124-30'),(3,'plaza central','Cra. 65 #11-50'),(4,'gran estacion','Ac. 26 #62-47'),(5,'embajador','Cl. 24 ###6-01 1'),(6,'Las americas','Cra. 38 #1024');
/*!40000 ALTER TABLE `multiplex` ENABLE KEYS */;
UNLOCK TABLES;

--
-- Table structure for table `pelicula`
--

DROP TABLE IF EXISTS `pelicula`;
/*!40101 SET @saved_cs_client     = @@character_set_client */;
/*!40101 SET character_set_client = utf8 */;
CREATE TABLE `pelicula` (
  `idpelicula` int(11) NOT NULL,
  `nombre_pelicula` varchar(45) DEFAULT NULL,
  `descripcion` varchar(200) DEFAULT NULL,
  `estreno` varchar(40) DEFAULT NULL,
  `genero` varchar(40) DEFAULT NULL,
  `directores` varchar(40) DEFAULT NULL,
  `imagen` mediumblob DEFAULT NULL,
  PRIMARY KEY (`idpelicula`),
  UNIQUE KEY `idpelicula_UNIQUE` (`idpelicula`)
) ENGINE=InnoDB DEFAULT CHARSET=utf8;
/*!40101 SET character_set_client = @saved_cs_client */;

--
-- Dumping data for table `pelicula`
--

LOCK TABLES `pelicula` WRITE;
/*!40000 ALTER TABLE `pelicula` DISABLE KEYS */;
INSERT INTO `pelicula` VALUES (1,'Encanto','cuenta la historia de los Madrigal, una familia ex-traordinaria que vive escondida en las montaas de Colombia, en una casa mgica, en un pueblo vi- brante, en un lugar maravilloso conocido como un En','24 Nov 2021','Animacion,Aventura','Byron Howard y Jared Bush','\0JFIF\0\0\0\0\0\0\0C\0\n\n\n\n\r\r#%$\"\"!&+7/&)4)!\"0A149;>>>%.DIC<H7=>;\0C\n\r;(\"(;;;;;;;;;;;;;;;;;;;;;;;;;;;;;;;;;;;;;;;;;;;;;;;;;;\0,\"\0\0\Z\0\0\0\0\0\0\0\0\0\0\0\0\0\0\0\0\0\0\0\0\0\0\0\0\0\0\0\0\0\0\0\0VXRY\0^S,k_\'K-c)<{.aQ.+5.m[vZ<vIcwENxx<rHbiJxUKpJ\Z8Su<&m&3hX\r2L`6NH	GsdSW,\n7D\r`Znbwr7IHQnUW\nj[*2t[ohU(4kUwZ>U%bcVkyV\Z.k`ca#Kkf`1z\\j\\eJ[L\r7x!4[L\nNS]$[r|MiF5Tc\\{3+Ejeb1f@3kiQW1N^Uqz_2Mj)^~v;1<z1,K]y5\0	-\r6c|Q5JVk3%z3F[2ZkTKJ!xJ!AqD\'jp-q_DM[x+Yv2>ssUe{,IS@U3e#)(R45c)n=B+SPL`4VgF\03=H\0}$2P,Cro\\E\0LO0^=nJSt+zBu7Q\';jh++=^hJ_{F{x<	-hF5(g\rU@V,\rj+|:YmG{aLM,yg=+R5&E]AN+EvI\\rsfH&b\\jvhTNGt[\0i%wF	3+k(xSM9g)N[@O)IBUtnccS&f3BP]7~/f^@e0K\";hj0-U>do<y!Kal1{,t_zuaOAW\n$j0F097ImS->ZuMc3O>i[Z{=L~|C&$\\,:-r3Q9NYG\'i=D<P&,t1o t\ZH4\00\"ln=QhuiMTFSPI\"e@(jz\\hnU^pb2`Z[vA_e}7yXC}2][FlAjp%.=9Grjr9dpm<FD+B8r{1XS4)ENeF%Jb,yy5\ZiuWyX<RLphY!q1f1+k6R>bu5<:UO{Bj)etk%aM:ysPm\r94atw2]U4>aY?MrDs-yr7 ^k!,)[Xe;a9M.q3b{ZdLV\0kf=a2t/K5k*@.C-xDQS.mhQ]afT\\4/`I;.af	I	u55Ti\0.+/p|~|OT$ fj<SYh.):<V-Mzmo5\06c=*6yFc>KK2wxr\"&}K1e+~j8+_&*/rW	h#=%($z\\5\nj0v;.92M1EECvrI&Vm-<u`i4h8}[(@ezg6\\ismpIL}Rw@[Eb;+kpsr`t&Ew3tkICkHc\"eC+}U\rK[ZS0FZ)8#IK\0Kafb -\n9[Xh]r9xSJ#\"pwaZ;>W]Hf{:6\'vu9{wKv\0*\0\0\0\0\0!\"1#2 AB3$4\0\0Q3P<DjDg\\iBa00C\0M1<1>\'\ZH D\\a>|BcF>`#%&;Y=qC1~	vU[=@c(f($V+}%F\0\ZZhnv..vLC8X\0O]Al@L\r+VW{Xmv{YB$GyzbP=\0-xU:Ee|_q0M+	Hl(g?0\"bco;CuB)WlB]YXFiSYOAc19\"W]L5j2tC5zcXT\rDaOg37Ga8>\rgxsAAQ=-T*,|ZR\0\\ *@23c\"d6cJ]l]HVrK0*et*Svg\"j\0o\r11cU6Nrx_Zbq)\0[ZDEVd2Z47Z\nzBkc3gcm[}3\'N/L&ffWzVN;-amoj\0\'$KZV(q\r&1kwKz ,t#rwLYiA[16O^E6XMMStPu3\nyK\"XrymKc%kL9VM]Y\r;l;l;Z8kl|Yb6|qK3tg5Lq;Wz^G>,>q5E\"r8fFxe++\n!lS|K\0Q9W@p\0f\"r&.D0FpXPW;j\0+C[cuR7eJMD[MWtwCRaB\"\\3lCx%t~>8:>!i_G^K/Zu+k\Z	<3j{*XM5m|DK9(jqPG8Za%5Y`{k}	\rn \'\0-k+	\nYck+95cmY><vQw~96!0f,RX\"+bkZS~~=6=d&S{*,rMvxV.q:P1=/9qbJ\rFMvc\\rv(V?VtAVrcY	.>k2_\Z|ijM*c\"\'#3!-qj\r4W[%j 8wsg\'zUqf|CUh\0,2\rS}L/_uu9\\JK	ksYcL<TjqW+bkVx-LX#f8v{yDl<NI61	6`A9foZh#c:R^{]7Z`n]^Z,+c)b&K.?7?g-ZE(%Q@SJ4X1N7atT.V8W-E6~QP{<t/.8 QaEv#x|Tc9UiG\"jPv\'l}r+7q.1+%!U>B\\rd^zSoU3C+^dQ}MEU{g#G5nMtSYj\Z]%,{\Z8k^*5\\g86P^JjeCq=2HWC?qT[{Qaw9dkERQ[Fk!V`Z3Pf\'k53S8miB[M[,[%\n.,er8uEKPsk9\\d 0p`X	}\0CZQSB(\0g\rSQpw8\n:@a._f[a{kJ 4e*zdj9O.%\\Y#&r23CD5C)~+Gi#@6eg[\09(NPUyr,\\m781[ Cl6Cdf-6l\"+u~e@##UK(S;b6:]Q_Q4X-VZBTr7Z\"%bomfrr=~USqbQ6au9Rc(1\\lfEk,ek\0yN=a)ifb\n]m{m>ad;F2ei0! D\0>\0 v-[_ZeF[/e$\"WJ%]A#Au0RX|`UtUjP\\+\\32!3:q+K!(1|B?G\0gS8|985U-A>qo%8\Zqc<YnXg,}X0Ky$xhH5[uo~Aeo6C-sjfXV	%\Z+rpw@y@:352&FJMi+kqF}obew2kkkoq\r\rC{S\0nB<{E\\FJ5f?nIR%18\Z7ST,i]l;7w<{nA;Ak8/4\"(#4^V9Pf3={>2[k{qBsi^G:*N6%]p>{\"\0P\'d[gV|X#+\\];UXyU:U\0y\r>)\'|L\'30Z`3Byi2lR]zZnaEjw19 <%adf5l*#8lV)evM\"\Zm:k6g	\0udtzDo>eoL=5uC7[q*o*\0MNI>x5XkX33gJS!\ZsiO)vVo<FDVdf=Dkc=9?9\'*pb,z~1nWyokARp\nx#OK!y1&y0m9zVCm`#&~krv[%+GQ+`=v	5NI3gLL@=\0?9lUZ?mvxP-fk1A93\'\nA&=wwPV\"Unmapy+hbXnan&Cz\r	@Nr&Yfax-\")rVi5UoA1eH*bE|k/^*w38jXu<fcHzc]rPiP,<2a0\'\nzYLV;\0/77T&%1=f7}Sknb;N731,r<@7\'$6XWbE|bLm/<F=q>B	Hn;e`\0<L.&|~\'|C3?3D:rL?oXBP/`\0-?|Q>i~O\0(\0\0\0\0\0\0\0!1\"A Qa#2Bq\0?6!hOcgCFDl#CSbKD&Y0#A1[fikJ 5cR#QF21=9P\']1Go6X+?J<iJFUgTa[\'$*9hY#\"1\rI\'b^3*d9:%I{X%/gobkBroCoUdQJ?>rg#Ge.,%(JMx[N<(:Gl]#4wdDeDF&>BMqvBQd{Pr48I#FX\n8\0izvI\"IHVrK~=7$bn.W{,IvcR,Tz\\)C$R6D1CyFNU%Tv~:dmb2qX\'1<orrCEwD%5\"sD1PQ[2_n	)3..>s0+tMU./$z91:Gm.\'Vd}CmQ9+fL{=xte!\rALhQleh5\ZSR\'55#OD-3: c3ih*Vdi=\rrrb$7hqDpc(1\"F|v9R\"#\\iKbUQlQh$a\"!\"3d6Qq=7bV2b^\'t\'tE*BJ[0}Z~#HVqctrtJ|Qg3d]>jE\ZrJcOQE	G#UDF	GdV}XUzu1I}bCm}1)TJ\">K~	\0&\0\0\0\0\0\0\0!1A\"2Q a#B\0?Eb7ceYBV$13JvK-lC~\"^\Z\"bKs>Brmj5BqbLsDZ~C9dj;87z3n|p\0FN.4&h96K}mt;ONk~\Z$f*Z!\nDU&Eg+\nE}cI#H>VF%%B*>Z8J\nqlU{}	;i\r&E6Lp($($O\Z\"q.F9^86B-Khz$9VFD?\\Mz1#c3jJf\'Cyz0cdcN>699vFqJ}=!p=\n<\'d=UV,[$%g$EJ;?{D15S&fIR8plJ-(EfYZ[JM4DH\\4P[Dz>QJtQ#}x931{9#$1B_C8\'2Dqtac>\r#c=#%aQ\'}1e1YGX	QhrDa-7fYc|dbU1]hSC0~dma_ohrv`JJCMeLhj$[Zf,m>7!I>X\"J)>:vbbxbD<2:`+4.V=!BVrtJ),SRD	+$-*hV[T)8y??g7+I~EKQJT}}%^$6eIr-3HDq^}IBM!/5YLC.)9EBZ->HBj]W^Z1f9pvFvj/828BD:9Ji	x{$&X\nls.Hy?G7ps&>_v#\0<\0\0\0\0\0!1AQ\"2a qB#0Rb3@rCP\0\0?US*\0tW!J*gSFA`lW]B\0gO$U|LWDuS*P8?eP~M\n\'$&_p\rU*T8%8UU+*iTZP?UG-4W+U\"NT\n4U4\ZTarh\nmBF9DjSbb*=uU[ -+[oEEfkv]V* QV*ga\n\0tAmusLs(..MPunU\nKhf%[Zi;V@p]U@P=R(9A\'i!u$9WV(-=t(2Z5%jUD*.\nZ.w\0@R}?.?6\nTCQ***+e>TJt?`*gI5O-Iw|IKeVkop\Zgt([qV*[!LW}rt+]]T(	|!Mq]MFm\nG\Z)hw-CpFA!I</Q0Bk._]Bt+/uH\r9D>H=BDwZAXxcUuLOAI.1	PeIiTVr\rh4@BE=i0N]TWrT[P[E*+\rrv/\rs%B%UBP+VrsV*4}V<AEh\\!6VEnvjq>#W:&8(1:\0]%W	\rTie\nvLs MgE?~t6NP-m#eCV*A4+WH\"T\rgxT<)\0UR`P2RSYr%LUj\nnGh5YCe\nZN\0 xT1x4uHP*S#17URFBWL\n#43eS(=Ojp#H]DP\\ r\nQcWkANRUV.BNOiX3_\n\0u>\n2R\09|M	F\"*P&7vRa0-+jwND\"`JkJ>KQ{u7R\'yP@cjn79kjNS4Bn,@=.Zu r8GM%i)jTvV NN\"f5.a{TD8M3\".]OeZiC{RAy\n,\'Q`9vj]O+ \0pQZfJBkY&*~\0G	Zu[e\\,1hxR+U\0\'*<_>:tH#w axM?D1(8&he4yPjGIs9T|!~+$?D.)?O)E+[`ZZcCB#i5P\"	FSzM9Qa\n/YX)nP!\"_:BTm7BdaCDMqEH]z&Wi]]/!a.jm0ZNI3W-m2u>4U!T-&;TOC-\r3G	14Uv\0sD+*mWL$v`uVpeVXsBtHot}\Z`;wT9NG!\r3Y=VFDhj^xCM!hhV_\0_[kGbjQoy(U-qR\r9[P{(4?<m.wrT0\'g1s/)J]TVsSu%@wVyaLlD\nSE5DKj>nr)\nC3G\ni:\Z6^317SsE8V*dA\riAmJ3n_%.%@][06D\0\\QLz4z^h\0ve(eVlD#VTyQSp.V LyGv8U;-(H\0\r1|s\n;PS @8Y;5iS]BZhIPlStl|-Gy\n\03/tjFueW$~Ag{\rlWV;3d4V@qXAL^3!a8~#2w&sk%8J+K[	<5\Z9\ZVRxP \"\ns	^\noDeP8B\rnrQA	5*ZXx\Zd\"QC\0W)2\rQ}]Juu&Z+V2*{q!$M/\ZK\0 TI\"()(k6A%:njO\0%\Z}SNu64u7pV_0Pe\reX{w#AQ!ug^U(l\0\noBp[nqJ&wF@26ZX_ep,;*TTi\0piDWr\Zd\"\"L=0GTiJwE[8RU^Dw x_#]\rBniFZcCT\0YCYo*x]] Pi>rUTi%4V(VFjAVQa(8r>]g!hQ@]UEsMc[Z2as1vV#:P\Z8A4\\U>o?#Adzij Czn~u(\rS1M(P`3V~A12LuBGPZqV}]7+CR\rK7K[!:\\[8OhA&#0m2+|FSK{\rKZWLb_rUp1\n>#6}.5=P%O)n%9@V:IE+V*Z6H-!7Q0\rxULtQDb8Z[DVc!yFQ\'/>=`tDZ\'#JfO3R(<\"~1h,,6N4pCrFqZOrQY8(6LU>C@yNM>SZN&\"w}vn j\n$O1\"O>T(X;)Q.GqwW.~\Z>hqtJM%~#$;zh7PTi(hQ_D-C\"y-j_G1B#OY ^$#+e4{AB!CU|E}ZC\\\\wkck9^S5MhUPnI!Mw\nfW\Zd 6\njNq9\"Q9ayR#)P.d6uwQjct\n\ZrF]4VU]O:@3MNA?7_\0\'\0\0\0\0\0!1AQaq \0\0?!iJ%.;J25%N 0uZQ&a2(!Ehq!^#fe1\"TS-aqS\\@\ZL\Zy6xgR.b~+n5T+\0IcLRUex_-4K0{@1A5qlgdB8 .qDYa	m-S;w0}G\n\"\0/oS\'qo+.AtQQJN E#`k7/7?CaSJqI@)DmwQj~5>66Yy\"|u;MqG1@\\KmW2m$s169fJV;\0l1D|C}*5p1[4%%weg\nL4S$JCRyVZzNK\Zq\\pc3ccl;ckw\"M\\,(z\Z%H8 Cbl]2\0-;(CU),-pQr\"xeAB+E5Wi`&2A\0nF|Ler4\Z&E<jbLJSgSXm\rrNOYk,Xii!2h5sG8:\nLxzuG/KPV |q/[WX	a\0o%ekOC,6n_/izErx7}tVq\ZF$% Y|G]i 2keep;Y0^yTA4o^v54.FB)/.%q\\@W.C*#j$\\xE}F]\\qQpJ2P7TJE16\n\"^Qfne2 n/on|-B0\Z x[#,3_\"e!sQw\0\n^J`DMr&qV-?o{f#Tx\"+wp\0lnm{ffJY18}7J%JR\"9JC\'52is%)78\r\071M;bj+,1m@n\rXIT&+V$:y9#*f:\0XJULP#~	g3Z$3B)f7Ja|]QB/\Z24L+aRA8U\Z\'6qR^MF!.^/\rZ\Z5	8ZgRwW2oQfhOxh1Nh.-[q\\u,q!mz e!z5rFFjcoQb6\nZVtU~4VyUEa6PQ!:rK#0;Ftj#<J!eE@^wO>eP@\'XGfPeg[W$(75RzB(xJX_7-uY/\"\'(^jki.Xtab_-ELB_Cs~$CSUBSxu	Gq{MTg1q7\"	j65*/D^19Nj.40r&9\n=t\Z80f)2K2~0IcAmP\rAcPN?|qO{	0;@SmAcRs\\EWN}&\0/uQW7(uj6=L:_;\"Lf i7SR\0y]+])\rY-XljC94183WO]Af|U-d %tZa\']JQ6	q 8LkY2\Z4,>l!a4>g\0fBdwCdn\r\'vhDZ.U:YX] <TU\n&V`U[&zj+rF$0OB=N!Z-3X-^ * -gP\0\"	P\0xr.ye@@qOd7l^J;5EqkXRD`	F%e)9GQ+j2lXkT;`|\r=%\Z`57EN<1Dq<v\Z`:JDt#kxq7*9,=*yT_%KN&3|J-:Yh\"R0,0[)q42\\X96T9oj+pp\0Pqc6eNd:\\Pv~eQo#j\"WJ3#RCSu;#c\nw,7\05Dwr_\0*SiDnUK-BK#J8`730c\"yce2JQNn!=3+KUKa]\0bPn{K~i|L8MT\rq\"-`\"6^Hqe\r.=ueb7M~fKYV|,(HzlQ]SSmEY58^X_$*X;.p<K-]6YA4+aNfN\"dcb\nY/`]8#/LfBme2!24w^e%O\0#9Q\n]lZ1mM(~l*-DPGxr\'3Gl.Ul;,;^yg=Lu@]VQ3kY\ZQ\ZJuTDY#( @ltF+HK<xD;-<0L.Wk]+<y{-s0\nJ)y1[\ZV_2LfK)zKCGxE\ry=xXj>:%\Z.^&kqVSj	*ty<IWTX=BqoQ4m;\'|\0tQhu\'\0,V	elw%I.cZ0Q`%)	$}g^+ jX,v oEAuQ]YQGaLpt [lsNh*R.({lPA|Fo/D6k.21Kc*y.{D5b\Z]<)\0\ZmmS\0o\0|e5FX\ZZ	A	h<JEA>9e(\02%\rl8RnJ%Z\"TZ}V\Zp.	>7/6mi+PpGlV \Z	SL=Z2\ray%lm<\\&c)%\nuBy8]a7B5,!Ks<`;\'LAo%qc?Tv1Hm*8#C\0p!#EA-,\nM$\\Jy\r8;Z&9y/YDy2pb)+\"my~ yMEo1e6<u\ncOfYV	M\"f,u\0w1=!\rfd0[/-0nX\"rx~Yc8*o;\\wA5,5p\0+$PVnhWJoS+&\0<pZ;eZ%:Kc&\"zv-Q\"Ps)s}[9IK.>z%XOxsOlf=^2M5J9\\UmY6	\nOc3(]L,gyNpjT<76gPxGL%Yf	e~V9}cyM	p85HJ\ZPdS#+XbHh_UoqIV?C=C*(n#*e%bi_7[;wd7$|6\\d/Zl\nU2%&8CYU\Z@w<]djeKm\ZG1\nL\'Axb\\`,Igr4\\#R6:LF-Q7siT	w<D*mwFYq[)H+.wH6HL9{&e`b(h=%Fgx\r\nXB{2\ni`jH/.<K!fIXvwu2s:(b]U 60/_qxp?Y)fa=8.w[5xx,LqjbNq[`&~QOT`T+Q4H\r;q.:l3qZ\"Ky_+SJ;s\Z0~GTt\0g4:2)4:nB!Ra7w0?38`Zt.+W|9SX}G:1\Zup\rd\rQ`f\0p\0	-n19cS,4\r%WFQ=/y\0%WZ\0HLY2jNB;{vq\"\n(8Z:fb49R,M]Lr4Wd:0\0xO!-s\"u7>1J\02g\0ux?4#\00C>U([EUvu.X:LK-@QiL|x_Y~vrX.myn\rRu`wl))P[v??g\"Wn4?qxTolu\\\n}k\r/`bavE	-,:T4@i:7wnT^La;WO)\n%M3.83!C|fte79D48aR=cL-FAPHWJ+\0!u,U.w]#(%/c71fQ`*@N< eBV4jjEp8Yt~bT\ZxD T(j60q9 AuJqe(\nu*oR\r}y!L.6!X&8@:GN`K	k-@bQp5Z/Q)ftg2?</d)JRF^CI^`9kj*c3S*ycyL)1{qgpI\Z<	o@q	_0 na\\(H!)2g\0iu++.4C^b]s1\"Q9CbEY5e|h|#{@\\\rksXqP@hN%HG\ZTB+q<+t7NlZxK|UdU|J9Zi[T4Wr*BQO\Z8\\,S714Jr,-k)Xc0 0:`cZVI-Aw\\CrTJRV%b46Rr\"\0n2Y^U2mFK(KZ\\^a]g2vr)8\ZJPCjFNyfTBi&u)sZ,\'i$C<|ICZu:\Z:Y\'IU-miX@Kc}`9{J,	5tRL[zDs!| E\Z<r@3f+TJ#Fv0+\'cSJfY}PXc2@L^%StRNFG6m<D8AVV46e[*1[7DYU\0%M\\,ys%\nXHFA#d.KWp1E~Xk/!TEBX0\n}%9QFB9{J_./1HWGkAX-/L*u\"7U\0Tp|r\ZVG\'e7KUsxF^8.\'%\0&]n^NQpBbYd3/:>}JY|y\0e+5;!=\Z~awer\0^/LOkP%?3\r|K`U2B0_d;L53]C%g-1{]Zoq\nBVYk%\n0cDQW-?>eq\"p\\C12V\\O\\<PZ-_,S\\*PQa;V5lTX^\'|)X=CgpF%B[k \nn^O*7.?%9 of4*s;js}J/DkLY4.^Awz~eKDa){W4S/HINn]*TS+1@ ~\'rk@4)OLk\ZF\0k>&wfTMs:P\'	q\09Lzilq\0SFobw?\0\0\0\0\0\0r+`\'L^	\'.]vMg%rkd\rtQ#WpO]&X8t?F~[uEtS=~mI JT^4{=lQuoSlCbv9)9[<]uI:&Z&8*n\nkjx.fS^\'7#&\'mip7riAL-ptV{bwCUf~j3\\W]\0;u5-u(Y{Vza;,M\0c\raINt?(\ZZwz)gd;]Z\'cQ7$t	|_{\0&\0\0\0\0\0\0\0!1AQaq\0?nYmg##v\\%MbKw5y} t;b`~W- .R=en0~Xsa\Z{!2]OrTV!1`mnHq3i!\\6.`[zr3`>&f H.=#0a=Y$b8soyv=1Z;.	YpL=|H;3 z,Zxk[x G3ut9aFH7\r=#~#\Z=^W+Bt-&F03>#UZ\\y$<n\Z=,Z<G)Q^Xo2nNaGE|H=[?X2UV\0q.4evb=?bsu]6r@we\\d\\v\0z36?<qa;\'0b\r~8s	\0X48wdyiVNYA_\0? .4\ZkakRpEg-X@\" |X.3>Cf>S7_Cf7\'|$0pKoB!Ow\"ys\nzW~};;s>h$cr10\0:d|9\\q?^nu!S>%>&rFo&=n \\2AtNdhoH\0Jz{A1h:Z[{vCl/DA<m.7E.l,{\'\0Vinh-v\\gvby{#5p,`dEn%Dq:>[&p\\K7Yk:>\"\rF[x7$<bmW9\0jT!4oClC\nd\0.t?Nd0qswrV%S41\nv$93s=WH8X0{qHvkbgrq#%yz3}i<e{=}KwKOq\0&\0\0\0\0\0\0\0\0!1AQaq\0?Cc.\'9rCV~9>Xao!`7^%XIXFE]^\"yyN2.\0\\K^z\'2,Pq4dWypV2\0xg[l|6Jf<X-rg\0j=XXjd}&B\nnw7+\06\r\rG; u?rK;p00bljfM,G&8 09M_b_6	UR&mD}91l_ .@t<H\Z3Nc%Z\\#Q0y\rd\r),&gD<%\0Fef0 pLsh);En}N8-_aMbOg{L#G;frd\'C8gJ\"u\'vfe\\l	6yebo $wz{sfx-\rAxY7y;nOCv[:Fjz/K3.	`>K&nLIs\\Y3ldpH6Y38f06a	\rd4F)\0}MM|	?J3:,8:Zr1\0|3. 73}\'lK>j^D5q?\Z\\=u\"	#.K9O\0{-0$XP/z6=N6HI 1p0wL\"\0x?7\'6J5km|F\'|6Ek`X|hz-PLg,;uve?\0nd>~Nc<p:rp\"%;\"Xc:tr;\0^8@>3\0mcnCr2`bHD]?9qhC6$=\"d.f\'mr3Oq=G\'?\0&\0\0\0\0\0\0!1AQaq\0\0?+z\\a{mV0\n`,K8`71Tjn5 >ixR0)Kf,C:8\\brr)Rb3Av ( _EK	4%UBp1eJ P5d^0[`%\0)pZ~x\0)B{&#QD<*Umz=q}iC+r*\0qAa7\0*y/m:rc[M!uQPYS	%%G0d\n`z	(Kv^5h4afBym<F%ADBT8`cEH)4G]0S%.\0@)f5<-i.E]Fy\"+P*qXPrAE~zdS`r1k\'dr\'x*aZT~ci`)Y0U ) H0pjd[`j\0(\"[IIF+Dro5l{\"%kVa< l8 j@\ZoA- bH,T %5X\\w]Z)@\n8/e8Egwn*->PL-/J]^o\0C\\*D+qCp-\0q1ruae/11A\Zp\0*&EO}Z.W>X93aj\Z71XDeCD|@Y]i+&VN-bo^%^xJ4l&gBL@)c/pb=wc={kTbQ`8fv,HHg!6HF)J&`@@R9-AyLiqcLFa6_2a\"u]]BDZxERo4`(4xVX9QaCU+mRi2/|ckv\njL\00m:^E3u\"q,&\n0G9\nAOwr@J(3EjUKaYd(25_D\re\n2+L)QxxRrr8Z\Z!R[~b&yYa:Cp QE]1mt\n.xi<ur\ZXkb+j\n@}zP z**jVB6+@v=hHPptc\'_`Kj\\-GT0u>\0%[nX\n[aDs}ghyL&K(-Z]oeR`K2.9\0%5+|PZ\\#[EX,unQ gk|V~XAzR~at08b!sF+bF/3:*BTZPEM80e[Js`m.e])\n:;PZHg@bFivPt0(L5-h>!k/Scju/YXkh7YT#]lr$\\W9+\0\0j\\`EqmB!9>?BZA*~Z~\"k\0g7}34({y0u-K*NbH=$h+Bp*_7uS011W!ecR+}@|DargeF[p\"0v5!2XPqM\Z	h%\0Pi0ru9\"J4?Qu\r|p%7gZ(99e\Z)`#+2K\0VMA)E/$pn{Pn_RB-3j-K/+Z	VPgPn(\'CBX2\nX-2^!Vi+x2C\"a0Y\nHRYwo:6 ?\\\n2`l!G[\0\\r6LZw/%W#WbQbY@\"~L1 Pw5	! asXbnc$[;+\Zb_}Ejpr9?!/;f-5Js`NVA|..c5C\n4M\0`PzD _\Z9<JN Gd|6PW#/\0\Za\Z#O*{FOU Zp_(iE7V\Z`Uc\nvV\0KdkP!J|\nMX-GMwX .YXlkTu\0`Q)VX.SEC,SYSbdw^qaio	)P wSvC>Dz63,w(p@^y\ZJVD)`z.[G7lH\rdu&YJ C,vZGA>UENm%1\'UB#u~],0jioqgw|x(s,H1=GMg0{8g`ncwnA Z4_=Bj6%\"S\Z\07(\0@z#X_,qJdgX?S&5{\r	Tch;\0Z?CT-E|fUhGgN\\f\"ytR;1Mj8NeE\n\0yRci\'}TU1J=|Ekj`p_9|\01K|\0K93^^kS0a\"1;\\B\0m!kgUZ\ZKX)n{^y+4a|Z(56$!!MEV\n+,:\"_2mr+B4\05KEl{4L(`_.bFB1;rn#tUM%V*sT99VQEvZqsCZm7zj\05NB,m\0Y]e)6=\\MW)\nnuR\"p=%Z\"~\Z;wSA\\*X}j(xK<\0\\B\0/?qwT{\Z\0qCGq-+1GA{\"FG<4VgX8Ok*Ww;4&\r@5g0:!51Em^F15kmzezyk={;\Z;n_0U8]1n\ny90pAFu[\r1(r5j\\c\rC*w-w*1^k;J_PUX2b	N`Z]vPfY JO&_\0^;0`2?b=ET\\8Jq0cOp@VGHZP\\K\0fq7*M+H1J\nu5D/2\r:T|<\0s6Sb=\\B6t\Z4\08E8/bQU Mk,-bP|b\0TT``WSB:q,Y1PGyV@9#`dtg\ZS#haQUK D;MUU^zLcr~c4k<%AvDJv\"s1\".o/xJ#  O:_ e(6y\0UQT<pv`-|%gWP\ro`KxU&*Zh;`P(9Wr;7Y\0H\r0D\09oPq9n5)0\0zRH2N.-d4m|DrR=J|?lfk\0crU0yL[2R\0#K)\0\n0_q@x}.\0.QBM	:>eP 0!!>m-8\0&^R2\0LMW\n0}_joE9kIpjbI,\Zqxx{jYY|qJ=XQ1;.Ze1\"VL{w7X>c?$[\Zx\n,<=-T9(*^KlWw^6@B?3++>\'AXY)mC \nkWcd\nA/JPA8Fn#*^T4@tCZk]8&z/aps@P3`5Ee^eT?	|L#/\'W-gsJ<XQ\nEJ_!{FV\"U_d,)P0LM$ScQm6x,rf\\.Xvg\'V`r	el-\\r(s$p-V|z8m\rEHVC,yD[^\n y%muZ\rc|Dfvl\'	\r:(\Z!9*f%r0rA=Aq$FK=M\\A1s]@_aCl.	`pa\00c\'rhR0\\>0<G\\wOPTdkvs\nQ] hO87j#qTmg4;)!fBX.LK%R85.$R!s[T42ehl+LGk>O+5^lX$FW_._K@>&UmlJze[g[oQ^@\ZQgo~e^|LkLuWP65](\r/nQU5nJ+W7GJU+0M=A\r!?\\I]f|UU5Xp5-\rH\0?23jW\"bBIxVd:vV)k_P,p\0)Sp>y\ZR\0?Bk\no*<a\0\0 r	-D>8XNkw]b(`+#EVx\\D+gX=%DPzf*>XW\"D1?PE3\"rn	N\"b<PQT3pl,f!\"meq.	_bNUp^%|g Z\r\ne5-$u+`U]z[RI%G6T}r160\nq3,P]);[Z{	Mgjld)\03cA_iA\0-W`\"0-]L?+\Zn@`*kArT@$/mDT+AR0tp-%Are+0DD1nit/-M:\0u8	a!r6_p@C:g$Kxi%!+6|^%2-\ZD%5NrC-%~*,;0ax&`cHRlE	Zf\n\"8H3,NsebF4JR.Tz\Z)/4Zhm\r1 )o(iFZ4\n6UN\nkEG>tV\rrc)ATgy ^10*S9`\0<C17$,dw^/\0d16w\\OkLC\\,=sCRv3b\0QY*EV(Nl\'7L(_:q%d6Q\"dc(DUOA5F<\\4[,\\6MH?qo0mJQMjq?\nZVWY\newl1k^&\ndo--O*_YXQF%lvn|7}+2FVZ\ngTn8]d\rTpjWR*qo^x.+]Ki-p:HW^.e*V\Z	Px+^%(\'Q\Z	*	PBmOp7H\r\0#L+3Gd}nwFVsR\0tkGfugZJ/0\Z0+`JA3Gz aPlA*\0K8/CC&PLr]jvlxLH( U$EIiIOr-*(8Y\\ET&Ytb-+xc]?`35mf6+`? *P?i:z;&;OLDq)Vc~BmIxH\0<IG:*VN^g4>9X|eu3-Z6eBz]d-vj\Z6mV\rVw3_#TJ5XQ|G4`+/hEZ$k}a_0|OA]W$+8&VQ\r]3@b,?:Xi,GDZW`\'Y(;B\ZX\nt|EPT	FQ&=Q4JcA\r>n@3WG 	U?)Z].!tE:\n>a_\Zuq,e16E\ZE0:AC|2_(4|Q}CnuKYWee|ZEc\r%u!Jz[V;}F3M690l,Kn&ZA3EUh\rShT\"\0\' N3\0u^;NTUOyCq*,\\36T}KHLYxq}@t\0o)$J@/N%*jed9^E0KAjhN/d+@cJM\0xa{/PTcQ>2b9r$t!m5\nMC$JBmR>%y%-v7D\Z7*}{>eVgS0xhj[0=>%2q*]*gTf(TAp~#fC8F<-oZ\0P[G8D\"i)M\nq+lP|L;h_P*SqD8Ce7;pPLB-+PS1*jBK=^0}(/-W}kldw_(0?^&-eJZv a,/#b~A.@zJX{d}2lZ+q@Vv+f/<^`A \ZlPEUbOZ5bksG5s-*\rWy>K0\nsAAx >hvzkaA)pqj4=8G\r/T&0m\'!fn+w6f=s\0LyB;t}#]6l*Qv{ALjgBdMRa6B1\0|tOP)7?V ,pKQV1f>H\"AuL:h:\0daW} Vy&,\\K\Z\r.h[Q\0vER39HQG\r#vhXU(,?d9 <)KCB0Fa@$gDB_(o+10t\0jWa6(5S6\0#fzc1L]?f\Z~lg:k\Z4Sesl?tk1(\"Dz$^0HrERhyc#Qojf8r0 qmGM;\0,5TP\rYl]+.}L/7Y&o\')W!U\"[{Z[G]/QYh\0B\r0NfvcQUZwtGeG1 g\rEP)D,mwP.b18.mysY]mJB3]\'xral&\n@[l|).`\\n\\ bd\ZQK{y9)!@ZlCU!`%\0jo\'(|[ok\ZC[^`J7=XnR1Gsvd@\"<#rp5qltt<H&2s0a`f P\rbKnscfD8Ic\'ApZrEg:s6ej\r4b1>!V\")xf7qo))=2=\n(8_}<\'_0\rjV[w!\0@0W{j \"B|pZV6\",K-rU}L#p8wz5aJb(Zx\r&qwYzlx6;w\0yA\Z6\n\r@/	:WS]^b c03ZF*k\'l3tCd{045Q-Ef-Rmk_0*ZJ_<_+5cn\"AaJR\"b*j?p(p-Vcj$4\0UN` ^L,D.(^Xw\r1\"iL	l.4O\rkx3]KyE[wE,q|ha\"m::+~+U.pW\r9_RBJ[8t.^X-WlJ&SpA]l/6	|kks3g,A*aQQq\0DuGz,\"Jn\\TbqpsI\\p{:a:!JEx5,W\r=JZ>Q\\@E[a6$Au\n-K:>	E&2yV\nYFml	:ehO>id`X%>j+\".={6}\n\0yE*oPm]E5`EB\'D5L*\n1\r.(!)aEGX*LEwLU0{*8z0[wo.:w\0RUOA]dfKj[(:8.&I_~f7CcS\"0baA|@p&m-PEb#sl{F\r\0AjqRKrX\noLttrKV\0U-q*\rr#Em}#;LZH1uN\0u\nggExnw9;Y;7\0%V5n9dc9q@2X\0]#RK)Yyb	T[%f-&XkIF_\Z/\np,m}MW%Mlcx-JUTU;DJ@\\;,m%\"%]\'b@1-wpbX3`rir& 45TE%\01VMCSu/^ N~o\Z+Zx+(di=lhGjrCYi\"A\nSPUGf[4vq}I;>e]<FC~f4A{E\"By9>a)%Z!~GpH%Vv8-4]GypS|.*-\n+i|j4d[DRvq\000-\'1rs!!bh(Iq) YiF}7{1W[qQK\\AFn F\" nAG,yE00	<90`Oh95liDhL*c\'\0n`|_Ew`8`\0*:|{i1G7^}CRCQ6U^V_&:@mK/\"R)]@x1*)S~:!&SA}Q?q}B@-c`mrs71@p#4#aoPF\r+<27PJ@DZXDQsK@	E3bU)4(c7\ZG@E(o]&!|+{(TF8\nH24U_Csi,Ui5T.6^\ZBmFbwm/4\Zc\\(7P%f<[%6Z4uYWSf+))bA)DZ\r\'JrXY	64%hGyya8T\Zc*ezqnT\\aX\Z?q:/Y2fv)x}YD	G.2JFjV\n\0\0ef\rN>]AQ\rE9/\0y,;	j;\rPj4K~nxb&2P!H\\FZyr6!\0hh!#yVEZ*(q-q-a39\0S?6f=CS_;^\'h b:>\ZYPMc?5V/G1&yO'),(2,'Moonfall','una fuerza misteriosa saca a la Luna de su rbitaalrededor de la Tierra y la enva a toda velocidad en un curso de colisin con la vida tal   como la conocemos.','03 Feb 2022','Accion,ciencia ficcion','Roland Emmerich','PNG\r\n\Z\n\0\0\0\rIHDR\0\0,\0\0\0\0\0U3\0\0iCCPicc\0\0(c``2ptqre``+)\nrwRR`?\0> v^~^*vD_)p%\0?@lZh\0dg\0\0\"I`($>dCW@$	]>f\0a% {*23J---SR+KRs<\nKRSj!ABPi\05Zho\0@p2A!@riQdL0cR?1^:Sbj\0\0OE\0\0\0 cHRM\0\0z&\0\0\0\0\0\0\0\0\0u0\0\0`\0\0:\0\0pQ<\0\0\0bKGD\0\0\0\0\0\0	pHYs\0\0\0\0+\0\0\0tIME63\'\0\0bzTXtRaw profile type icc\0\08T[0)~\"/$VT 4v#M5H@\"B@Q$.Df	KmxNHVUjdmpr(C9K+`J&l{G0hhTz&X/@<vC#x4y+m\Z5[\rs{(fQBpxq;os\nc1~\r7c}Ksnl\Z\'Tc-.b5hh{/sxgB.H&)f=YoK#ci_<\\wC.L\0\0\0IDATx]~f7HH%!VzLLkbAF8cgKg:Gk*A!	$f#\0\0\0\0\0\0\0\0\0\0\0\0\0\0\0\0\0\0\0\0\0\0\0\0\0\0\0\0\0\0\0\0\0\0\0\0\0\0\0\0\0\0\0\0\0\0i\00&\0\0\0\0\0@T\0\0@!\0 \0P\0@E@ \0 \0@\0@0\0\03\00``P\0a\0\0D1DA\0A\0\0`0(f\0\0\0\0\0\0\0\0\0\0\0d\0@\0\0\0\0\0\0\0\0\0\0\0\0\0\0\0\0\0\0\0\0\0\0\0\0\0\0\0\0\0\0\0\0\0\0\0\0\0\0\0\0\0\0\0\0\0\0ell\0f+-\0\0\0\0\0\0\0 \0D\0@\0\0 \0\0P\n\0	\0AB\0\0 	\0D\0\0\04(A0\0#f\000\0\0\0\0\0\0  \0\0\0\0\0\0\0 1\0\0\0\0\0\0\0\0\0H\0\00\0\0\0\0\0\0\0\0\0\0\0\0\0\0\0\0\0\0\0\0\0\0\0\0\0\0\0\0\0\0\0\0\0\0\0\0\0\0\0\0\0\0\0\0\0\0e\0\0\0\00\0P\0\0\0\" @\0\0\0\0 PQ$\0\"\0\0\n\0\0\0D00\0\0\0\00\0\003@f\0\0\0\0A\0\n\0\0@\0\0\0\0\0\0Pf\0a\0\0\0\0\0\0\0\0\0\0\0\0\0\0\0\0\0\0\0\0\0\0\0\0\0\0\0\0\0\0\0\0\0\0\0\0\0\0\0\0\0\0\0\0eln\0 \0\0B\0\0\0\0\0PB\0\0\0\0 \0H\0\0\0\0R\0	\0A\0La\0\030@1@\03\03\0 P \0\0\0\0\0\0@\0\0@\0\0@#\0\0\0A3@#\0\0\0\0\0\0\0\0\0\0\0\0\0\0\0\0\0\0\0\0\0\0\0\0\0\0\0\0\0\0\0\0\0\0\0\0\0\0\0\0\0\0\0e,j\0\0\0\0\0\0\0\0 \0\0@)\0\0\0 (@4( H\0AA\0 \0\0\nH`2A\0f \0\0\03\0f3@\0@\0@\0A@!@d\0\0\03\0\0\00@\0\00\0\0\0\0\0\0\0\0\0\0\0\0\0\0\0\0\0\0\0\0\0\0\0\0\0\0\0\0\0\0\0\0\0\0\0\0\0\0\0\0\0\0`iaL\0\0\0\0\0\0\0@\0\0P\n\0 \0\0   @\0HD \0@\0\"\0 1\0\0Pf\0``\0\0\00\0\00\0\000\000\0\0f`\0F\"\0\0\0@\0(\0P\0\0\0\0\0\0\0\0\0\0\0\0\0\0\0\0\0\0\0\0\0\0\0\0\0\0\0\0\0\0\0\0\0\0\0\0\0\0\0\0 ,@esQ\0\0\0\0\0\0\0\0 \0\0J \0\03\nT@A\0@\0@\0\0\0\0	\0#\0\0 \00\0`3\0\00 f\r\0\0\0 a\0\0\0\0\0\0\0\0\0\0\01`(`\0a0\0\0\0 \0\0 a\0\0\0\0\0\0\0\0\0\0\0\0\0\0\0\0\0\0\0\0\0\0\0\0\0\0\0\0\0\0\0\0\0\0\0\0\0\0\0\0\0\0\0,Xh\0\0\0\0\0\0@\0\0 Q\0\0\0@\n\0\0\0\0\0\0P\0\0\0\r\00f a \0\0\0b\00\0\0C\0\0\0a\0\0\0\0\0\0@\0\0 \0\0\0 L\0\0@\06\0\0\0\0\0\0\0\0\0\0\0\0\0\0\0\0\0\0\0\0\0\0\0\0\0\0\0\0\0\0\0\0\0\0\0\0\0\0\0,\0D\0\0\0\0@\0\0\0\0(\0\0 E \0\0 $*\0 \0\0\0\0\0\0@ \"e \00T4`\0\03\0\n\0\0\0\0`\0@\0\0@\00 `\0\0\0\0\0 \03 \0a\0\0\0a \0\0\0\0\0\0\0\0\0\0\0\0\0\0\0\0\0\0\0\0\0\0\0\0\0\0\0\0\0\0\0\0\0\0\0\0\0\0 ,X\0E\0\0\0\0\0\0\0\0a\0Q\0\0!\0-s[={+zMYd{g{=V{h=`.XV{\Z{{Z8w-cbwwckkV+.\\mfm.\0\0 \0\0 \00\0\0\0\0\0c\0\0\0\0\0`\0\0\0\0\0\0`\00\0\0@4PfF\0\0\0\0\0\0\0\00H`6\0\0\0\0\0\0\0\0\0\0\0\0\0\0\0\0\0\0\0\0\0\0\0\0\0\0\0\0\0\0\0\0\0\0\0\0hF\n\0\0 \0\0@\0\0\0\0wO?\'y;=G|7,.~\'~_wGOz{~z#Gu;pi_;m3N:S~[=:zg{=N>zrq;\'p#o/~z=@`@\00\0\0\004\0\0\0\0 \00Z\0\03H\0\0\0\0\0@1 \0\0(\0\0\0\0\0\0\0\0\0\0\0\0\0\0\0\0\0\0\0\0\0\0\0\0\0\0\0\0\0\0\0\0\0\0\0!`AFe`H\0D@	!\0\0\0\0`\0((K,lndW\'kKv	/y_:W;m|!/8p.u^]p3cG8/|||7#k/Y;bv.p_y\\zN>u!.g};\Z\0!0\0B\0X\0!\0\0`\0\0\0(\n(\0\0\0@DQB\0\0a\0`0\0\0@\0\0\0\0\0@\0a\0\0\0\0\0\0\0\0\0\0\0\0\0\0\0\0\0\0\0\0\0\0\0\0\0\0\0\0\0\0\0\0\0B!,aAdX(\0 \n\0B!@\0\0!\0(bR*E\0\\\\<xm_OC9xSO;se|/?/;zk`Z9q\'N3?zib.;x?9W\\])677<y#_x?~OxmnlM|Q>C~O<j@!\0Q\0\0\0\0\0B!* T(\nQ\0(	@ @HB@!(@\00   \0Q@@\0@\0\0\0\0\0\0\0\0\0\0\0\0\0\0\0\0\0\0\0\0\0\0\0\0\0\0\0\0\0\0\0\0 @ (\n\0\0\0a\0\0\0B\0 \n\"0\0Z\\pAe=677\".^`flv*fF-6-bggg_\0}9{Jee1Cewp\"\0\0T\0\0\000 `\00\00\0\0\0\0\0\0\0\0 \0\0\0\0 0\0\00	\0\0\05\0\0@c\0\0\0\0\0\0\0\0\0\0\0\0\0\0\0\0\0\0\0\0\0\0\0\0\0\0\0\0\0\0\0  	\Zh\0\0\0\0\0\0B@@\0\" \0\0dA\0@^hY$0\nb)Y$1*@\0\0A\0\000\0F\0\0\000\0\0\0\r\00(f\0f\0\0\00c\0`\00\0P\0 0\0A\0 \0\00 \0\0\0\0\0\0\0\0\0\0\0\0\0\0\0\0\0\0\0\0\0\0\0\0\0\0\0\0\0\0\0`@H\0DQQ\0@\0\0\0\0\0\" \0\0\0#0@\0E\0Hcd7pKvv|s[\\}SNWsES^yp7XW5/<J P\0\0\0\0\0\0 \0\r00\0F@\0\0\0\0\0\0\0  \0`\00\0\0\0`\0\00 \0\0\0\Z\0\0\0\0\0\0\"\0`\0\0\0\0\0\0\0\0\0\0\0\0\0\0\0\0\0\0\0\0\0\0\0\0\0\0\0\0\0\0BJE)*EBQD\0\0\0\0BE)%!!\0\nIE!\0B\"{/k:v_|3.;t{}z{<g_\'|y~zK/Q	*\0\0$@\0\0!\0*I\0% \0\0PP\0\nBE( \0 \0\0$ \nB\0 @\0\0!\0\0\0\0 @\0!6\0\0\0\0\0\0\0\0\0\0\0\0\0\0\0\0\0\0\0\0\0\0\0\0\0\0\0\0\0\0\0Q\"P\n!\0P\0\0\0\0B P@\0 0b\0@\n	\0@\0\0!\0~Wu;P-]?oS:df>|]kix_+.G`\0A\0\0\0a4\0@\00@\r@\0\0\n\0\0@@\0@\0\0\0C\00\0\0\0\0\0\0A@0\0`\0\0\0\0\0\0\0\0\0\0\0\0\0\0\0\0\0\0\0\0\0\0\0\0\0\0\0\0 \0\0QE@TZEP\0E\0\0\0\0JR)bB\0\0H\0ADKO>w{</p\"zZVk^kY|g=677|}} \nB\0\0!@\0B\0b0!\0\0\0\0\0\0\0B\0\0\0B!	D!@\00!\0\0 \0@\0\0\0 \"\0\0! \0\0\0\0\0\0\0\0\0\0\0\0\0\0\0\0\0\0\0\0\0\0\0\0\0\0\0\0 \0-B@\0\0\0\0\0$Q*IQ\0\0B\0\nQ\0B (	I$ \08{U}eY]a\0PxW|G~w}>6\rD\0\0\0 (@\0\0B\0  IB( B\0!$\0$!@!P\0@\0\0\00\0\0\0A `\0\004\0a\0\0\0\0\0\0\0\0\0\0\0\0\0\0\0\0\0\0\0\0\0\0\0\0\0\0\0 \0(\0(\0\0Q\n$\"\0 B\0\0\"\n@	)`^{)lll[{ZbccCeo6?m3\0\0)\0P$@a\0A\0 \0\0\0\0@ \0\0\0\0$\0\0\0A\0`\0@3\0\0@\0\0\0\0\0\0\0\0\0\0\0\0\0\0\0\0\0\0\0\0\0\0\0\0\0\0@\0(X(DQ\n!\0\0\0(BT\0@)\0 (R 0B\0*(7K?Zg9<\'$yslllO \0BH\n@ @\0\0\0 \0\0*	\0\0\0@@B\0\0 \0	D!JE\0\0\0 \0\0\0!@@B`Q\0\0f\0\0 \0\0\0\0\0\0\0\0\0\0\0\0\0\0\0\0\0\0\0\0\0\0\0\0\0\0\0B@!Fb!\0B(\0((	\0 @\0A\0\0$\0\0\0@$\0\0\0\0\\n{k\'OzTxk]~agotN>>er?\0A \0`@2\0\0\0 \0f`H\0\0@\0H\0A@\0@100\0a\01\0`\0\0A1\0\0\0\0\0\00\0\0\0\0\0\0\0\0\0\0\0\0\0\0\0\0\0\0\0\0\0\0\0\0\0\0@\0QH\"R\0\0!\0\n\0J\0\0@YA	\0\0A\0\0\0 L\0\0`fg%03f=*P`-YhY,E@\0\0 \00  \003`b`P\0\0\0\0\0\0\0`\0\03@`00\0\0a#P\0\0\0\0a\0\0\0X\0\0\0\0\0\0\0\0\0\0\0\0\0\0\0\0\0\0\0\0\0\0\0\0\0\0BX(I\"A@\0EPQ\0VV5{;x1AH]PjZ\0 zm\0a\Z\0\0@ecc,f=`eY,bZV*0KQjmzvW+\nz6z631VAY]Vkc1z63\0V^Y[\01B\0f(\0\0\0\0\0EQDQQ@\0\0\"\0\0T!\0\0\0\0\0$a\0\0\0\0`0$\0\0\0\0\0\0\0\0\0\0\0\0\0\0\0\0\0\0\0\0\0\0\0\0\0 B$BR !\0Q\0\0\0@X6oF^>>~yg8\rozy\0-tz	s]=;wS\'OQ\0vvvz-se7;}%/c:rJ\'^x7&g_o^:sCsn~N~bYo|u:vsq[nr+_\\x{|:,os]uK8p-o+z3ky{>\'t\rV+G^ig{K/l{kwz/xjruxk.`gg78< \0\0\0\0 E\0\0P\0\0P@\0\0\0@0@\0\0\0\0@a\0\0\0\0\0\0\0\0\0\0\0\0\0\0\0\0\0\0\0\0\0\0\0\0 @ARQA \0,\0\0Z BH\0@I1W?1^^\'N}u^x3|W>}??Bq}}}>5O>v~e/\'Hf==~?x=o[e<q\0e;w??w!x3>s\'>u71|{g<n_vwc_<#^_W^:s_Cn&s%g~R7g;]v2=eo\ZG}_rzM~>}|l`\"(DQ\0@\0EQ\0\0  @\0\0\0\00\0 \0B$\0 \0\0\0\0\0\0\0\0\0\0\0\0\0\0\0\0\0\0\0\0\0\0\0\0\0\0!D(Z\"\0\0\0PI\n}}o_i,M1C|xLK\0appap7!	)1#-.Zj-{\0\0ID0O;bdN?n\nB0x]s5`yeSO_eQa\0f2\0o]?\0\0a6sv!ly\'OZ]]=^se=l]]{qmc6ZY^\'O^g}s~<9|4duubuu3<\"d2-7\\=I\0 \0\0\0 \0\0 D\0P@H\n\0@@A@\0\0@\0\0P\0V[@)\0\0\0\0\0\0\0\0\0\0\0\0\0\0\0\0\0\0\0\0\0\0\0\0\0AAH$I\"H $\0D A\"\"\0\0\0	dissQ8>:wY\'N0#\0QD[\\1\'JBB\nW>Nf\0\082&7}8~qUmoo[:.^{{89tW|?%\"Ccv667H!\rcGpe{-gLdqwy\ZZZ\\t_\r:m8#H8vy8aey\"@\0\0\0\0BB@D\0\0@\0H\0@HHV\0A\0@\0\0E\0(\0\05\0\0\0\0\0\0\0\0\0\0\0\0\0\0\0\0\0\0\0\0\0\0\0\0\0\0BH2\0!A\0\0 $$@D\0D\0D\0sm\r\0  9l>-f9-\0mq4$tG;^$ PqV[qQO=o2\00Myiy?6c$$fg_[X?7xy1IL~U|;\ZQ@t:Cg>gG3jQ\' X[[s!_)_w\0\n\0\0\0\" \"@\0\0B-\0P ( (\0P @@(\0\0\0@\n\0\0\0\0\0\0\0\0\0\0\0\0\0\0\0\0\0\0\0\0\0\0\0\0\0\0!	!A \0HHHHH#	\0(H @\0 N<h}bL,..XXXkq1W]ud\0 $1N;z{l63=6669quQ\'-7f3IA0N	df30;=rK|db:y`iq=e$PKK:O6L;v?gf b6=dGlnF\'BA \0 @H\"\" \0\0\0	BB \"\0\0( \0	\0 \0\0@\0\0\0\0\0\0(\0\Z\0\0\0\0\0\0\0\0\0\0\0\0\0\0\0\0\0\0\0\0\0\0\0\0\0A\"AHB$\0\0\0\"!!\0  \0\"\0}1}~C/_/<hske?kvaqqQDllnzG;faa3!3?%/6#|~;~UU?=cv$$9G[[[|s\r08.\\`GM~\'~gxxa_~]gk{>?.\Z;o2x;}II<#vvU=~G?8089[[~mov.\\(C<x=_/?m \0		A!(\0 \0$\0\0	\"\n\0 \0P\0@\0\0 \0@ (\0\0(\0\0PR\0*\0\0\0\0\0\0\0\0\0\0\0\0\0\0\0\0\0\0\0\0\0\0!$BB \Z \0@$		D\0T!\0 w^syvsh}.]\0abg/8{fp	P&ks9{kkk={={p677I\0Y;d2gn{M.^fSped{.=w{x\rD|>w{W-/-iyE,..8S.],siGN=a{>wn/^0\Zxd:9w|S^luuk/|e]\0DE\0E\0\0\0\0@hQP-UQ\0@U\0Hh\0\0\0\0\0HhA\0\0\0\0\0\0\0\0\0\0\0\0\0\0\0\0\0\0\0\0\0\0H$\"\0  HH  \n$\0\0$ \0Va\0E[0q$%$\0&`ssK0\0a$V[0mCble*H\Z2h+!`lLgSsI@[c+bV@\Z[0L\Z2\"8Ra!q!q!IP8jIAE;H;0q@D!P@\0@\0\0hI\0\0\0\0@(U\0Q\0h@\0E\n\0\0\0\0\0 P\n\0\0P-@Mn\0\0\0\0\0\0\0\0\0\0\0\0\0\0\0\0\0\0\0\0\0\0 $\"\"D hH\0\"D1@  $@BB\0 @\0bk>5Lds0$\"$:jk9g>sQIdC$8\Zd0!1q$a0q`c$V[XaUogN?$$&@H:a0b>[02H j&#$@k{K_9g/HD;\ZAq\Z:2\0 $\0		\0@\0\0\0\0\0\0\0*\nR($\0\0\0\0\0\0\0*\0(\n$\0\0\0bw\0\0\0\0\0\0\0\0\0\0\0\0\0\0\0\0\0\0\0\0AHDId@\"B\0@H\0$\0\0I\0\0 \0r1o{\\k^rtg%\0L&x+_#xI^km;vy]reC\0n8[_ZvgqV/&;z_j/3g:vo}kEw2x\']s[oqSO	^W7NyG^J/EVWW=S a:z=/W|G;u	[[>\r{u@9~[nxwgQvN^O>eG||EKKx8k}K<wK/[ZZrr7xr79yuN~BID@ \0$\0\0\0\0( \0\0\0(\0	* \0 \0\0\n\n@\0\0\0\0\0\0\0\0\0\0P\0(\0\0\0\0\0\0\0\0\0\0\0\0\0\0\0\0\0\0\0\0\0\0\0$\"$$$  \0\0\0H$\0\0\0  \noy;~]keew?/|>\0XZZ?#^Wq|vM7_yK^duwwxYYc{>[5te_57y+Hy;?VWx~uz{7|z];wi+eeyM^u_o{y[wN?r\r[[[co\\{q?7o|b6~~ZXG/~]^x>Ox^gmu|>w\r\'^p8ZYY{+/ii-o^??b\0A(\0\0\0\0 \0\0\0\0 \0\0\n\0\0	\0\"\0\0\0\0\0\0\0\n\0\0Pa\0\0\0\0\0\0\0\0\0\0\0\0\0\0\0\0\0\0\0\0\0 \"$HB\0 \0\0\"!	!H\0 \0\0 \0 %<[c}IDUB	_|SrmM%ba@	I?t&d:q>C>---GfCmsX6bLc_/lnn.-I!awa)3~w~=lHAznmdk{]cv	x:\'ue}o=9~s;wW~\r[v=z8\0\0\0\0\0\0\0\0\0\0\0\0@\0\n(\0@\0\0 \0\0\0\0\0\0U\0Um)#\n\0\0\0\0\0\0\0\0\0\0\0\0\0\0\0\0\0\0\0\0\0	A\0 \0 B@\0\0@H (\0\0\0\0]w]vjl!@(G6hkl5;Y q0assG~^pa_xK7;[666]{	/oDU[XUX|{8a}>as=\'XY^6llnw{iBeqa~)\\Y/~M75Kx+|>c>8xj&gy7C76=8~T;\0\0\0\0\0\0\0\n\0@\n$-\0J\n\0\0\0$(B\0\0\n\0\0P(J\0\0@\0\0\0\0\0\0\0\0\0\0\0\0\0\0\0\0\0\0\0\0\0H\0A\0\0DDA\0\0\0 \0\0\0A+~>w\"A\0h>\rco8Zkkk$s8l6seG_xPKK~d2=v[i{{.q*&IOXY^1;V\0mIl:u}_?;YIP Lg>wkO$ :x;,e~chiy|>oNg!q%~n\rXsUfS\0A\0\0\0\0@\0Jhi\0\0HH\0P\n B\0A@Q@Q@-\0\0PZZ\05\0\0\0\0\0\0\0\0\0\0\0\0\0\0\0\0\0\0\0\0D$H%@D@\0HHT$\"\0A\0A@BP\0\0@1N-..XfueLSV|d\0E7u^c>l:w79pU9~](0LuM7\ZA[+|:7NX[?_d<p_gueKKS/v3gvk-,\0fzahue*\0X^YvyOZY^2q-7j>wtc&E>Ok\'];]s#;Z[[{?Gd29~s7`yiY\0\0@\0\0\0\0A\0\0PA\0@P@\0PRm	ZP@\0hQP\0\0@Q\0Z\00\0\0\0\0\0\0\0\0\0\0\0\0\0\0\0\0\0\0HBH	 \0\0\"!\"\0\0\0\0AC\0\0\0\"\0byy?w|Sg^--.?c{{[p?yN~{Y{u?fv7~/qOyZt:z_2L\\{5\\`eywi?{{v>;|#\'>C~|>fG{?{?jk{.CDd#{=/ygz7/~OH{~?dxqm>{{o]}5X[{Nk:z_r9|+N?/}qt?kW_\'?Y[\0\0\0 \0\0(\0\0\0*\0 \0\0\0\0\0H\0EP@\0\0\n\0\0(\0\0\0\0\0\0\0\0\0\0\0\0\0\0\0\0\0\0\0\0\0DDD@\0@\0	H(\0\0\"\0@@@\01NL&xE+++\\tHKKVVV\\rW$1MMS&lfcc8A1x\"*`ey+._bkk&]m6L&7@1$Vf3/],/v%bqaKlmm\"XZZ7$1NN.^lss$t:1NloXXX\0[[mmtb[[[f3f\rsKK\0-..o8ZX\\~eC;\"\0\0\0\0@\0-\0\0J\0\0J\0\0\0(P\n@(\0\0\0\0\0\0\n\0\0\0\0\0\0\0\0\0\0\0\0\0\0\0\0\0\0A$	B\0 D H\0@ \0\0 \0@\0T\"h 	(!	\0H :\"D%$mA@TE\0@IPmUI@$B@1 %Z\"AIhh\"J\0@HH\0@P(@P@\0\0\0\0\0Z\0Ph\0\0\0@\0Z\0\0@P\0E\0\0\n\0\0\0EP\0@P\0\0\0\0\0\0\0\0\0\0\0\0\0\0\0\0\0  $AB\0H\"!\0\" @ \0$\"P@C\0$\0\0 \0\0\0\0\0!\04@((\0@C\nA\0\0\0	\0$\0  (Z \0\"\n\0 h (\"\0*%\nh\0 \0\0(P(	%h$\0\0(\0\0P(\0\0\n\0\0\0\n\0\nP(\0\0`\n\0\0\0\0\0\0\0\0\0\0\0\0\0\0\0\0\0D2 \0@\0$ @\0@\0\0\0\0@\0\0P\0@\0 \0\0P \0\ZP@@D\0\0\0@@\0\0\0(RP\0\0\0\0@@D@\0\0P\0TPPAUD4\0$@\0@\0P\0\n\0@[\0\0E\0\0\0\0\0\0\0P\0\0\0\0\0\0\0h\0P@(\0\0\0\0\0\0\0\0\0\0\0\0\0\0\0\0\0\0\0D	@ \0 \0H\0\0\0\0\0\0P\0\0H\0\0\0\0@ \0\0\n\0\0\0\0\0\0\0\n\"\0\0\0\0\0\0A\0$\0\0*B\0\0\0(\0\n\0(\0\0\0*\0\n\0\0\0$@\"(\0\0*(\"(((\0\0\n\0\r\"\n\nP\0\0\0\n\0\n\0\n\0\0\0\0\0\0\0\0\0\0\0\0\0\0\0\0 	\0\0$	A\0\0\0\0(\0!\0\0\0\0\0@@\0\"\0\0 ( @\0(BEP\0\0\0@TAETI\0\0\0\0@\0(\0@\0\0@\0\0\0\0\0AP\0\0@TE-@\0\0A\0@ AAUQHP\n\0AR\nP\n\0\0\n\0\0\0\0\0\0\0\"P\Z\0\0\0\0\0\0\0\0\0\0\0\0\0\0\0\0\0\0  \0\0\0\0	0$\" @\"\0\0$\0(\0\0 \0\0(\0\0*@ \0B\0-\n\0@Q44\0P\0\0\0\0\0J\0\0\0- \"\0\0 \0 (\0\0P\0@\0\0\n\0\0\0\n\0@\"Z\0-\0\0(@\0J(\0 (\n\0EQ\0\0\0\0R\n\0\0\0\0\0\0\0\0\0\0\0\0\0\0\02DB\0\0\0\0\0@P\0\0\0!\0@\0H\0\0\0\0\0R Q\0\0\ZP@TEPHP@\0E\0\0@P\0 A\0B\0AUA\0\0@B	J@A\0A\0@\0\0A\0h\0\0 A)\0\0\0@EP\0\0\0\nU\0-AQ\n\0\0EQ\0\0\0T)\0\0\0\0\0\0\0\0\0\0\0\0\0\0\0\02H2D@\0DH\0 \0H\0\0\0@\0\n@\0P\0\0\0\0\0\0\0@\0\0PD\0Q\"%U\0Z\0\0\0\0@\0P@\0\0\0\0\0EI\0	@P\0\0\0\0VA\0h)\0\0\0EAQ\0\0\0@)\0\0Z\0\0@\0E\0\0E@@\0Pm@L\0\0\0\0\0\0\0\0\0\0\0\0\0\0 Dd@\0 \0H\0\0	\0H\0\"\0\0@\0\0 \0\0\0@\0\0\0\0\"P\0P\0 \0\0\n((\0@\0\nH\n-	P( )\"\0\0\0\0\0@P\n\0\0\0\n\n* \0\n*(\0\n@\"\0\0\0\0\0\0 A!\0 (\0B\n( \0\n\0E\"\0`\0\0\0\0\0\0\0\0\0\0\0\0\0\0\0 $D \0Hb@@@ IP@\0 (@\0\0\0\0\0\0\0\0\0\0\0QDU\0UU\0(@\0\0A\0!AP\0TQ\0\0(\0\0@\0Q\0QP%P\0P\0\0Um\0\0\0h\n\0\0\0@H(\0\0\0(\0\0\0(\0\0\0@\0\0\0b,\r\0J\0\0\0\0\0\0\0\0\0\0\0\0\0\0\0 0$@\0D H\0\nD\0\0\0\0\0\0\0\0\0\0\0\n\0\0@\0\0P\0\0\0\0P\0\0\0\0PD\0\0\0@A@[EA\0\0\0\0E\0\n\0E\0\0UD(EQ\0\0Z\0\0\0\0\0Z\0DZ\0hD\0\0hP\n\0h\0QmiP@Q\0\n\0\0\0\0\0\0\0\0\0\0\0\0\0\0\0A\"!\0@@		@@H@  \0\0 (\0\0\0\0AA\0 \0\0@\0ZB\0@\0\0\0\0\0\0\0EU \0P\n%\0@Q P$\0\0B@ x:0XO\"B21_	 !q}^?UHB\00\0\0 \0\0`Ba\0\0`0\0`\0\0\0d\0\0\0\00\"4\0\01\0\0\0\0\0c\0\0\0s\0\0\0\0\0\0\0\0\0\0\0\0\0uT\n\0\"$\0\"3\0\0\0@\0\0@\0@\0\0`\0`\0\0\0\0\0f I\0\0\0`\0\0\0 @30\0 \0\0\0\0l\0\0@\0\0\0&06\0@\0lD\0\0`\0\0\0\0l\0\0\00\0@\0\0\00`\0@\0\0\0\0\0\0\0\0\0\0\0\0\0 @HCQ\0@%\00\0\0\0\0\0\02\0\0\n\0\0\0XPP!\0@\0\0\0\0\0\0\0 \0a\0\0T\0\0\0\0\r\0\0\0\00\0`\0\0\0`0\"@\0\0 \"\0\0ABB,Da1\0\0\0\09\0\0\0\0\0\0\0\0\0\0\0\0@NB\0\0B*E%!P\00\0\0\0!\0\0\0D\0\0\0\0@\0A6a\00  \0\0\0\0\0\0\0A\0\0\0\0\0\0\0(F\0 :\0@`\0\0	\0\0 @\r` `\0\0l(\0$0\0P@X\0\0 (\0\0\0\0\0\0\0\0O\0\0\0\0\0\0\0\0\0\0\0\0:*\0!\0BP@\0\0\0\0\0\0\0\0PLf$\0\0\0\0\0`,\0\0\0\0\0\00\0\0` \0@\0\0\0`-\"\0\0(0a\0	6\0\0\06\n\0T\000\0 0@\0P`p1\0C\0  eF \r60a\0a\0\0\08\0\0\0\0\0\0\0\0\0\0\0@p$5\0\0\0JH\0 B0\0 \0\0\0@\0\0 \0@\0\0\0\0\0\0\0\00\0\0\0\r@@0\0\0 `\0\0!`\0\0\0(0(\0@\0B$\0 A\0,0D \n(\0`\0`BB*@Bt @a\0\0\0\0\'\0\0\0\0\0\0\0\0\0\0\0\08P \0\0D	P \0  $l\0\0 \0 @\0\0h \0  \0`CD\r\0\0\0aC\0F\06 C\0$,,\",@\0`\"E\0`\0\0 d \0\0`!\0@f@\0	C\0\0`00@bFX\0\0\0\0\0\'\0\0\0\0\0\0\0\0\0\0\0!J\'B\0!\0@ H\0A\nC\0F2C\n`\0\00@ \0!\0\0@\0	@h\0\0\0C\0\0e\0\0P\00\0, \n\00\0 \0A@X\06k0P0\Z\0\0\0 !f2FQ050\0\00\0@$\0 \0D\0\0 \0\0\0\0\0\0 \0\0\0\0\0\0\0\0\0@\0\0@R \0\0@\0  \0b! !\0\0\0\0 \0\0d\0\0\0\0% P\0b(\0\0A\0 X$`l@\0Q!0\0\0\0a\03\0\0\01@l\0\0Ql@1`	`	0p`6 \0\0\0\0\0\0\0\0\0\0\0 CG<\0* \0D\0!\0\0@!0B\0\0\0P\0\0@	dHL\00\0\0D\0P\0@\0!@0\0\0\00+  bC!l@\0(@@h \0cPaFX\02!0 \0L9f4\0C\0@l\0\0\0x\0\0\0\0\0\0\0\0 r\0\0\0@\0\"\0@\0\0\0\0\0a\0 \0a\0\n@\0\0\0\0@\0\0\0\0\0` @\0\0\rl(\0a\"   \0\0H`\0 \0aR\0\09|r?F\r(\00`ba\0\0 (0D\0 0@1	@21@\03\0\0\0\0\0@\0\0\0\0\0\0\0\0TC\0* \0D\0\0`\06phr@\0\0\0\0\0\0\0A1\0\0 \0\0@*\0\0D	@`\"\0a %\0a`4b\0b#\0WP a 06\0`\0ce`0\0 6l(b\0!0aF0\0B\0\0\0\0\0\0\0\0!# \0\0R)BB\0,\0C\0l! !P\0\0\0\0\00@\0C\0\0a\0 \0P\02@ @\0\0B \0@0a00C2TfW<l/02` \0cI\0000a\"\ZE.01f\0\0@\0\0\0\0\0\0\0As\0 FE CDc($\0\0Ql@d\0\0aC4` P10\0@\0\0 \0@4\0@1\nHFB,3\0 	B\0*Q\0  \0\0FD2p}}0\0d{ 36c(60a0`\0D]a0\0\0X@\r2\r\0\0a`a0c1\0\0\0\0\0\0\0\0 p(A\0!\0: @! !H\"K1:t\00\0\0\0	C\0L0\0\0\00\0l0\0(\0\0 \0\0XQ\"TA\0B\00\0\0 \0\0x_\0aa\0B6\0\06\0\0 \0\0C\0Pl!00@`\0ev%3\00\0\0\0\0\0\0p(Ig\0!\0(\0BR\n\0\0l0b0:P`0\0\0\0  \0	\0\0l\n\0@eC\0dH`(`$\0\0\0 @\0C 0)\0\0!H0FAd876\r\ra3m\r\0@`\00\0\ZB\r0c\0X`,a \0\"l(b0\0\\D+04l\0\0\0\0\0\0\0\0p( s	   \0 @\0	\0$!\0$\0\0\0\0\0\0\00\0\0\0\06`\00\0\0\00\0\0Q@P\0X\0P@ )0\0:vW(`\0a062(\0\0`#3(\0C0m\\ah\0AA\0\0C $2\0@\0\0\0\0\0B8HNBB\0Q&A!J\0 \0.!0\0!\0\0\0\0 \0\0\0\00\0	\0\r  @@!\0B\0\0%\0\0\0!3\n\061\0@2\0\08y`\0\0\0Bp\r6c\006\0alfr0\03@H10]6\n0\0Lx\0\0\0\0\0!J!\0Hq\" C@!P2\0\0\0\0@\0\0@\0\0l@l!\0L20\0\0\Z\0HR\0! lD\0@b$0\0F	 \0Q+ax~<}:/^?8\0\0l\0. m .hE 3\rC\00\0:\0$k!:Q\0f&HFa0\0\0\0\0p\0H$\0DQ\nA\0Pl00\0\0\0@\0\0P \0\0\0\0\0@\00!0(\0@\nR!\0Xa\0\0\0a\0\00@\0LuFIf$3`0\r0`.BQ\0 \0lc3c/\0\0&m!`56E\003a\0\0\0:\0B\0HR \0DQ*FP\0:\0\0\00P0\0\0PD\01h\0d \\\r@\0@\00\0\0P\0@\n\r\0D!bP\0lbC\r(F\0\0T\rFBP\0\0@\0\00`Q!\rWe\00J`6\01\0c3cp\r0`l4`W\0\0\0B!\0 E2$(! \0\rm*`#t@`bh \0\0\0\0F$3\0\0E\"\0\0($Q@\0$F:bB@\0PF!0\04&b3O>}k?{a`1!\0\0b3c0d*0\0a/t_?`v1laaa\0s\0\0\0\0B*:\0B\0\0\"`@) D`!b(6\0a`^l(	c\0\0\0\0@P$	!\0B\0@  B\02Q`pT(\0!\0(B!B	9Na>kog{}5<t@\0@P\0D~?y|.!Pv\00\\C{0Be0B0\0<\0\0 \0 \0HHd	\0D`LP1(@R\0`(\0\0\0  \0!0\"CA\0$\0\0\n\0\r\n\0P1f\r\0\0\0@\0mP\0 ~/*<:&P)Pr66`\\\0@\0(6}?a{Yp)}w\03\0A8tpCrHPP\0\0\0 0m\0\0$a \0Pf ` $\0\0\0D\0 \0DpPT\0\n* CD a(!@FD|uBv]u\0S$(d!6`b0\\bw_~G??9F1\0y0`,\n\0^tXx0L\0<\0a!:t\0\0B@R	ADe&\0\rQ\00\r1\n\rd(\0\0`a\0\0\0b6`\0@\0\0Cb6B\0@(!\0\0Ksl\0C\0dh@-M(BDB6DhL!hH{^,/9|;aB\0S!\0a+Lz.h\0$\n0&!0 @p:t(\0r\"R @0*A!\000a\0\0(!J\0\0\0C \0 \0\0\0@	0\0L%\0	\nd\"Bbhe\0\0BL@\0xHp6:W\nBd\0]<lOx|~_66dllEobS0D\0a \0`6\0\0\0		B\0\0R9	T@!6PAB\0@`\0a\0H\0\0\0!\02\0l	\0(\0 \0a00\0P\nB3\0I\0P L\0a	&(9PdCr_//6y8O}  X$4ow@G?_|;]^yRl umOZ~<9oFDv73-RYdvIa4S\'w<CcA.;k!bfk\0H! 3MbhCe&+\00K %- \0HX @B`H\03@\0D3  ZE\0\0\00\0\0\0#f\Z\0\0@\0 1!C	@@!@$(fhQ`Q\00\0\0D@0\0Aj3@! \01(f0no\\df#,-3 1O|Z\'1O>~Zfd2NX3\0l@13C1VaWfVb@`6`\0cfl@Aa\"jh@(*,f(Z\n\"D\0sE\0#3\n`f B@A   \0\0\0\0D\0@\000@0T\0 @H%*4\0F\0\0\n0\0j\na\0Ph\0\00qs\'?7rn`!\n@-&b\0=[-faon>0s1f.f6-\0l3Q`ha`aTX;Vo8}`0\034l,%EQ\0!\0(j!R!!\0\n\0DK@3f6cf#f\r@(@@(\0\0`\0\0c\0\0`@!$\"*P*!cll 3 13AF(@,PQ-ZP\0B-\0I-P)*`!HZK-}_*uxZ0T*h-ZsfKZq|ivU:i!(Z\n@1:p`a0-cfudm>~hAQ\0AXHHX%\0 @\0*+j01\0@\"`0!311l\0J\0\0 \0T\0\0\0e`\0`0\0\0B@`FaH ITZ	T*\0\n0*!A%RKhQ\"XaQEQc\rkE*zu,\0lJX+tKa!ZZ#ZaNg/^\'7/?^R! $dtC:RK/<?6P2l(\0bQ*E $\0-\n\0\0aFA*JH@a+6\03(\0-\0\0\0\0P\0@\0F \0fc0`\0\0THFR#!\0\0Qj0J0BZ@(@\n\0lf`e0lf3Qll\\ed0 d(ak-nno}8oH23mjt8q8(bK\'OL$-:0F13`\\B6663!T!\nt3 \n L(3\0Z\0a6% \023136s\0` `-0(\0\0@\"\0\0`a#(\0H`\0#\0,\ndBKRBZ\n\0c01P	0P)f\\1q\0f DL}u97?S_psOOnn7?t6ly3w8Nf_l0}uOTc3\0mffAmwQ:0fc0\0`3D\n(f\0QX+af3XF@a3C136i!\0@1cl`@\0\00 \0\0`\0$\0A\0	\0\0\0c@300%0 \00(\\\0@\0TA\0\r 03l{lf{xt:#&`P0*D	?p^o>/l{{O_ok/Z~<|L:\\kpfa\0s8\'fa1r[Rg0C}q/~zt| 0(d /-*\0 E	\nQa2FEAR@H`,03*3P\0($a\ZAa\000#	\0(\n\0 ,\"\0P\0$	\n!@00(\0R!@jJA0\0@\rQT4 T q,8Y9-O\'|vn30R\nal8{u#7;yw{gN|xx9-fO{k-\r{2Fb6a6r\'?53:_<~K+ubF%\n#	P\0Z(Eh!I`TXR0IP!ZZ*$#-	C1HP `@HB A(	@D@\0A@\nK	)Zj(bP( PaU-E=}_}gw>c(7g{o3`h-%1!kL\'?u<ZgnOp?/_>}Oo/?Olh|xf(&\ntl/;Otg1[B+TQZLhS@Kh\0P@ 2XQi\0@-Z`ie-`P\0RaEaA!JRQRa F \\d831f\nRI*\nQP@$B(\0\0cF\"@DQD 	I\0\0\nfh\nQZ2f62ZjQ--\0\0HlNPc-}~t\'|~w|^=|W	3X+Y-3B2jnN\'?~?~^}gf76===j>|^=>w|o~s>|wg]/OZf\0a(Xf&nuw_R*AT1h)\0QA:ME\0f\0(&%[`a\0tHZc\0C13s:\0aZ\n(A3#	\0ca \00@\0@\" \0(fb@\02K- H@-f(ZH%!\n(P!\0\n`3`1QYElf|+bf\\/>~ov:N7tx\\]Wmf<~_}|sO>To=Gq:!#-nz^17G?\\/GZi\\mf(j-\00srya_\00cZ+Zh	`13u~H \0\"RiBBR\0&Z\nZ@}%\0j323(%\"B\0\0@$bP\0LQI\0\00*H\"\n0hh(:d)PEFk!$TQa\0f@EXo{{_n?I!fo,.q<SKf_5noo|ZxzyxTGw/>w:a00\0A!$`:y-\r\0c`mZ@ \n@c\"B\0a\0E\0\01\"!\rjm2}0l3&\00lf``d03``00` \03f\0\ZP1@0\0\0@0\0\0\0`\0dZdEK163f\0aJ\rCC###EX#kXpuZO)/~`{llkVwwl\\.e{_]..^geO8>{t:k\'vNOkOf-jah0ff6}u:bny9.?y81\"3h!fll+!8\"Q!\0(QB@-D\0D(\0%0Z0\0\0H!*03@	0B\0\n!a(\0Q\0 0,I-EB-(TdQl0keaJbm7r.1RZW{zJ-X+39;3\'/^qO{\\O<N8W|Xg{o\'KZb (ZHR1V0`\\>238N\nCI\nWBK[Z\"(\0	$+0\0\0\0\0Bj1\r3s$cX\0\ZRX@I@\00\0!H\0*\0 0\0A\0\0h3\0 (Z,\n2Pj1cc@@!	b`F}@3[VVd0|o?<9W{w:kp:-c2euu,?n}@<<>X\\3/<==\\}pu=Wu|JXf00uK6:1`(#Wy?^~\'ksa U)f?} h\0)fCd,P!#@B\0\0@A\0HB 503}E1W\00C\03@Kef@\0\rJb`lAc\0	\0\n\0\0@@(B@Al\n0L1X2f613u(`63#263f63:Q0Fh#`=f_sWwg[cyl8+OG7cL*/>/?_}W<]_~b3[/no9{zw>sssto_nnr{_ulf\01cl6{Sh1O~o[i^	Yf?1$B\'3Z,3\0\'T\0Q`(`\0Ra@`A\0=Wb6l3P\\Z\rD\Zf $c\0H132\0\0 fF\0\0	\0h+A*/ZbP*Qcf1*+XCcl\rpG/G>,;O2:ZGq2^?}zu?xqw[s?^<]r7q>?s:t:I-uu\':h/fOb0\\%0a	D{VL7}m_:\Z,B!Q\"\n\0\n 8/H\0@XQDB*ED	0(E}aPcf\"Lf+h!ub.B-0\rZ\'3:(\nb\0E\0 \0B	\0(	!\0RHA\0 uPX\nhQ@0Rf-@\0fZ2uX+E`[p,2jJ?/7zO_=,7c9N*=/^:OW\nc6_}_^x\'o~oG6F}7?Xd7p\0bZlaX@00\0@q<:WQZ\'\\>2W6r_i+@\0	Ta@`H1\nC \0\0DI0C#32m6\r\0X:N-\Zf 7-\0#\0``\0\0@1\0\0 3A1cP1(R(2F``Q\0$6N2)2{lZf#f`xkh18/zx??Y~~<wpW?og7F:O?q_O\'ux~|rw|\'?{8LN;;Z7no_Xxo>l#csAj1IfZ1XF\0\0@f_<=N7uX`6\0)\\p}0bPL\08(*$L)@E-\ZA@l-c0RK\rQ-8k-f3-uF\0\0\0@\0!$\0\0JB\n@ @(B%aTJ-3CKR-l3Z	)uh$u`&f_08<==Z+\n4X^/Zy;/+2G.W?~7y_posc=Ve;O.N:n{</;3-~5=i_?zz|Gwwm|q^O{oB`#b.fblfV1$f\0(WfknaI:Z*\r6s10DfCk@ 5\n(Z\0\0DW/E\03AT\n\0iZg:Zj\n@a0B	0(	afT(\0$ 3$`DKkC:abl3l\'c}1\'8%5bW\'//_K=g}`c\\W/N2\'<=g^[/noon>q{{t}oS__\Zq:dO;\n0\Z\0A@e#6^pq|j3\rA-\ZftO>11fl@8wP`d4C\nRTR6A%1:\\`@aoCuC-`E@$J@Q\0\na\0\0\0  A\0R*0B(t\"HPi-$u6sVZ*}`k6GtX\'89op:N~}xq:0xqwvsZclg\'{}W^^w~wwW_~z~OAZYqX-qv>O^?&(zy\'>{Ot{\'_/~}>|N~R0f60 !7zou3AXs10sQ\0Fd;(\0\0/@Z\0J\0CPVKc0 Xja\0h0b.f63[-83B\0\nDF\0\0` \0\0 *\0\0%\n@A@ ZEKkiZH`:(a*(30\nu8`UZ9j\\8885.td_~nzy7\\O|vg?\'>973/5O.~G|.?zGZ\\w?_Ow_/iE^.:aK-lHEb6Bf_AA6;\\u2W0u`c~/sbZ\'/!t@`	J0WZ\0)jeC`f`cf@fdfajV:n}}3j# 0\03C13\0A\0\0\03RA3\0@0BB3#QZ*AAif_lsTuhF\\eTlGjFru4N\Z3?~??yT.~>zqs6WozywOu{i7fY=ylOqvs5xnO.8{}ck7_qaq,O;j\'wLldlha}1H\\m:d+rf?^}q 	`+af\n/*k)&@%Q\0-l\02U0iF-H1:Y[`f#E0(\0\"\0 F1\0B\0I\n\0$$IT`T@0\002RKk@%0\nP-Z60UZK-Pf_VVjvXi|p4\'V>o>O>?oo7og=aW77d>{g?>:gwV;}?yS~?O}7,anu6~r7w.O9;=>|tni!B\0,0|GGSZ\'Z3Nfk+`hu|}e6`\0/B1Qefc6\0B*!*Pa6!Q:Y^0h1(\00(\0*C2\0T\0EBQ\0 QHA\n0(\03Z\n0,ZuPALRQVbqWV)U\ZG9rn;c\\#7k<?sl|rw^xo?o~?Wt8yv{eqts7pF837_?g~_Z7tyHF-{o`}}u\0#\"K\'~?GuXubZ-`[83c\"K79?{mfo\03qo\"\03 R`\0Th	f$0HM2}}:#E1Ae\"\03\0 0$\0 \n\0AA-,fS:@-\"KR\\AYIkaTf_:uJCkYkZVa;ema5.|$BpS8o?gwsqw\\~w~Y.k>{?~<\\y.3p:zXEZ-HN;2/<Zq:\ZcfK-{8uB`Z\'\"@0x_9t0uO0:=\'t0:a[c}qZ~+$0b%@\0@\0\rDR-lfs12\'bo0~O{TUWvyj`ld[.JBK@B(	r c\"dE&$k<Uu=/3\0MJ@QE:Bm(FBB\Z	 ( @A((\n\n@\0\0I#$\0DH(EP\0$RTI\Z	5!)DADJwiH6i}Di]4c;+HWc-Z{ZHI]m}8R5L)S4+Q_^s8}h;72wg<b?j7q\\vju[]f$;-g}v^WsoniI\r=w?VjY}[t{ReOy*jg.QE4y4U\n@tLPP\0hY\'wo>D6c;*\ZBHc%H>\0Lvm\0}_}\0@A@\0BH*A\"U(Hhcw4\0\0\0	@DR(\0\0 	\0\"H\0	\0HBP44 F&F\"c#i!4P6I4-6iPcCi}6wIiRc\nZ5\"J31,b?/syrvmsqy+O=|=qw[i<<5N>a|\'y-M&[m.`ycRx/_~mcyW/:yxCD$Mz~p>E1V55LJZ56I0(ialtXAk0w<z+j;SOu1VU\ZFitDq9\0\0\0IDAT\Z\'5Vm:h^M{\0\nT\r(R@\n\nZP\0B\0A\Z 6U5\0*\Z\0$\rJi(jUCDV5Vi]TBBA\0\0\0U\0@)%T`R@UHP *BPPH5%M!\nPJB5.()ie456YqY2HIkMUEZ(	5uznS[]pONo,[<wwKGO,c;uEg/[>s]=epxtur>ze]:_\'swD|vvj#~a#2M;e0VtI|&&jm+Cw:vyeIQE8IEe\ruUm|\\?\ZCZ (EAPR(*U$P5\0R H JTi(E\n\0@5jjI@UjHNBA!*\0EP4P(H*\0@!\"JPE((JUEmN\05T\rU%i(4U6$tSPHj]P5hI\ZUZ,Y0j+oo\Zmc]?5,;6\\{1\'xj?gNj1hy{wy\ZkO~!5j75y[0~=yw{O|7}9gwwo<}/Tk]&Hdt5AYaN iJk\'}KJ6q6\"|srN<yOti!\"::\n!Mm\'.j[Xm%D)Aa\0i*iD	\0UN\"\n !!M\0D@	$(DH$P &iA\ZPHHDH\Z\nA\"PJ\0!B\"\0$\"\0 \0H  iF\0 $@I&B\"DhDZ($DI#E\Z }$i45IGi(U%\nz7OMjP\Zh]u_w\\q/\\WWgS=a{~7nE~m!yj&C~xp4k\Zw?+>yp|p>?8~j^>x|}abhmR6i!]4ItIW,m6$]j#q~PU|..zk~\ZPMdtl:B\riMMfc;\"@!:iA\0C$ADH#!4	PHJDBaPBH$T\rM	$T$A&\0PP@\" 	\n@ \r4II5I#P!.\"B\"	ijIH4\Z50BZ44uUATcU5$4iLMQcz\\j]SS3kC7?\\aggssxD[^Lswu}fi:<{^>]>xz}pq?_;i!OjlzkQm3MO\'[_y?6,IOqK9.{o,}4D{P(*I%]`SED\Z5VI@\rJU,Zoms>/>-i0$H@H&ics{a:\\uQc5\0\0P\nA\04@\0\n*%\n\0t* PP \"H\'tIT\r\0EHkRM44Rc(B16\nRJ!	(\0\nA\0\0T\rH@I\Z\0\"KF\Z	PC$\r$MDIUm+\ZTQJ$\'wcljRQc~qYy,~Og~NGN3is7_y7;}cO{\rw~?g>z49L>mn$p{}si*wvw.bbyZa,Gs<r}qijRk)^\'?ZGS+7W| 8\Z t\0i3\Zf0E]dE\Zg8Pz>t5wm]=iw ($iTtr>PPB	IC\0j@!\0EQ@\nH(\"\0QP:UJQH\ZHH4IA\Z\0DH0P$$!!	HB\r@H!&\0IB\"	\0(&\0B\ZK\0B\ZHTDDL$$\r@N\Z5D	j\nIam\Z]\rj*s`wou{N>o:F7rtyN_{}cC0x/pkYw:Ww_o==g%Zr\\G$W{Weusr:z%<gJ=uZtr}s?h}44jI@]>|l=6QA$]Z31\\?zb_y;\\w`\'jE%iE\"/o9<P\0E(R$BHD\0DH 		JU$\"F@\"A\0!jC$\rM\"&	I \n(DDP\Z($(@HD	i(!	TPP\04	$!PHkZH\"-TIfA(\rt>J\r=}c]Ufj\\O~oy1uk[]?sn}]=}l167a\')	~u4u<|yp}yan>xgv~N\\:/\'Qgb3m_;GS?z$M6%iNw_A\Zfl\'cUUrouI]\\]<7|OmPihZc;z~fLo4IC:\0\0IP@$$$h\0	\" 4UQQ45UTITQD\rRB\"*@AUJI\"M A$\0@$\0i\0$ U\0\0IP6$$j ijI$f.i\ZQC\ZZ{Uc#V1{35zG;syo/w/~w|{GNR_zyhvKkMZ]Im(	76yvR4?m&_~nnC(y||w/E(4{-fU}[~+[s`7=z_|j\ZZ;4-$ZIfpm]{}sWOnh(IISc>&cyc_MG$v6BA!:A\0HHP(@$ 4R$@E\nD$D*\n%JZePE\Z\n\"R()PcSIHB\0$H$$B$Aa (4A&	H\"*O\" F\n$]Z@i}T$j,JUBIk1Pi=!Js;c;M;>x|o~[~9<~d\\K{.}av66wv>30#UlZWl8VZwKYnwx8/Zkv6mjmN/={aLiGW7i6a3.vymMtc;j|f[?v:mUcQ\"i\Z8I%]*U>l8_`}k7b9&i(IV[?Sja]Qe[XmjC\0:!\rB$ \0\0\0 \0\"$(\0$A(\0H\0A*QiD#Z4I#A4\0P i$ H$(jH$	H!@HC ACPI\Z(%\n\"(jHPu]k*Hkjl\n%\"}RcC\"	izBd\0\Zj~D3c7?7~CS_||:Kyg^?gkI+-aREkyxhiV\"M<\\QbwpqW\'?z1VytycjZ OvSr1w<yt../{wyrx1rzjQ0>_K:]u6I\Zr>yw!m6I:\Z(4P>96]\Z\Z(\0\0E_\'$(BjP \nDT\0$\0(@\"(j\0HB\ZP%&(\0i]k3i(565Vi]IX%!AP$%B\0@HH0H! @\0\0AAQCB*jCI\ZSEfih$Ti}*TIjH:v\ZO(jTmPzaw_k[L)S?~^\'GG?X;<rzKG||kUlF\r\0,b]66m#;.eyyr;;z<5\\}8nzs^N:+iF.}dg/zi\\]~~g]y<{Co^r|j,jScQc!],/|tm[QUZM\'_=;Ag5Vlf=B\'J+II(ALBH \n!@P&B\r\04IS!(@BH@U\0P5P\0QE\ZK:b.iRP@ !\rEF\r @ (\nBAA \ZJHQA\ZcYu(D$i(c[CVPY>HUZe\0PZMmYoMWgS#u]6={[?%gO}LlN..f[r#wwiOZ0AZ/z[|fQ*X[C0Kmb7y/nx%3|osW_su5kiMs~\"ZUXOwj%Km8Tv(mL(U(UCmGi]267?KzU>syj>XOo\rB_O$$&\0 \0\n\n@@\0\n\n\Z\n(!@vZH\"\"iYDJHP!i\nA u@	\0IH#M4ADD4I\0R@ MDZ2\ZQC;Q6iMm1\ZE;giD0E*S+H>\"\Zb\n%B\rjHx-{;~~m/r_?{~lSw>w~}g;/ei/?_.<w]bOe8/eY9.J!B\"b]7uZa5>$ZkJ*wZ\\:<p1\\c9u\\Nvo_}G>7\\<U~1.o&m6\ZuH<e9[/\\\\?6c7O;`l4jPH<OkU6>ll	(\n|zD	\05V$!\0!A\0U\0	HP$\"@B!$]ZwHjTIHB$!HtI$A5$M$4	D	 )I$$MICIkT	$($%m\"IPXA\r$*MgDvwiK\Z*iXZ<Znh!UB9-|p0vC>]o:|mq_\r?#x~!HnupZ6LlY7UL*pxzKi6E*m?>x07m]][.W</^<~hy}l9\ZW^B\Z$&};iz\'CPUvo\'Wiw+z26i]L\rj4?	\'o[v;3lXOJ	DS*5V \0H $\0\0$\0 	\"#(@P(\n@\ZJ4DU\0J5ISUVD\rw$:B\ZTH\Z!\0\0*\0\0\0 &&\"BZtML\rjhA@j(\Z&II[U6IC4i]$2jS5mZ7M%,p^V\\g~^/E+?G_>kO_?t.?xfX};?\'~]|P/#-v\nqa_^YrN[SFm%jiv>www~_;vmpk;Oy^}//i$$5UmGUC&UmyZSc0Vi:x\'n_|wvjP}z^\ZZ3_<Qc13iRQ(K@\n$ &	\nDA!jP% !THtDRH\ZT*IPH\"m\nPZMZ4 M$M\0@Q%	\n\0EJ  \0$H\0\Z\0 YzW5MwZT\rI564hM;5VDfUe\'UCB\'b45QZjc8*HkNf\'_W>1u~qfc/Wceko`2a\"mRXFYa[Ma]_?6,^p>}g.{=~s_(eqa\'+_r|Nk;@H*jM75R:?<xx55$DadCyg?<rd=5_\\yx}A!pu$!!Q)\n B\0\0U!4Z#MD@cT	BH4	XiL\0PCZ4UHP\02\0!D#\rP\0J\0T$&\ZP5H$\rT!IH6c5\'i*M>U\ZIZLkm4OZl#jw$~0MfMKHYdaT\Zul6,]6Y{x;^w=og\'x=ys}}mUlFQZT5m<TIMkQ47S~m,aY>>h}vyqmnNge83?^|[cw;<Raw>_R$KuYGWm\ZI&\nPP5Bf7_ybg\ZgU_NoAm(!\r..$ $]@$\0\0@ \0\04I6I\Z*U%iI:PB)E$$IDi]HI*A!\"h \0H $\0H$\"	\0I\0Z\'IAIfIj iH>_%uc9i=UZ6i}Y)c=Q\Z-.Z&clymQb6SkuCYNj:\nW>m[W?5_)G{^O/+]\'}tQ7FHGTc(|8:Xnwn.,|O~Yr\\VoQ.W]>2<6j-4ue1|_U}G~w7oTmg[t,m/\r_nqk/~WP(Dj\0\Zk}O\rMl16VKH)56IC\0A.A(@	$\"! HH\0HB	\0$)5H\ZMZUmjI$	cISH&I \0$ HB\0U*$@H\"\"	FHhA\Z(IMI%Mm{}>HjI3nGU5Y`jrv^j=p>eR(ej?ieyly;\r-1o/~W7G)o/?>,Z\rUYnoMkM};:?,UzwR$i]6k9m[w</8eI\\?zWoNw_/^>~\\^?1Oej:<M+IUZYnvj[*.m\'A!j;7j;:x4_8$CZ\\<!c=IZ\0}wP\"@$\0\0A   $$P\0 tUJ\0u*H&c;SCk6Q(\Zi$@\"	   \0$ \nPI  !!@	($P4@!}Lmj, 	J\ZTI2a,|@PuU16mH4ILr.G%uF\reAYaC\0O%M2>=b9_\'zqokyDO~_3~\'4cYDD@Z>Ie=\ZA\\\'xx?Joe8<b;./8uojl,f7,jk=;\\z3S9><}\\m[JA*5VjV}[m|k1h}VctDtDUkcAJm-w \Z \n@nJU	6	\n	H(\0!$A$I$Mk	\0\"50E2$tQ$(%MP(jL;i]P&A@Ik\0D! FB\n	IH\0	P \nDHR&#J)CMO`lGZI.&}\nTiiJ:gi]456A@eymZ3Ou]f`jnJ~(Mu(M8?q5/N-Oa?gO?psi=ozZ\'c]Ym%Mg~/w~r[[q\\\r:x~\\8.nn|v|n_}nl<T+S/~\rjMMP\Zn~Nw4U(B%H3B&j44c=$H2.IW  	\0JwS(56IHD	\0iZii$IM644!i$b\0IBh&i6QIS\"$jH\"A-( Q`&\0U%H $(BQ4\0RHD\0iUuDI=\Zj3B\riMZI:hmz>SXXFe[>D6-MK7ZS5T\rRUu\0	pSVNSwF\rhw>ooj~=h^\'`,gEa;,^}p:~7yx\\\\\\6>ua)oe4Q|/yl[7WV_W9m~hw;Q\\?~le9z=<xp>i}HHWJ\0\Z|~Xgo^|_k]BJ\r@BDHI\ZcSJ`j;THk`l@:]=~_dl6t\0@tI4.m6jITmj,\0C@)D6!6j jc !$\r@dl\'c;imBg@u\nH\0%A\Z*@B&		 H$JTKk &i]\"jlTE	v>Sgm	02ku5V	j5(ZLQu]u4-xtSU1T\rs9/^?X+<jt?j}l;~ealo,UZzosi|^A|fT*vC;pt[xi~wLm2LSng3l_|8[O[m6k}V$46IM~5j\05jHh;j M$t1IU`:\\v#c5m\0TQE\Z*IHBP4DmgIXQAQ@**FjH&JA$PjdgViM	c#MkT(($\"JH\0@\0Hh\0$RR$ \re\ZhD6\"M`MiIPelg5:x*Yo%=\Zt|dYEo[M)U$y~G9gW3Ef]~+)v]5OG~w|gvxX{/_<911d=yhK<:Ho}v{:oqwwbb}|yk7W}WT+w<KM{}/4rFf.b;X6Pj54QXE;{c#CUj44D0Iu+WTvKc;SEJHHDZ#!A\0$\r0H50HhMD*D\"M\Z \"jP\"Pj!&I:5DIN	Q$@BB@H\"B\0\0B#D* @AI(DI$M4P\"(i]2\"Mk-6j jHIMNk:	5(5m\ZhZywn*ow;Skbl@!1l7=;dkCk\\3A?o<~f~g/>tu]^_X^~o:ycO{;O)/X6_9LNoHM<vs1k}5O}+OYbU}Zn^F&6HIjlDZ1XP %}LJ&.}X\r@jDMU+Qmg5c9TT)%P|P$M%MB` &B\rD$PTQHBABj\0PPJQ%	\Z( AIZPEZ\'I$4 !AD\0H@4PhFBBBA$IPj1B$HJ4I0XuiM\r\'c_g3gVx3^+v\r$R&jUJUjeQZ\ZV\"%JZtQ\0-61^x3g{|.ijJ$j7dowousQ0eU\0js\ZcNDU|\\lkwwz6wi[],~k~r|M8xbo^:|izcncmfxq9<r:Ri6v{fp\Zv==9aUZoo{WO,g{uDS5%Q5FF9N[*BBM \'5WjZIrG+UAGiNH.\'oQ0$A-\n&\0 N\r@&@\ZT\r@QA\\!L\"j\0\nA@DHD)&UC4IW+uICBHQ\0DM\n\n\"\nAPUR(I\"$(\n*5\'A(FT15(JiYhMzWseV8X\0l2#owP5:X9Wus=iZJo,(Ul:1to\',jVzC}>\'_o=\0}w~[~S6g=2N8^bLe1jq\\zxwNacR|wiu\ZqW77^Js}spvv~zr/=~?|G7U^3f*eFM1N29Sc5IkZ&*o\\tbA U%)H4Si}/q!][	O8hmQUH\"mQU (Aw~6J4I-\"`HJ$\r\0D\0J DQ\0 B	(@$(H[muIjQSZI$\"DTH\ZH!\"JH$QH!!%Hk5Q)(H5iV$MZSsH($M))JV\Zjq2J\rL\'I4iQsPewvaa]e99ER6}NCa\rw?wu1:2+O\\}KvNW/olZ9OnkW^^O7_Xqxy{45SXg9agYeVyW[^]wvw\ZS[?w8fmM{nW5TM}{n\\hhK7I2l\\I1n!R i-[yd{:$QuT~U[6PUTP (UI\n\rE4\0@$!%\0\nPTT\0 @\0\0 @Di.$$$(H\\AH#\0I$\0\0ID!HDHuHH$AP(D DD	H\ZH:HkT\Zhwj7U+sH\Z5I@RsZW5q4<i}4Dk5m;4sN/.6]K9c\\u{g=6Ns>?6}SYmG|QO{e\\__hnOOuukMuI3fmw$j{77J9:yu}j3xZK0#\"TU8\'I$(E2+\066(VUtju:\Z#{H&4\n \"B?|Q)		\nD!*BH!\r(NDU(%\"IC	\0\0 \0\n&i\n@PSIC\'$\0DD\0E$D@QBT)4@QEA$IT@Bi}k5I[T\rj0-\r!i)mb$499TBbXnPe<YX3-cxv3w_2.S\'(/lkg[7-Q]wlbj\\_7h4kfiZk}l3r8Kiul7vwT?pJ_s?~]U3g^7Ih!ij@\Z!iDim!M;-@J$MPH/~AtissG5N~3zk=]K\04\0\"A-D!I\ZJD!H:s$@@@D \0\0\0\0Q\n\0o$Q(5WIuHDI:& H\Z		\0$4\0E!!$@QSBPU4D\"	hRsP%H\"}jmH$R1)mQsh}ovlF9Uqq~&q=i	Uzd]G[N\\?yrcmw>?4n_99]g];o9{xizp\\m^o_w~WpX8-[}s{^Z6seU5kwCWy=u<\rw.[6j:]=ovjU\r5N$sZWJs*%	\Z\"]IhI#A~j\"mm0U\ri%];F*I: \0\0,s@MD\0T\riob&(P(\0@%bVABHDT\riSu! I*U@TBHH$&	U\0H(MtjJ\"#R9WJUIk5N7HR\Z&hlUCZ(\\OZT9mzTJX!8NnYKqao~[\'97[sv;g7vqzw~o>wwO\'x_+W7avr1+LjEYzkvg[/:OZkvQnnGGo{[t^<S>ek_{\"YHZ9Naj<\nt/UCYE$rU%-&YPjvwo:>j\n(D)JJBAXTPT:$J#!\rTMUCm\\Q@[5WAU\n(\0\0\n@B( R\0H)@%*VH& $QE\rP\"MTM J4A$\rP\ZEU\nAJFk%T)%!	h}PUZSA2 }V;-lK8Ij\Zmz(iZ,VAl,YCk1?NuYNh_\r7~:v7	/zi;xw>ecnnbnTxil61nTu4;ivgV,||_{^ug>iK;b%zU<QRj*jLm-f\Z{Im	Uja8RH\Z\rAP(;hIyiU*PBTz\'M*i\'JTPBR\0eQ\nP\nJUC@ETEEBB\" (E\ZBjR*UHR5	US &JAjj}#YI5D#MKh45IA9NTI%DD\"i\\A\\q0I1\\9TzXDt}pZK+--^X^}ze_p]8]][^};7oG7|v7.edoLW\'(w{z=-p<N(*CYOz/-./i/}Cop8z~W8}7	U<2j}7i[.!V&UJRz0NT\'i[(SAQSYFkWjU5QFMUG\0!D)\n\0,H$E\ZJUSB+ma< \"DS5!\Z(@\n!I52Ud5OM(*(HH$MR5H.	BJjti\0\0IC\0\n%\nIQ&H*\0$\"TE5JI!m#mAQ$HP5^USRsl8s*@Ekq<bwvb=3IUcH8+JBai,al;o=^ki|8vew_\'o~?Sj=>W=5V]ef7?pz8fq?m:i\n:ftnpV/\\\\\\X5WW={{.u=zy57q4z|QI3,80XJH:i8	44U5mIUEs~5m_a\nVUCI&R@EPHS5B\Z$@\ZH[ (\0 \0\nA0Ibte`IB\rPU *H\nHTUZ:5IGP \0@P\0!P\0j jHBRT)%iD\"!I\Z*i$*(I\")UTI\\%4/Z\ZqQIjs]-DaGj&sHk$lkz:Zzl91Q )RKif}`?/\'??nhSn6,S/|}17o?sxrg^~5u^9f=s=Nm4&4Qb5,m0+7vk~w/.9{~7ms|b$\rPQ<YWm.)[@\0QuBI:5)jm/SI)E\rDI:\n*4JYJAI:5\0\r$]nP\nH*UjP(%(\0 A\'AFM*B4B)I4UP5IQ*\n\n\0BBPJP\"DZSi\n\"\r$*UVQUZ[MS)UtY7fMPU8)TM*jNMqDLY\r\\*-TM\0;uO-~_~Uf=:[v}w{g~nY8:1bru{\\6{p4die.w\"Kw-{v9}p#o_T&{uLK\"ZV9UMU6UJ8]SE$T)H!i -3[UQ4@\nP$TQH$M))	\"Q5,5O$\"&\"i$iTQR )B$aJAM\rH\ZSj\"K\0ih (UhMI4I\0 (\0P\0@\"e)*\ni\0$\"j\n\n%UJt45WU%ij\"w`UU.}1*ijou AQS0QZ_8qvN9NZ6G5\n-r\Z.!wo}OQn{[vG{?Y/r~|>i^:7{5g	c9;;yvz\Z[Fnm]N08/?n|~D/?{~?)Goo-,e(Jj4TWrPTJPJJdCFCW[vwiMk\\bhL@MT)\"MIH5U(*DZcVDI\0PJ\0\0\0\"s($@\rUP($$\"B9.R&&6%@@\"*DDC	T:UjtU%$\0RTsPtIqP5A12UMuY\n$*USUQSZRcws0;u/]l-s}YTc=IDepQnKMnw|O?v7>Os[L_Fk:m7~ewa,#/[53sxtf?q|q\Zuvqp:i W{?e-{]O|o:7.w?xo|>W~{./Xg>?waw\rc9d65H~\0Zo*N\n]5IU9WxHqT5(  \n\0%$ J%j9E$]	TJB4(\n*\0A)C\'ETPH5@J-I\"\0\Z($(AR(ITHTQTAMIT\r5DZ\Z:Ek1Vo%Q5EPIg8K+9&i3f\'USZSUz\"\r\\eH\nE)9-JQQ\\|,/=G?]W~eo<z{{vSo8[Ws;g|s_i9fhkeqvqi>f9lPDB	\"/?;.w[{SnuNG*ai|]%jN_;n?vs{k_UPsu_9T\r\0RJPsUjH,f(t1\0~.mCATU8<QGU\r%n7R(@(\0\0A	@]+%ilD#DuP(D\0(%\0B\n\0.)\Z!:UQ-SZ#*\0$AUI:\0BJ@BI#\0!\0K\Z(%@bU$M[%iEuIN\"km45\"I[T\r59ciz*+`]j Bq:$[*;;L~\';7__O\\Z;7_k-}m{mY`e6]?sfZ\'nO*q7Bp}Z8qs{O_t{<9V/^hfg>CIi;6oEH$FH\"i44%%m#&i.&4I$\\rfsg_Rs4jRE@@$@D@)TY6:d.1XISU 8J\"}+b7 BH:d-[Df7i\n$MP\0AED%K:5UR-PD*7DUiaA*)LU\Z\n09$MPA)*UE)j*$*je\n4\nJ\0	U(I@j4*&9P@MH6jI(%QS4IHR(K[P\\%{s|p:94Y6S_y}G>7/{mOW_zu_{Fin\'w_sVa>pai<%\\t7kh,N6cw=}xCm9U|~\'>Q]zK<;|w>W/|uf{G~OGZ&UjNBRhhQ\rj,0kH\"D)SG74R \0A (.loy\0%jP\"msjR4h}Rs\0\0	\Z\Zr&ij(I3IP@\"Hj0\'$ K& & (@\0\"i(LUS7B)0EUSZGI-AMA/\nE\"Kf\Z+&\rJjj$\"\Z8f;zmz4XQ>tmw?k)]\'n}{V~OW?v/}}ztz8p]spqQ!	Yg9;~rKeq5}O_ytqekw.//_{~/|z__Scuu.wef/Hk<X1I@4@a\0.:P+Ujm4F\Z	SAMLtjP(\0\0P\n,AmHT\riPshm#mQ\ZRJPsUI\rUC\nT&AE\nUfJJ,(I#\r$APsUsJB\Z\'iNAj5FMiUjTJIj8JQEAE4jHFP5QR\"QCQjsUDk\\t5O`=hm\'m{xBp9NJeYTMj\Zs+s]--Z;jf}w~;.^I__c_||Gn}{yO\'SsN>7i634u[_yMt}7zi>|c\ZiXZm_;?w<}yZyS~|V>/9\\\'|{;\Z[R#5i]ULH$\"$jJ@vj9n$]K\'ZIBJU)S_	@)U%\n\02\"B!X\\UB(\\Q&\nE9:\nC\Zj2(PmyH{\nITK-1UM%$ R5P*&*-@\\Oi5IiCUZ-(\0\n$]A0R*@4*Z\"HBA*V5j($M#iTW5Ik]z8\"4Q;Jp:\rQ9Vtzo.6kwv>z\\N>N3Omo}GC.wG{{E/m9O~>?Wko?wT:[\\YSy|yOy?Y:;[.{ys?w|^99V0]{n;o_P/B	UQ.UQ5D#jyE)Aj9xDzSs2@)j`D\0\0\Z@%\ZiBTsJz?3[iT)Q5UAE\0545UMM\\oC;]\n\0$j:BP7w	h(@@[8F\ZJUI:UMD$cFRU(MP5tyJ,4D4\"8\"5fUUjTMD\Z\'s=P0837$t[iGio^3ZSjaRSKnY%j;no|<;l?jw;~w?\\t~m+s,[>;_OxcsG92a=/\\xr?u?V=/]c?ls5svyn>`Z/u}y\'pG-^>}zAh$jI(DZW	P(@T\r\rey$Q5$M)d\n\08F\r \r%T\0& \n\"ePEIMPH\r*UB0j-J-:J&H.i@I[\ZTI\"\0$U$$JQ\n$j\n5W&\nP\"$$V	DRHMm959OjU\rIjqRJHP BJ)}A	-&iDR$ZTi5$,K\"tM\'5~g|mR.?~??9i6|wd^[;^=::XzWliNo?Gn?<[|KxpLqZ=LcI|vsfyq{+n{{`\\;OFKZ|	x`=<=89e{a9@kM_$DEMtI#]U H:T-jT\rP\0B@DK)UEMUS[o\\5UJQ \0RTR\0(i[u\\ETI-<INVPshmj9\\iISCU*j2%$T\nu59$C0iUCU)m-gjUzHD,(M\ZIGU@\Z$ZSkj:^J#-s5Jk5%ZB\r19:y3oo_a?Yo[3,MgKwu\Zi~O?W^xu9\\\ZN	\"c:Xm\'W~mw.-~ya,=x(g_z;cs~Oov7cuy-;s9\'Q<ht6hFB[uOMDIM \nAT\rIGQ	\Z5)\"4jJj@PB!B@tjFM ~vFI\Z)eGeJ_H	AH\ZK[:\"	iNk\Zs6gPR5qZH@B\0\\ADBh}Q5W`\'jR-&IICZQJA1WitQ8\Z$&5$0U\r5D(E\Z[IHT\roZe3oRqEmnKJ4Z&Jo<p<H\r\r^]nvdlRnnvg[+?/?fGuxy,5w7t{uem-NaLNk3s;lj=6w^\\=n-~ELmYy=G;78HIqRs<Hhjm/7Z[8J($\r!!$4$APf9{HMU\'UJim#3\0\0\0P(\0@P?UUT@Sk]P5$M%&F\0h$]V-@+EMeJ6I<ims=*\0IHF\\ATMAZ#5I8	0QZ[u$\r4DDP\\1)H\ZU(5Oj2-ZHJ\0i/ZJHH.Q8i9DoeGMU*j&qP5}a{55il:\\ow{Yy2r|6\\w}[[f}~CY\nitQNz3K|>;pdNpXN,SwOy7ww<>H}])K;7/|Gk>r|Gvwz\\Rs]>Vc-GAI4c=hj\ZV$TFBM\0EC$T@sICA\0\0\0\0 \njI:\nDD;6Ib+!Jt$]F$\Z\0\05UV`\n5H48h}+i $$6 9%e\\u@RsIP:eu4I#MZHUE&i(LIMs\"J)J	(70IZh}t/\0P$:J]K-%A2,Koe1N7bKfi67wvfx|>g|Coo{~7o>\r/o}-w:ZkIb45/}O}#|_/v>:YssrOzO=\\=y??\r/6sgOk{tRj1GE\'5dxh]>[/xDksk]>= }1ZjUti]!J\0@&U( jH \0$M F(lH#!!4D~~qDPIHKB\0	BjIP%KBCN!J M[5jZ4PdSS$D4-EKZh%Fk2ETM	DUo.QA@\nIF!Y	$Z\"JbjiiV5uR7;i\\Ob,-aM/-b\\}?3{G/:Wa~8MJ<iL\\\'1-b?l]y|_g>mofQzkgtexsl{Kv^{_?#omYgi=}x}=\'gw?T[+8!sJ![t/g{_B56K+\0\0R$$L@H@*4@CQ \0\0R(D@DI#AP@\0U\0E)59AHiMZW5P\"Pjh%m!t/\n%	jjjmCQJ\\(A\rAZSsJk&SIj}+1J[hj\Z (E\"ijI@U*H\'5jR5I$Q5RJ1\Zj]j&9WI9!Q4*)ujk(=|<>_N2nz??55{/wOahwO6T]o/o{|3ob\'[/zi?}7nn}\rgg;wx8?AxY<jvvw{j+	JC(RB\"NHpAC8AH)JD\0H\'c;nvmj5Z<7;zr=Tk<^7vq\\|a^Cn>{2\'nP E$L.$$\"\0CLAhAUl TE!ZIIPc\\T}{vt#$O@IZZ $Cweqg^K&\"yqz\"LQ\\{1/ZV2{= -HydhOzH\"]tI7<&-\0\"v-hBKo\"DElZ2^	DiFvK EK{k\Z	5U&i]|^W[OE?wezW7yFd|GN/>+{v{/W2G?O/w_?y~+z=Wl{{3o{K;$+p{|evPzvd^o z \0EAQPVne\\nEP AQFATE5CI@AUPZ2Eu\"mS2qEe R}iaG{v\"]JS>c^t/|2.FEB^(I!a}\Zi`w^(\n\0*ikko+t]8Ia\\u/[\Z8tmV5{kz\'o;?__y/G~;vz^=.gy-O71?G{>sk9+{x?9?\'~w_mj?3kd^OWzp;>}oU?v?7w_x{%./y.?/o~|O]aod\\1GKc^b^3y<W|-\0\"!CBIJ4v\0((HhIP(	8(jKP EieZ$(-\rAZLBMNM{]bh$Zz[sS.O1u1@Ki^Duq2&Am]!sQe$j4D[[[\0\ZRL2<huo9tj1>:.mC\rU]t}>KZ27lDIsxGgoo|_x}osA]ksk\\gVso~Xh}v9x\ZQ?_qwX~|{m>zi-_o8wqu7o}O|<6->|/~o_<w?|2/Q<1_8>5){8u`=|\"(6(	\0Ed\"(nLP@A\0@\"(E\0Iu@Q}\nF%PZ@Z\0^LE4Z[D)$Svc/\"fnI]O:yuyO2\"\0v>qn|qh9vNZLzz$@1ehw2/!zDie}> 2J$bw@$hEG#|_M??\'#n22g9:.Cl?|x<?_3{{O^T?l>~r[m=Y7>zO_o8?#wxZ<~xqwo^orMg^\ry~z\rq9>?#v (\0BZMd!4\'Z(-\0\n\0%)h	\r\0jAZUcLU\nC . !AP\']@d^b+nj%2} PHHJWSM^2z.c\0-t\"`JA&H}ZqhyP@dLteCm2ED26.t=b>rVjIs8c{tc{91ufPv/^O?s/|p7wuI\'ywxOo[9{~==v?omx~gd7w={w}w?wkI!zTDo	CF0Dr(6	I+\"jK\r\"A7	-\0(A%[@>djKJ tJ\0B\"MK1/8$|v\Z\"c^t\"(ivE\n\ntb0&]@IO{=>%CA\"SN!S@@2eLc2&oz$<hec^%CH^:%CIL.[2@6d`8xys7gxPs\Z2smp9&8FFks7|}+[/|_p?o~gn.sz|A~_}s|oskt;K_	]Nno\\?qyz?K2P2PI\0P	2.t(\"JMb\0 @ w~\"eGD!0$C!@A2HA2DD@AM	$m2{tH2D2$SIt/21$CiwRjK$$tEN2=	2E^E2$ADJ*@H!t#n21e\0v&YKR[`(cL#qxgoO1rQ#6F\"sXFrqmNwG]b{><\'?go|?_//_o}|~W/~_g~7?-/<^sz<q^m\\^\\^Gq^y7$/7+/=v{	&*2.HyAEn IHHI\0hF$!1	$%\0IH\0!1{muZD2@P SD q\0HdB1U]$bH$oq\'eCn%@2h	Am}JbO\05/q1UA2	MeWs^%^O\02<(!\r2%}\n\r$}]7#!!\\.kosboZ<9=sr9M]v;OszMw?/_y}#g7oO|[?o>{t>\'}{\'C?bYk{|v|xrS\\?{8dB?}_t>=v{G_{$:||.D^Idh*AB- AhO7D\0\0\0HPI[\"$Dh-IVTRMQ\n\0@\'mO%q\\uJbG1@r29oE\"\r(\0-dI2Q0{=U;yzLS1%<y1;]}\0{qg\\KCbdL2y\r}J*a=b\\$>y|V)9V{s==HbCjts;;6UAVV].p=8F}e:x;~_5[[pS??w;_g}G_zy{?_C_?mwyzs-k;oy-#?W7_\\/;;~g~~-WcN}\Zb^=A[oHt0\"!CU\0\0\0	-*\n$d] (\"(A8JHvJ6\n\0\0\"@1Tu\r\n\0n:BdLsY{in2\0{\r\0\0@mN!My})j!m7c^nS)}\nI<7vKB^7us>4Fe\\AD}>\Zi1zv;{yx~Z77v1[c2z<vn~j|;?o{E/{~^/{7wC9}OqWg7?72.wgk7n1;o_rw{z1xo{|/>gsTd 	(		68tc)h7\"Bd \"\"\ZH-A\"@B\0\">0vK\"9TQ-M%D2$C	PKUQC{ZO*~Ez{ Ue/^OB>@PTZ$G1-cDD3ny%S1t-\'9deq dL\'I> !]1Hu{P1/w}>\ZjIo]a71nZ<jJb\'d>Oq\0\0\0IDAToq:0gy|t$^{3?w??O?;gw^~{olv9O?}?Coo}W9qyW<7?7so}w?Mr7/={W\'uL}wN\'`LFETDB Ci$Ai@	5\0 \0\njSdcEKB-=q0PK2%lne`W@ T[LZPFnn\0]O:&]XnB2e^dLSyc:^kF*\"cPj EHEB1#1Ut/u8C+BvcHBq\\iu/L(	 1dLKc^[	(]|0/t?^(*{Ykma%G<mi~g~?W_W{yw/>C7C|WO;JXk/|^.n??KOok;wWOyvzo^?~^y6={=;fu{q\'#\n( PDS[DUA)@VLl\Z01@HTE0%(JE2\0DnMTZI@HPnT2TIHAS\ZIw2.O29bs|z=nIMP\0yh6}>j^21dN\Z1.ZZ{hy57Ka{l2${>u[2PK2/(Iit/\0uC	8t<t/ineCA9eyq1ft1zk{\'wSg?K>w?7x|;zfNaI?E~?FN]?C_~\'{/;yv{s>>;~[{<s/?uq\\}k`^_xz_68|j;xrK]tkKzLmQB@PCRULBi%$AR\0\0J!\0-	B`d\n\08j7P$(E\0*.m%P&Z \n\0hjk$[\'	{$#2/!{i\"ZB1=@2Du321D1nBeL}Jv^2{NT%d]7KT{\Z9ye,2dT{%}\Z}{-0.K^\"hC;t=yw{f}s\\y{j!(<|W?_G>~GTO])|Gru{{^y0/y?_qw=|/|^IOm[?_G~>/S=QPPY\0*H(`a-d-\"}[P\0@P \0TAIPZ\0[r2I@%$CZT2Hi$HHH@$CT%A$nFDPP2Ey[b/lDu=22)a*	J&-Fni^d$a(Avi7{$(1/Eq*\r2}>aO!-aW6r@EEbjc\ZcJB+#jch8Z_7|r>y>}QsXEwww^\\Z^~_+~+}+zg~k>K?S[~zxkIxsON1Hu>^O2CEA2AH7\"Ach+ \"\"dH\"%H2(	(H! !AH$`_t$$ZA\r)cd\02J\0\n1/E1gqu}S2dNCkLroSZZ\0hu$\"2%q\'c]jk7t!Ab!c@v*Jb\nqo\'q1VE1^OH&I\"q}\Zc!1eo21\Zs2{I` rp.m-OVyx_*5F{~S?^~>G^>x>~>S;}}>ow?k|g>~o9VuwoN1/z|S\'n,+ -\n@(b0\"	H&	6H\"(\0MAE2Ht/ZFHD\0	\0 $C$Cr/\rZygd:dLD2ty#HP!P\00\Z\"toZS2$CbLBdL2Tc}>\ntK\" 9%1ri\'c^3K2$S2$y`hOiC*hO{/yhd`vcX!%9H8.A[Z{/y:11bmvm{:sUL#C2UI4/?_?o~}cNdLcy~[xy[n{{\'~[lt;v>}ZOt=n`c>L8ed*8$C2HD$ 	ddH	\"A@H\"\0$(H)`nZ%	 IIPaLBcnnU@E$yd2&cz{)td0](q\\lV{$hiQc^d]\"z1u/U@(IH*v{IjW|[$Su$C2%DE$*^2.oJb<. HbAZyLS2d$`e%+	ha-	}}#|~?]^zZf$`i<nkKO?GqO=<>_/|}|2a\'q}[1KOt%0/2)\"JCm\nT%S2eL1n\ZT@$  D2HD Adl:AD\0H$12TiU$CEU8[TEP!\0V0{au]> ;r|z0:$^7bd}APF)\0d:DCc^(qd q||m{YQ[[AE2$u>] cJPDa^{yA5O2fdHPOCSM-!cM0Aquqc{Yk*:}baHnXkiaSd88~f#?]kW2]wdZ~~}W?v;/~OO;w<n^O-{<q3Vau{Der<7/hD{c`L]7,ZD#O*\"$>L!!A)\0\Zd/jdDB\0@TAU[^\'\"t#i\n\"	\0J7bbu{n{t/{(n	21H[^^21/]j!c2&|\'odq\\yna	*E&Sn7\0	^70nmAinlie\\h}\Z(u{t7{o)1kmM]<2y;nPI0!\nbcLB\"NOo^jgd_x??>[oEzrGO?1W}}v`t@qy2yq1)@(Zr ]d!90$QE@2e\"\0M		hH\r $$8DT$CEDD2Q@aL	IH\ZB-	\nd8@Iif/TR[2%Q\"P[yA^(H&X $CVDVMbLctS$n y3zbIhT)BKtb^}MeWmeIT%1u\"`MaewdJem vK%j\"@jR$n|_o(8\'zx~/{[~_\'s3{c2.R.8$ *q7	\0L L	*)H&\"-c(!AB\"(	\0 %AyV\08\0\0Hd@H\n(by\\uJ&{INR1h. C@%BI\0I@$C21A$-^2dh\'{ZLa(t1\"$d-AEaC\"@y[2eDq3wdWC2@dN]$0C2IZK[I$Q\0F\0UJwE19>oao|\Z#y]^6O_UR%%cunOL\\[%B+c)	D2UqI\0UT@	\0D\n@(DE[$dH\r\"Hqf1/Mb-\0-\0q\'!h/:ius`2va]2}. @	d*B((ayH>iK{6FOtqUk8yyuSv	-({e E-tjq5]c8$u1\'\0j7$^*cZJ ch(v$\n\0v8{owfn9<<<8~]no83}>qt8}ft2B<t=\ZN]2d\\dJBAdjO&L@HiDP@H$ BP\0RJ\0M$E\0AIT@nS2[-{^h+-jIBb\r$cZLSr%t/ 1|!)sJ|LBI.2	)EnLP552-\nv]dDK\"Eof\"dX!<VT%0;|-c^NMKe\'s^\"!q71donmVrW0^1%@%P-WysW~mki7^FW}JB\'{/`=27O.j|CT>h}[BSm@A\Z[$\"&Hd8q((-H+dMK\"4d\r(Z	\"BvK\nb>{D[u/}	\"$v--*		(\06A\"7{HEB\rqE9UuEIB714!cJq\\dnK%t/[c^7}R\r $8Pn8ZI=H$1$SdH&$({\"\"{1vcZmSLILDf{k+j$\"\ZHj+H<\\|zpx{W@[c^[3==>:.w.w/y7	Rm|1n2t>0wt8dI)D !An2D-$AH !\0mAI C\0DD1cN{=j$AUcd\"$6 $t$!@Q@Ddgn	c$8d>Eg:=bSImeNp\\t% \".wo\n>Z	-It/{*s(F\02@F$D@$1EB2\\\"Z4dJ)^ZmiEQei{>f6m\"`7k+-!\n@Fv# (\"Nb/?U1|B6	9rnj^_/H*|zQ!~[!q<tM:121.j-c\"(-	$@B7t\0AH+d*\"\"\"v.vez$!$Qy8\05$CDPm%$S\Zmq}&ay\\e^nKh)I@iu/Z8.8y[5.Wc=^av-s\Zb\'n{=)^-c-*hH\0HE\"Jkz2^\r		*cUBQPn({o\'HBk$Z1s^2hHBBKi<q{8T%S;=cNvkYtwwAKkEnnv\\q|T-cgq\\W)BO)$]t ]Xh%\"cEB\"taE\"J\"\0$ B%%HQ3EdtV~.SEf\"CHY_9j-A3$\0!U3H$LHBB\0\0H9	IskHjQkCZ$ARD0ZL>Hbff1RR \"\0T-IA\rEa Y[hU6}LRk>Z$fFj81fF03\0$1 \" )fDc^^?N L?fs9<In}>\0@oHJj1#k~u}>O	snd]h4)IImf< 	`3\0D!F30GICB-9U/	)D !%)*I\0AT-`]Gb1fH3 fDFRI3$0T`i$2}sL}sdSK!Tm>tc [.\n3fFj)10H]UcH$fF@\0	H1CH20 `LZ?MTYk2X\n>)s>c%erN#`f0nk_*R2cUKjCq>z=G3FK1y~>b~PRi@\"yZ_(\rF`?0#)HDhYf@m^dKc fFR3H\nlR afDQY0-b}s>e i	0\rdmIiA\0a`\04\04LKy~3|~	fZKL3DT-1joz}ImfsizK-IaFj>j4f$Dt D\0H@DDDj~i	 R[G2Hm-63*Bjn}$ZZf4b< HjY%)31C>/./ft[fxwR_$\nQ,%@!Y-)\0~L?RC\"Ye_\"oPKKI>$@19@`R$!EHLd#b0` %\0HA013ynf0\"R`!1ky&.ML1`\0\0\0<ZLKJ?As3ri@T}eK|s;_fFji08/0=RE-v>3K P%uIR9C7eBjHb3Xk39$fH-rM?ea~nT32stZsjmY/D}3GmZ9ZO$iZ>|{}@1 )wiR1\0^ Tdfle03$L R/a`I$13oIc\0J$K3dm%eI$``\0`O7}>2\nHBbD1$ILJ6F?d\0A\0$\"f\Z<j]}ifcb EDj1T>h,}>j_?d-33cG01Mj\")-kscZH@HM\"kijm(*H )9&eKKD1=RKMtq2}k-9fzst?0j{oj9>kf,@a]//<Gm}Id1Hxj].0}uIl3IZ*&L\\F2,}#f h M\n0 Y1sZLHL$aRE$iDRBsI		CR`>cAic`\0 ETu~dmwt?^?3Oz;r}ix>1b@fLfHmH\0f `[R>FKi32z9`fEJh>#oI$%emoY[<}nk0C7\")%UfFR&D0{r~n9|~EzdpeY\"f}13>fQuZ6s,Z6>R63`fffZR`Z$aAo4JjBE\0dbf\"U[*tcI0#B\0b1$Z?-UA\"\"!@@EbcfB`B`H\0 *>F.CDULcPj$Zj_ZbjmzsaFR$d@HH$$T&0d$%\0%B\"AID&10caZ~#\"RUd~a#)%*CeK$Zft1\"t`Ps`bV~s$e<6t[%U\"qm]/It?,\"fC$F#ARL1R[6}d-fVmmfZL?F#$ *C\")3M\nZR9.%Yfi&LAeI-A9LK\0B@{9$(#L7\03`DI,3-`P\00HL3@\">G1}d_aFJL;39R#aB2sY/K#A3 3`134H,0cc<VMde4=mAc87~;63$2jy4yZGw6}H$%)	/t Hu1~M\"\\?T|~KO{ Uz<\'RN?MJEp-ss6@nH31!0%mi~> R#bLe?RcSd0~l=cFz !T]H6\"U- $13LTm@=13#)}n$0\r )3M\n`f$a$RLb}eeZL;qGGj9[jT,IyyHd-\0PiB\00JfiZ/_en%LI9R&IAJRjm}n>e-B\"\ZCme90f\0#f9(`03j-}/#k>#)L#>%	!C$iII-*,7)f!%)AR@scL?oY/Scf$EJo3G?GjFj3o4XLARA4FjI!)	\03v?fB#Hm3 3RHbf@O#B3`\0C~ne-R\"suKCB=m%%UZVk0->U[~:_fB_fnZLf *%)A}$1`kiL2<f3GR$LKmL,fFYZK	i3c*sR@a%)}03t_^?p~9Dy_eLK-UynI<y>Re__Hsi(u 0C`0j]\03G?7$ofZj1M!!.}>*omDo0	-U>1*+sf9[jI.I[IHB0#ULcJ#U21}0$@6303MCi`dH$\"1}y~nU03 6.>^KHL3<Re9[fL[ZyQ!E*e@aDR\"\0b7c/fZ!Dj[j	LZRK?f@,MH-M~YK<u3jyGDcKRULDdo}k[kQ4f\ZJ^?-$K~t~4&cm\rc&d0F~$!yL? %k_P[#F1oY/L0j>fZo1}@,ssK^.D0$$T`\0$21)H*33RD  @D$`$ZI\0C20H/*I!9fFjsKB-}nUj_ Zi013TIC$RLTaAH-0$$sYKjI63L-\"%	 >Y[LZ* >Z*>Dj$z{~2=uQe1cX\r`.}nI\0fCB}}n|~KJj9<*}!\"#RHQ\0Ccf0i`Fj9de910M.R$R~~KHLY `Z1|*.R-IC6s$\n !Uf FMYEFD*c~}I\ni,c*\0a f&`}Y/G[-9R%fuT-{$enUeQ{3VUUj-*EH\02f1U*A*I\03R%afZ[jmR9\"A63fF H&Tm3-.}I$ef-)PLss;!_?U[}$/RH\na\"0HJ<&3#)|G\00EJ?\nLs~<R[H>oF$EmU%kK-_0js;/}n\"[1~d1#kiIdm6$!H\0$CP*U%Ui,}d\\_0CXm`@$EHIHd-fHD$H$ Lc\0CV7=R13%RKQbFY~}a}~u]Lec QkDP21sDHIJQ)bF*H%UPRA%4\0CVRUfeJ\rfFH-03\"efR X>7}$e1<~}yhPeUm/s}__#<o$`3zZjIZ!1FX%UGGG=~t?LuXe/}>tZu}aI!\0$.L3#Y )@K]\"H0}$JKRF6s>Z/3hP~~I#).0HjIJj3CRKZ[fZ\0I0@\"$t3cQ9cNu>JT~DH3*)9\0\0croAk]<oFT-jZIf|~f9f[LPKRO?cncLKZ[~>P#[*[K-$ \"Q[aH-}n1sUM<a\"1=_j_e`FRfHH-)sj-U/f$E0#)121i?u?>9`)B?___m$Mq@RdI69E~fZR>>62Rcu?YRK_Rz]eB1}K]BUfL\0U!`F3-B&!~$1}V}ReLK\nD !!Azsn$Pe]oBeiRk9mt?^$Q0$363^?Zs\r 3[%Z/fD>%ef6}2REj3Z\01s}6}H\0/UT>$u}e_o3jIV{[RT?};F6uu#$[w06ss3\rH3f?3e#*6>Ee]?~99%0dPK>of`F$\"eK?@_RkR-V2AC\"Uz1mf$1}0IT- *IZR	3	sL7f^BLc\"Ad-3H0fH[3M0\0i?*e.#c_oU$T1$[ZKRRk3f9G$ 	1F\"EHIZLZ$REAR|0-)II<2}\0Ae]_[[,U[RtZT- U$D?>yt<soKif>[u=<&70Iy~>TIZdyJiB|Hz11$^?IiZ%7>30dbJIj3-o%de70!JI$%)BjtK\nc Uf\Z-bj-D00miIZ*E!Tztm,YZKQ3uZ}I$_j_joI	7zIb13fkoHH?C?<cIaF\0GZ[B*3mE?L!U7jLb}><z*_f3jm>sRkI-*ULT-R9F~M2fiU~6}2\Z}iL?*4D QCVkcLfo?a6f\0\04F1B0ea@#*}6 L?j-\"Di~PeT1E|9G/f$!jT$9JGI1-Uj-3-H?Qk[r#$!1KfF}I$e\"t1LT	j]R!CHQVU*KTI\"kZjmf$z~LK fFR~2< )}%UZtsU-}0d-B@T-YTIIv}af$QtUK60}TmbLKJKVUj]u1c~}a<9}}IJm/[ynyn%fF/zK\"9Zf./}nHZ `ITm0^oJZL\rL3@` T|sK-%f\0H-3-FKZI@?~VH$q>os>R-)?#!0 )1j6\">mX~*YsL?~i%U-2\0RLsyn4zI8<L0\nfL`BInB*YtZAUv<y>`]/bjmU%)}DUK*<j]<3m>-$2}@Q-$M$cz$e,oIX{*/IUTT-YKRR[0s8_ZKuBqok_/0Cw[|~>$z#fFGkJj_f\0_?~nHT!j-\"UTifD\0Q-3-kK-0KZ[$0@R[RcM\"~s#sn}Z$[fR[-c9ZKj9~2uIm!UL[/>HCsJos_ok_mQ#Yf$}L$$%1$[0Tb0mCE6ZU9e>$<F*kmU[G#ZRy><sz!q]_-@|~Kbf0f*}~>jme9ZJ$Q\"[-)*s4	Z-Lkme8mm8o_nZC|[^HbvIt?s@DOs[ki-tfT-zK|dmMbMmIa-)?S-j]fLZL3#$f1s$2C_C/}>~3CbFi3jd-}K#T0 j-IMUKj!`2cH-u-!-u7U$HZ 1ZRjo3H=<HJR_/s~s%$$~*1c%ssznUGRRej9/9RL>$Vduy>?Zjms\")f,m]j1#P2!>1jmzKTI-k]dH}UKLnynRK[)/~>a|_?GUs2&QUjm3L#H-7uM<Lsc~?$Kj$3m`H GfZ1sus6}Ve}zimGRe~-,%)DaC0M7)43x>I)Y@0gw{>TJ1$$jm$Kzy!ficfJH$GDMbf2s6s?\n9RQ$Z}Kbi@T|Z[$ui}n(jT1U-YK*Tr*kLT!\"f/U%)IsH$%mKRR<IY7s\\fZqKKVkL81{$%1XEG0FUcKU$Luj_>LzQ)kmTrI\"[m_of3R%``sa!J*Is/Ii,GE	Rm]_/J!$J\\?!%9KQ Uj]zac]o2T1#$6v>qo}A-iJYgUe2 $m^VUT}Maf0>2\0jQnR%}LI~n3cmN~\\Z>o}|cV{nzyuu?auT-UR)}/U%af}$!1#)D\"TmkyZjms*}6Tk0sTG?LGU^?1LKE/3mT#f.}U?$eN`T-RbFZ_jm}nIL/Vs<o}>R$VkIt9}Zt-)O3Mx9_$[C\0	3RefAf]o|s2}Hb9j|~>[%UR%\"`>GbF Zu\nC\"Um\"?}i2<RD16F~#)$*3c>Gj\"2=^Xk@$1$$R8m=C?7~p[sXH^ETicD$cmZbFw_$j/_?6}>?uxui*~*}IMtKER U[L%)pRXe][c$eQk/U!HUsn023k_^ZyyZ[~YKe]~n`\\#}9sqm~n?f#>y>|U[U1c1HJ}cf3\0F1L{$E s>hCK<o%C>F9\"y<om~>s,Yu>>?y1V8RU.1|~s~zQkZRKaF[c]oIY?<k_0c}*Q)GjZ$@ji3#)QktHHZy>ZuQ|?3mRka$q2~|*v>Gcqy@z|>RjY{TZj}y>|~;[Hd-3#)kmXe=&%U>*q[[?%?$K-T\nq^Tie]/Ujs$y#_zr[m6z~0zynsv3B>fRK3#U$FfQt;I6H\n\01F@HHmN$6~$QU?o3-k/_|A-~#)2$MB1RT6*ctq0\r[R<jI%- )tKRf0-	x/Pk1/K!|$!mf|1*e_/u]*%af<~_[>9si*8f2 UsR1}\\/I/fmU~>R%YR=Z[IfZ3zY}L7<if!as<o )Ft^T-LI03T@IIb%UuiDaFwcT>0Z*?|~1Z&$Ta\\RK!T113KfZ%/r}|bt{>?e-$1~TkvoHSj{~os<7U[3$*R{Ka?U~63Z[c-)}i[%`u&D\rsi3#z}>m>~f0#|_%)G_ U<c\\/IyOd;\Z3s9ZYkWHstDUZsF1GDQQX jdU: #jlPT&5GMb]\'m!jTUI\"	7rN2P\nAVXkX\Z&P*I\"r!fq26P3vGU13bP5o66bMrDyQUx \"_(uuRcTUC%H\0\0\0\0\" :_\0@\0PPPUT%P!wj;P:_(UT\0\"BUAx	(r]\ZU\0*i/qc]O@(@\\T,@@mw;;wPEXj2 TNDkHo*\0mUaOD\0jN\\\'1Ooj|}D\n!dLuDUETJ_B\nDR(\n\":Xxd&UPQ(*5GTLL66Ee@UbPj1Qb^ \Zno_|}b*	y@UD \0rMZ5Q5T`B6\0\r**\"3\"95o7*}d%&1/255\nbMD66D\02}l9P@y\ZTQqcwT 3\noi}*U#EQP*$A\"cA:dawT5O\05<T&UEe\0P@A@!\0AeA\0\0\0\0\0A\nPU|\\T6?\\T PIA@**A;A@52QEDmxT,29OI655GJ*j\r7|lX\ZE BeR@!\" fTb**Ps_[xoPdml(PU>@}\0\0AD15DE)BD5ODDwU~ FfP0$3O\0D:drA5/UEy1jFUjPd^xZTEQT%1/udL2\0f* X\0\\(DD,\0.DAsFJo{CDN*}d,\r>UT>vSXk7bN*X3\0[GU\".z=Y EJ}99Q@\'?0kT%UIf\"T,DwX\'	fNUa_1D,PS`A\0\0(\0@DA\0\0\0 Ie y|P\0 \0\0@\n*UDD5\0\0 ckBRUT.DD~{g]q#c;U\'Ae j \0\0UvJ@iE5DTPQEDPU(0o\\yGD0oTLD\0qE[CE\\y(D_~UA2Ff\"\"~{\0	\"*\"bS,DBUQsb]d,THo<5Q0sn/m*UDXxr-DP7*X\r5poouQ\"U**XU\"uT\0P@f\0FIFk\0U	U\n\"p 3;\0\"\'oNUsf(\"k[2J!EF*@\nQ 3@@E,26vUFUE\"cQ;r/\02BT DX	&|owT9ONe;o~!#XIf}#BDUb^d,\0\n\0\0\nD(D\0\0\0\0\0\0\0@@(@\0B\0JDU@@DES(\"@QEcoT&w*;UILAXx\0\0;\"\nym*yA@(e;\0\ZjUd%\0U	 \"_~JD(`>vAD@Z\'b\"PwD\0\n5*bl;mxXyY;Af\"mG}{Fd0uyA%YID\0EF{:d<NDDJ\nD@\nP3\"#QSTqdkNx Xlw\"b\Zb#@!k^P\0ky#Dh}PQDE0sT@Q5\"\"@`Pu?mD.T\r\n\02QyfS\Zj\'T!\"*yd.(&Ad01O\0oDP5r-D5L@(@\0\0\0AT\nDQw\n\0@\0HA\n\0k(Q2U\07D1\n*Dq#DDy`m\0j#cqb\"jjP\0\0@D3_@ \0UP2OS1c\'7D\rQ\'#0sU c?*ZZQX qsP5u 9jJF@fq/*5o72\0QUlDEv;T Xshm3J\0\n%c9BQDk\0ZP;T&FF0AL@AP3@D*2\n(ADJDATQkwD b0;z}l7v\\Tjud\"$$c*wT5CUPUTT\rPQ:\n5*b\0n\Z\r|L\rkU2*b^\'ccCDh}U\ru@>vDD,ZAe**Xc{$c!\"yT!\0\0\0@%b\052&\" \0;T\0} \"@D\0\n\0\nD2DD*rMD*0s:zQ(U!@A%U\" Um@d5@#qBqc]jF5*>njd,5G \"dxT$waf !*Z*@P5DQal;Z:f\rQED\0x1oy!\'5^j\"BBU6*b <_9yC\0 1[#c1\0Nv\r2\n@U\0T\0U	U@Q\0P\"*:P(ckkjd,ADQv{`f \0LQ5T% EUm \"TTP`\r3GEQADD21kdZPI;kb@D13ur]ODEU6E\"&1/b]T%U\0AT.S|~D0suD\'\0U	UP*\"PTQU@\"BeSU@\ZU	\ZE u@BX/?}c \0R\0Tj\r*0\0TT\"\0U\0\0<AFIIe PcGjU#\"uh}1Jb<syR6\09UED0o*JU!y_UcQafdUbA%jY*\n5@U1sE~*JS \0\Z5O**o3>vT>vb^\0j \"T&:\r5u(D\0xxxk,u\0@% \0  \">h}f*}r\"Bm\"7DQT%IV@:XuP5Z6PUD3G03XU03T\n(@0wL\r(\0yL\0o;TQ\Z\r5C<L5O\no<\0Q;&.*u\0f:mc}d,b]\Z\n\"TTQ@\0\0\0\n\0\0AT*yP\0T1\"y#DUXT.\n2&\0Udj\09\0\0@%\0@T\"* BQI\\/*\0d/k\0 s!ZXDDwT\rU#UT,;j?1I\\\'mR;\rET\\\0wUQQX7uETLT9<Ou7U<>Qk<m 1}AUTu**DUXk7\0T3CUqo>5*jNec>Ay\'ua\0\ZU(}f}{G5/@Ua*$3`Ie`\0\r3C\"IQPk\0yd,Z@ \"P5\"EZ*QSzPUD\nBTQs*Z$o\ra>v2cl7k^an\ZEQ6x11ks{FQ\0a03D$\n\ZTNfP #\0\0\0\0PEj \nUloyk\"\"#\";Bb\0D5GuR@AU@\0DU2BD\0*QNe\"jN\ndA\0@	\"umD:\05T1sT&|b1o;\"FDT6@U!@BA@@U_+d=@`^\'\"03d,TUEA8\'{\'3}`7T{**Ej|y<d&|dApw@Uqs(H*2r-@@U*x9U*;Zd%*.\0\nUA?^ lk^D, 21\'X*((\'&Ie\0u4l;UEk>vD@i}d^\' NUCUQ\0BET\r\0AT@U91UD5OxXbAD!\\x~&TQu &qNvU2Um7XDLZ*kT%\"YCT1o\0DQ5\0T\n`^O2Y$ 3PU#7bMwB\0QCBu\" \n\0U\0EcNf\'\0\0cC#\nUNUQ%6nD,*5|_1EU\"\"#j/_~`=X\n\"7\r\0a*!|7cofF2Dx}Q7ubq<PUTajT&YTjm3TT%~{\\u;UID0*bS\ZjSTzX\"&k^d\" fxTUIf! bqd,h}A P*#jzhiS TE( jD,kMuu1CE*Leo66\"kN*5/U:_\\\'fZ##J\Z*d&fN$DD25`I\\UEn$c@P5*5@DDDuEZ>ObN\02&RED p{	N\"sN2\\\0;@\0\0\" Nfooy71v\'\rUAD:UBs6nmg/^?~Cfc*Q2:3\'bA}mX:\r<AU\0DDJ<QQNf qT%\0\0\"P72;k^mGTqw\Z\ZUm\n61L*X<?Sx\0T,25\ns2sGLzDpod%Zd,2\"Be\"9X*AF>X@D\r1)(PwD\0Uel7\0\nox(Ef0*1wuPdUIfPclZyPU(EEf\ZE!\0@!\"(Y\"#7T`AU;\0*\0\0*1s\ZAe j( 7jm^XsD\r2\0d\Z\rjqCk\"U\0#T(U	 JmGu \"\r3X\'jFfp{|2X@DoB\"3Pw;9OqW\"NAU\0@@2hFZCX\r5\0\n(TX\'}UrM7[2Ty0ko<NnmGUX*N2jNQ65bTNZTd@\0zEQT%Aq^;\"bF<^|~|ADFX	\n\"?Xk7EUuTZ\0\0B \0*uq]AUQUxBk*UEV\"\"\Zo3*BUo\ZNUkfd,\\7\0o@TX6\';u`}0Ikr/\n!j\nP0|1\0AP<:QUi};juDQE\0hcJg`n7bMU*J@+@5\'**Q2B\0`#*PEFp~\00;U\"P%@|~aX:k\0(& \"T\"\"PT@!z\'qGDQ2<\0c:?Y}P <\0jUvGuaQ3N\"sA%|\"c?bAu];\"Be\"TU`=0U@\0UC@Uy<`TNDQLvZ10sJLIUd%Jo\r5N)y*AfR$kM*5%#qs\nwgu\"lcg*3|}PU\0P`)<yF\0u\\D #\"\Z@y~AF0+\r{|}PX6vT5/{CDQ\0\"FkF\"w&IAVb \n\"cQ\\\\An5p|\roW5W&kn5OIAeBEkajSyQ}	9/6@	U @n?2h}\0pOT5*D!#Xy\'3\n(\\T%\n\0Ad](PP\0\0966*^:U#cQ:icGw\rDQbMIm;\r*\0PU66\ZH!!jybfd\0xU~\n 20uT3(\"~{BUwLZGT:7>?S(nNeH:1olu5\'cJ\"{ycD\n2J*u;E+03>vE T$c9_\"C\nD@5Hu13V,2\0yq{J72`qcv;Pu0U\0{CD(UIk1s]UIfpw^O<;\"uZd5XPEa5/FQ*};X\\m7?aj?x~y<S?kr/pO|}NDD1sb-IU!EA&TA\n5<T,o7<LD\0@E( J\0 3u\"\0\0\0@fPU*BD(\02k>vo	UIbQd.;\0PT&	\"j(A1&3\'m@1q.2ND5OT\ro$3qYT}\0/9\0YlcG0sT\n\0AU1NVb4wEIc#bkFkFf<^PU2:Rw2F\"b@UT&\05qk-7ZUevu|D,\"\Z\r1g^U0\"D #D(A!kzLv{C*y\\kMyy|p\\A;}ll:\"i9OuDa81vZ\\?;\"bansd%o\0\\3cv\ZUEkmSUT&YIb\"P1TDD8_q0\'A@ bPTPE\0Bu0sD\rUCh}PEf \0@j	P\0PE\"UE\nF;	@k2@\0\0Ua9>qO2Jb\0 jQT#f@aYkkb!j\\3J~Qw2*T(@ D\0p*uUGSkU!\";yh\n\ZUad&bo1)@2((X1\nbM)oo_13T%u;kM\"&cLQP\r\'Fk`*1s29O^OZlD}gm\Zu\"^2  @PYUD\roX:Ju;&AQ\\AU~GDLL\0z<Q5\0EUzgEvzPU\0cUw\'3P3TjN*?~wvCDb^@PIUbXk^<(`O\0X$EUq{7*Xf\nUE\0F6\0kb9Y)\0\nT\nO\09\0 UPUP\0:*?0 @UQUU#\"cAT1*7DX \'bM\'w\ZuP	U\0fITcc)d, ba__\Z	1YIfj703Eq<1SZ@UX1}Prk1*^2Y+5~;\"BU\nym;s*pomZo7Z2QSD\003(y!kMAd	(7\nU*DD5Q5yXd($+P5(~o7O^r/b-||yT%* wz.uuq3Zk 1Lv@Z9k]U@wT213T3y<DuE;cyW\rDQ!#9QS2FUo\0AFBD5D_Po9nUDD@B/!$b\0\0\0( T&X@DA**Z25D\0PU/?\Zml8?\0\0UE*\\T: T%Ff`@\"{Cyg\rNk.Xu~\"j96ny\0U[:^~7DDQ\ZjFk9/LrM\07g9Ffu9uz\07^\'HIE;\"Z\ZvhXT%8O2o;s^,25OT:\'ZC\"ulyaf7D{CTimp/U\"\"; 9\"`xkO*J@cGD*0ky`s;3\'b{*m 301\"&U7SU%2Q52/03\"o1b^xk@UrOmx}Z<bl7\"\0oQAk<>Yd^R/ khm\';y\'WPo_0o*}lT%?\'oT&(_q<XU JUP\0k^P`f_8^DPP@ \nUTf<kMvN*DPQ:&\0\"\0@H(\nmyx;o?h}0Ie\03F26*@A@5p@Vhcyd*JUA}lP\0Ff0IU~\"b!`f&{CD?NI3UA\nw/dy 4o\'\r7^Bfq>ydkMvcd&&~vduP{2J$3JD3`nQ fd&j\0\\X3Z\'#v2AXT&|z~ *d$Uy<yq/b-T\\5+Zu8_\0Uw;mXqw\0~{p/??*o1=Lu*\ZJAD5YP52fRU}oo_dxz~Eu<6\'qd*Ou@ \"@f\"yBxPIUB	\"\0 5C1oEA @!\"*b\n\0T%Pxy7Zm?AUZ5O>o5Q\\@\0\nD\rD c1Qd.vGUQ5Zd& 9;~_y>JLDMQ5D3c;vD@U \"LT<&Nk3?AfU(H!9\'U	\"/5O\n05z:_\\@DX72\0\'c\\\"3uijw\0P5ubMT\r\0U\n2&\"BU\"UU%bEUyoy]}m7Ne!XxkP<?;\'u:U~{0sAUZ1<b\rU:>u #8_|o| :Sb^T&<F}#2oy~|<25/5GTXz:*D\0\nP\0AP@f 9^<qod,\"RP ~\'#5hc\'cEP3P\0\"PP\"q\0!\\\'fN+&	\"k^\n\rFP@\ZR1FfsOvU;oo}csjFkd\rXo\r7*m$#Q5#\"0UT>6h3@Uq>cguCdRo1s]E:_y1HZ7nwTFfZGUYs\"/Q8OdP\'YEU!;FD \"XT&cQ2mTJeB%EFEUc[GDg\'b9O~IU\"\"7Fd&\"oOZQ5b-Z@lcc\r%\"J(!cZ b:D1w22ZCc!fH1sgf\Z?o>0kd$?Y\Z\re\rQO?\0\0\"*\0ml9:@D(@\0u@+B3*D7\nXg^2D@DXlf<_PT \0SU @ud&o\\~{`yBx3BLT3*fJo	0\n7T\rS\n_nl;u5Q52Zkf\\!\"5QDQis]\0}!\"mG1yP>k6}q/}9/8\'s^* dk]D,?\Z (y<)}YP?QUZpw\"\'s]\0@16 #\nUETxQY@afd&FkxG?y!*d$?sb))>?X$3/*)`OT_b\"bN|9OzyrX1JV,D 3AAQU2D\\\\>v5Oucg0(Q5b-q{s{/D%cl>\':0klY@DS(LZQ\'\"PP\"@\"\0 \n\0{C\0@\0l3\0\0\0IDAToAMi}k]!\0Ff\"\"@Q(jzvu(:jFD}O\\	ch}krm7<Qsn:0o`nFU\"@3x c/sO_lxQ 4omGM:QZd.^OZn7<yO*aAd5On7_;`/k1/;`I7Z_\"DT5ydSEuJ1oqm\0ducCD.*A\npk\\\'~c?Bpkybn\n9y$dqO{GDLTmq?x}~g:\roXwCT,	u ao9y~IoO\Z?\'k([/ Beb\r\'\rFy\"\0o z^\\Z|a;\"BE\Z	@e `T}TU	\"\0	\"\0fT%\"\"jFfp<?x|?cpOn/|k^.UCD\00su\nPo;mlTJeb?xc:;fNkd@\"T(DIZFbMZ#UZ\'3Jb\r035/T&3#\"L@Ek\Z*\0+o}{\'+LbM*72\Zs/2\'}lT&}:Ou5/L\rhd^\'Beb/l?1`N^`x=?pkPzcn\0|jo\\Ak7X {\'BD1w\n1#35)2\n5X\0Uvo7>FDLx{A:T0.\"3imPU|wTEFld(oDu\"Z?Ie2~2L>?s>9\'nToP<5\'3}lZ*LXb7mGZ*B?;:g2<0sZ;2I77&*TE B}9_ \"\" \0A\"\"x\0PmZybf+/:|;AF\0\"`T&Zx|/XBU;;N\rT`u8ObMD} +&fFe`\"\n\"=0SUO _\n\n2Xsm7zcd$+QUb-7GAf,DmlZ\Zv#\"z|>629EV(y^Oz\nb?x}rs^z=qkuQYT&x=>?Xk2Uow~7@1551\"BUuD,\"\\QE27\r25yy<YQ9_O2DL_w>o\0Qe\'f5\'k.\"&?yx>*T}cl;N;7;A_z}}#2\'?_ d/EeJ(!r?jy}_~_\no.n;ml1Xk[o?QUZ\0nwD:u/AUoEf\"xd*55QUAT*1s\"\0uyy y<$\"P3@\0\n\0TA|16l;cn}lf?Aols>9^>fuAn}l@+pw >vQ\ZjJk \"?G?0_A5?O3\0AU!\"T1UewzaT&16^Ow(1T?~{zd6@E\"/?|~0	@ko`j5o3\rd5OZsf0(b-uPOQ2) 3QU*5\'2\n\"By]aPQ(@U\n\0\03\nALwbM@Hm_3y;\'T!#~$#@{c^NO7y<plyy\n^\'@Uux~|\"R>s:y|$cQs\"@f:P5F;Yf*oX(DB0SbMhss]EeLD\rD2UB \"yq>Q3\0PUDBD&HjT?8^py(ms9`mT%35\';o?XkR$3pol}lpwT}!n90WH@x~~+u5LTUe6\0z<qo9,7\0S18_y*k.	l_~>??x~ 3:Aeq;Ux2<Qy38\'jnl<PUT\nHNkw\'2_yTJD2\0\nDUEYk\"\"Z:^D,*\\U[\'2;8x~(T\"#/pw>?~b!smc;s]@5o&kd~xpP5\"X&JULxr/>	fl1x4[kmrgfS*U#t|M	\"\n$-B\nP;Lfnk\n\0|- !Lyw`p#afy2M36z 4\\gBVqtzm1M;Om()\rBJ[c]on833e[AD\0p8[%HsC\";`*9\"B*nETD%nN-S[\'8ro^\0\07jY98bz;4i\"c$*I9.D\08\0v4\"bBDH94@z}!H\rQ!Hq@31F4BUn+<[E03wgjY9J@JYFkZNVBbf\rafLZ7Dn*w_Q[B7bJD	A1\Z\"Jm@JqsT\0\Z\" ^0;;pBa@5jAT`]<?}z[GEQz-^=cZ)\rw)JJ7\r3cwX7)Jiy3_>[xz8<=~fH)OP\r|7FJbJP[@bLZ10wjg]bEC$LL\ne0*Gb\\Vqw4\0R;Zq3pTn7CUUD. \Z\0AT13T#\08uqD\0\0\\H9\ZpWD\007D\0pD\rJy1#\06RH9QQad]=4p8?aA5q\0BF_3~q\0|\0\0.70W\ZPKai,Wqd\'v=*sBomZCT!m+wRJ<z#\\x7v=\"[%c; w{im1{u0N/cPBp30PKATpz9\0L-R!DT49Ot11n\n6TUef:7.rf1QkFLR6>;pb{ xfAibdwyzzp3#!&r/?{tpFJ=n4Ol\\\nli\0nZ!;2;:e]ee9@V+ib\nA8!l)S[pw;T#7^~zl8^!0{{CE@\0wDAAD\0\0\0zU 8h<fyDc#*n@\r9f*\n*nq7D\0gYn,+~x8\'Zow[1#/\0\0tpb\Z\'PQ#c\Z\'B5b!)%v=V\r\0\0\0\0#	N!H;;)b\n\\gn+\"@-q\0r\"LulqqwT`xyzBC\09QUzk S! h81TV+zCC[sjk/~8<==@o\r\rAwg\rfFjywJp3y?!Dj)\0Z03v#rBJm]xCCZFR03Hi@T13!DPRVRH9TH)14qY+n2Wi)b130Z#q>;:_>q>[cg^EBn+ Ygzoa LUlJPcSB\\^^1@8N)\r\'qb?p9p{t[xyB\0  h ;\0\"J3GDqwBHfbJRVD\r\rb`f8;qs@\0DJZ7m`Skl+q\"|bwp[#1Da\"DAUqwTQl+!FaTcf&?@\0\0 \0\0\0\0Z_\0b8TT\"z@c@U1sD0m+0R$#`fX7mUmEU(ZEE\0@`r&H@Ur]!CBTecg}V+Z-*y{@U[xwr\"<8Zh1@n;as8m]!\08B-v4cpiZ	!0>;?x=mX+GC #nw*6p[#l,q3cg|+|;GwBqwbL| 7lBR8??RJaCURVw\'\rw?xy$#1)fBqwBL\\. \n1F=9\'./O\\/OG4|A5PkazZCD\0pEU@DAQ@\0\0D\rApw\0\0\0!h[\0p3D\0w@T@pwQD\Z\0\Zm+<L#!()eZm|UDD7_qe#(wBPTm[8F?/9\n\08;\0\0\0\0=?/X\0J2)gJ)3Uj*j%BD 8\\TaiSz\0\Z\"%nGbm#L*A?/w{VrC5`C@5{#Pkz9#;8\"UBaxyyq81lJ-p{GRwzVDpw;@yUmATU}tLF0hL./vX+\0!BZXnW`fXpjE%0L#=	h7z<?}bwx!7j08 qj {-e[GwmEU@pixw@q3<2iC$nNlGqvH9.W{nVb\0\";\088\0\0\"*\0fw\'cFE)!*Zv;p9\"\0\0\0;@@\'j)W^Zs\\Zk9y)\rAB{x\"hB@;;rN;\Zyg].\\:`\0\0\0\0\0//~n[eY0wp13I)c1v!LJ\ZA0,\rTJJWinBrb$D1ewZkio1.+PUJUDnY!DB!!*X7\0ypsJvz9s^G)8M*7za@T	!\rJ-wD<\r!bxcg7\'ZOeJAC`[0SF%f*m+\ZDk8F~4Qj-N:6_B)GL)+nFD L#eb\"{{g^p<BEq=\'ifFj)D	pwvA5,1FJ)+fF-3\ZYg[nB7\\/g4FpwDw@DPUpGD!\00;#1en#\"*\0\0*\n \"(!FH	\0rS5!&/03y <?)%Rh\";)%cwL;fjB*\"Bn!1#?7\0p\0\0\0\0\0\0\0\0.AQZ\Z\"@\rDxGme##c Gj0*ixzzz~	1r>p0;e[WJD;1%qlJQEC uT!\"!qa=! \")FYofNvzG4D*1&DV6D<={g]Viel;1eD?\Z\"[\0qw\0z11vBZVj2;Z;#SKv8r48_q9_z@Yo|=evyFL\"Yqy;pbxx1%j/~IV{aV6DQr]0FF+ s8cZe!Dw\0D`vC@\0P\r*\"`f9R+0Xo8^QU4D@AD\0<Hi@B-!$?\0(zEJua\'\rU!DosCPz9gR!\rtZ1?oWc\0\0\0\0w\0\0\0\0\0\0\0/_x5o\ZiF69gZk*eA	A9s8xyy8sA}m(efwWyO?Rzr~pb[oL*n;;#! 	wDQE5ch\Z\Zc)!-Z	1B?Wu|dVA\02)ar~D!83#?}c4pDyF6qwil*:01f?\"Z;Jb)l(|x\0\'cJ+<R\\.H*q9gn13RZ	)\"5BL;U7m733)%GDzowCUA7Zk1SFpwPUyO8\"8stp<qH)#BB#!~B)+f#cx<_yio`fCh1M8SwBPq$_81y7._\\\0\0\0\0\0\0;\0\0\0\0\0\0\0zo{+6=c]D y9#3@k\"8r\\/O^/.3!xwKB{J2pp8NknV\nBuY\0G5\Z1u\nPk`i0)\'J)QwZk;i{bJ,+*88)emET\ZT4;I1)FJp3BwQ[agO(\"4pwRN<?~3z<~C)g\'ua8Zyx/O^anpZ)FwrDn\0e8g<?~A4,y`f89?QI1@J0JQ)bqs0ba7Jk7*UuB p8HyD5R&~Gk\r\07CD\0)%Jh8V\0q\0Du\0^40ml+\0F(p$0O~3_Bd\ZgJ)o@FPz{tw\r0#4Dq\Zo?\0\0\0\0\0\0\0\0\0\0\0\0\0\0Z\Z;0cm03qtwG G;\"m+OLn|7yxG3\"zg<?RK!wc+2)emE5`3M;Z\\ B		!\n\Z!:1&4B\"n{q\n\n#@Lw(rn1\04.;4cbY*r<3O38q]	@kV8/\\./l=?~@Dob)f_[gfbJq8si\Zs<^Qjm]NDJu]Ue&^B6~{bO<y Hm]z%#8r<yx<uFQ@1\Zq3\0w<3\Za\r1(Z#NYG4\0\" np3i+AC`\Zgm\003DwFF\0DG?)!\nO;=1E}4i\Z13wq7JaPyA \0\0\0\0\0\0\0\0\0\0\0\0\0\0\03=A02e[Yq*i8NZXn7r8ft3; \"SB;z60n8ZCE)3NUBmb,\Z\"5R\"LPED\ZH9{\'\0!(upAU9\0\0Zk02f3e[QB;\0\0!&\"\09gpHF+*8(e7ob6#!n~8x*tJ-<Z%,O_+QW#1_1N34afXf<yGuOwg[n_>b[7Z\\.W?3#wNw*nBZ*A)qq^_xV+9grY8r<ZBwGDh Hk:0;#?|l+wGE 1Vq3T \" \";8B`V4DGD)#\"8;8N;n+n493M3\\y=of}O27o0;zO=>~@U1T1Up<PKATL!H;,\0\0\0\0\0\0\0\0\0\0\0\0\0\0\0\0z\"nSah*\nmj%xmcfNL34WqdG\\2nzhZCU	Z\")ebJj7#H)+ZqZnYG5\Z\r7QUB^q~y\"@37z5D_}\r)%>=\Z\"!\0To(@eYy~~\"X!Eb^8nwyGWcz>3 Vy+a]j)Tm-q~~/O~_yz\"Dx+#oM|8\"T_y/gBD~\n]p>?#*|v9{>s]hRJ\"8\n*tJ3c&pg]+\"No3#D-\0upGU	1!2fj\081&iNN\r;)ZoZ(pWGp)2#)E1s^z p LYex;o,LuQTF`#*9\0\0\0\0\0\0\0\0\0\0\0\0\0\0\0\0\0\0,R1Vb*\"94+Br9Rz=33	UAT[#VmAT#uc]n+@Z)gqz!4;)\'n2#lBk\rQb\03N39hT\"!P\"e\0\0@A1zr#()g.D\rJUe8|#[x+T\n!Dr0wSJ`\'pxy~B4$@-\ry#Lo^^GTQUyGTyyHYnW~d\'~wZk<?~|>fFYWZ<Ais9?(_S;UZ31~_B6^~mY#/(B	7\'px<\n\"*e[^.Zx5u+q\"H-Wp4(n!\"\"n \ZHypfl  \"\0 nW4\0Qi!N5\071)!fU	!TqO\'D-3)F\0?lu[9x+\" (uH+rO13\0\0\0\0\0\0\0\0w\0\0\0\0\0\0\0\0\0\0\0_>?y.)\'rNZQ\r;e+j<m+n_S[j`cf\\/^=X{pvrfYVB*o-jX))EZmLD)wnOsX4#\"h0wD0sBL=Uu\0BE5`\nAu7DwG.3\0k?0N4a	\r#9&_=zgNw\'0#pw0f29geqZZytv0L;nJL3GaIil71q8nWq<}na0<?>,+!D0p~~n,\r4\'_03Tu]wz}lFL8mjn$DR6a6bL\'j+,\r\0a\0H	w!+nNZ  8;\0;)\ru#\"\ZBle <|~=<*1(yyx@J:4ZEDX5~om)FD`3aGo8i@5?_)Rk\0\0\0\0\0\0\0\0\0 \0\0\0\0\0\0\0\0\0\0\0~=?-RDURI9\Zps1F#74GRhuZmq^XV;/3N3s~y+)&a\0wGU13TwG5!0;R?7DZ\" c#\0\'xR6ATPQrpw2)g!p<{uYH)Rfs<[eF^8<?q9?{\'qX_xwO-\n1&n\'n7?q\\)Bm	Ba	1\"5>PJa\'q|n*qV0f@\nnF)yz&oXa*13JS8N,+lvji*ZSNkR6z;!hXoh9ej-Uwb;)\r\0\" **SDAT)1N3V	!n!{?a4q:8nq@#?oc9\nnz#gTi7?y~\0\0\0\0\0\0\0\0\0\0@\0\0\0\0\0\0\0\0\0\0\0\03_cGj) k7QUZkZ+B<d4DD3F3f;\03f.J0m[\0\n8U0N*wua++21&jcnNL	e[v=lS4CX\"NqA5Pn![wGD`YFk2m[QD*r>o4+BZx-^?`xz2#qq<	Z+)%nr,zj!#laHqw^^D)+)%#?~1wbZ\0`]V7/?.7\ryzl+e[n !{\"\npDU	\Z*4`Sp@5\0\0S\0@JlOwpwD7#\"0M!DZ9g;7~?twytbs<c\"0LD2{1&}8ND#6\0NwwLy\0\0\0\0\0\0\0\0\0\0\0\0\0\0\0\0\0\0\0\0\0\0\0\0\0OmW7n+;u\"\0Ub09\'Z<[zr<1n\\ogR03TJZ8cq3gfBZJnZ6RJb1!DZk;!1JR6*1%j*4aV+\01fr<~3;0{m[Uzo<P[r%.R\0BRq7j!0uTfV+fFp^^	!51T#_iszCt8*)eZm_x\rwO!33\n8*1%0sF5bfh!2NwTcl*YGpu!`)eiecf\r@ai8PkAD3a!*BLq\\`\rY\'*Ci!hN7\'H\r\"xy~lo	n#_?0NnGB+3g&iax7@f?\0\0\0\0\0\0\0\0\0\0\0\0;\0\0\0\0\0\0\0\0\0\0\0\0\0/?p8_iqY27z7J)cp<Sz0#4\Zhm+#(43M37)g\0:fzE5BuCU8NlB1D%D#\"{#.P\rujN*l\0b(FFBA\0 LPa6#1Ez jfDZ+@luDAx=TRJlB)\0Dw\'vq:r&Le]Yvn L	`R137g8p8Z8<=y1m#w\'\rn\n!<yx3c\'^=C	Ay;82>= BDE)E3fpV07iG\"e\0gylpbJI)H	3p:Rpj\0>8J;\0FPkETqwi\"nP\r3{R6zo*mx|W_?cc,0]Jo\r88n9g\Z)EDWO\0\0\0\0\0\0\0\0\0\0\0\0@\0\0\0\0\0\0\0\0\0\0\0\0\0\003~\'?q3bym9PkED|>s9_xx\'eY3z)D0`cD\0w\0<Z9\"*;1bSFJ#VTa	!j%R!~GYWZk\";*!D3cFTQ	R\Z4X70\"\Z@ZkUm]1wR\0GD1#=//Ol~`)J)es<8NnhQKNv<9OFo\r3BNDW|*g?EE)Rk\'8M<==qww_>ZgfZVQ\rh<0N#R\0l+y1R`XHTu<Y14n<<bp)*n!<z\"(\n8)%U1a0siJ)8B k~_,a03Vyx\Zm8_PUz,g\"iq;cz[tG3u)g#O?w5/O\0\0\0\0\0\0\0\0\0\0\0\0\0\0;\0\0\0\0\0\0\0\0\0\0\0\0\0\0R6~w\riX7i\Z) \"73ran{6BLw#re5>afR1My\\gT\0)\'Z	\Z\"B\r\0UFJ\rAp+\Z\ZnF0#zVH)2M#a5Zk;#;H913!unpBEU9\"77\0\0DtwOyg&OBw_NoZ+~=vJ-8pk>}7O?,WaDH).Wpxc+~~r[?\r//gJYn(y\07oq\"* 1fzk\nR2fT7Ap7jou#ps4 \0ADiSBCwT\0A11v,w\'Dke(B\r3p8?I13#9\'*!+40#ju~gq7Z4mZ\n<v83<\0\0\0\0\0\0\0\0\0\0\0\0\0\0w\0\0\0\0\0\0\0\0\0\0\0\0\0\0\0\0[8B`]rj Sd6eJ\n)\'RnWbG#L<4(w7BH9sbYVmH)q8YuYw{q<Hy\0BiEU)ecYwPQTBP\0|YG4@1FyFw\0Gb\Z13n+VB`\"VxkJ17Z7Z<Lw*wbJ-7Zv3<\\.0\'^+gr=_\"o/I9cN6y.<~BaHL6\ZpryW9Nn3_^7c]WJnOLm.\"#fuc\"ujD:SBUAD7C2y#n\0Z9j\0!\r\Z\0P\r\0n\nNWv#hdF\0zoW;y~8~#lqsBPj-0{gq#)\'z9VaH)R\"88d?/\0\0\0\0\0\0\0\0\0\0\0\0\0\0\0\0\0\0\0\0\0\0\0\0\0\0\0\0\0\0\0\0\'Z:)\'Tm])R\"D\Z264F.i([Gf]Te!r9*L,ZF\0z)jcYBHV13D0nfF323R;qFQp<ZRvcDTSb\ZwQ!\"L\"2!\"o!u3\"~Jiy-wJ\0GDyqQFY7D?p8y-?||~aGjm<>>{\'l;zr03;Jc$H@30\"\"V1r:s9Yn7<hPj+jw,\rAXm[)w0\0.Iy`[D*7!@Qz\'DZ!F4J)VDwBi1\"\0n*PFk\"7\r\rwCw4D@UAO\'flD79| _Bq9_Pmv3H9Ap11a\n89gC?;\0\0\0\0\0\0\0\0\0\0\0\0\0\0\0\0\0\0\0\0\0\0\0\0\0\0\0\0\0\0\0\0o~KGUv]y(ZCrwG}GmUECLJa_Z1%\"uq+y.U{#!s#y~~BD\rA5Rg[7!3O3\n\ZUi~#	HkpDUfN;u	@HD>rQApqzH)xo\re+%xQcTZo{bJ13Zx~zp8!`\0,+J\nys<O~JZ+W,+~\0\"f\r!H`]Wv=z#DHL@o<^//nqF#J0Xw\rQ%an Q8Hq\"DwGDb4\0`oO?bv#n#Zx4p9_y\r1F^URN8X7zmatLn7cctw;m\0\0\0\0\0\0\0\0\0\0\0\0\0\0\0\0 \0\0\0\0\0\0\0\0\0\0\0\0\0\0\0\0\0\0;go)gJ\rPUA\0s;#x-}Eo?02n,BDZo*8{\'?mi\Z9j1zn>\0PJ;CL7rN\0%J)rDw;^	,Bk\rwACqzygz1QKzGD\0AUP\'uK-e]yyPJpa[aJ)e]Ua^~n>p9 YgGBy`wWy~~b34sb&\'mT3m]X\n0Z*lB[YqaR*m%n)#jzn[rN9)%Z@oRw\rV+_8,py@D0sT\"!\"R+)\'H1Sn3i>B @m]I)r8;\'rv\"\\^!Zcs807Bow_\0\0\0\0\0\0\0\0\0\0\0\0\0\0\0\0\0w\0\0\0\0\0\0\0\0\0\0\0\0\0\0\0\0\0\0\0V~g/~K^yvckt`]Wz7BP@H9+w\'D6Jh#? w s#ncGD7D)\0=F;4cZ!F28qp7D#f1M# 8NiC\0!z\rJ7C%jFm]Rw0smVm^n`F~;1T0Rk[#LJ	a]Vew3\rwN)?Rbmquz[PQURJ,_{|9@oQ\r,\ZVmvnhVy#7eqR\ZXnWDR\nF7cfbpwwOc&Lk20h`8NhPjm88f;UJ)n<p^R\Z1afu3 Lq)pG4<VRx53c[7!,r8.3<SJe1scU_O>\0\0\0\0\0\0\0\0\0\0\0\0\0\0\0\0\0\0\0\0\0\0\0\0\0\0\0\0\0\0\0\0\0\0\0\0\0\0\07;9Eu=1u 0lX7p\0?k# \"9/1r^YcYn,KA8hc`YVr8m Q\rZ#.74(9Q\r bXn7i	A)e#h <L#!8)eR9__D\"!&:*Jkq)K_>	RZ0`!(//4m%Lc,Vy\rOO(FJ41fee[4Diqp)#Uzrfo)Qk!@,*7CU!S\"q<d!QJa?0{TuC5*!F\0)ewzs\'HqDk_nA5CN6b([!nqp`GNwGZmZ	@ZcFj~gGzRI)q\\)03LL;8_9\0\0\0\0\0\0\0\0\0\0\0\0\0\0\0\0\0\0\0\0\0\0\0\0\0\0\0\0\0\0\0\0\0\0\0\0\0\0\0\0~o%\Z\"	Qzr9_p\r\ry7qw\'^^^xz|oA*hA)[o?[!4s*e+8zcQ)8fZI)b m+wTqI)C S *Zpwjk9yq`9q><~y?PZ]AO>r^ynUbL2{mzg\'b<S(/V6uCDnn?_3P/D\ru]@)B3p<Z-B}3N<d1O3T>`fU#TuT1&pg?R[!h^_L?|$#rfx\0f!u9g1{Pke6z7b28@@3cs8!r4\rN\'v=Gn	go {9-ut4rm]b@B/2v 1BRl	B#	Lt{+zEpALdY}5J6M3!|:kF2+?O-\0\0\0\0\0\0\0\0\0\0\0\0\0\0\0\0\0\0\0\0o/28N,8r)oP,z\ZnbRW_J4n{\"dZiZw~~_z\n!W/NgmII\\j+`\'UJR]QAYEAIQVm[je\Z\'2+eY8Q\n<1\n!JUJ)BR\niD\\84i2eQJb0W19! hdAPPRQ<Mq\Z)EJp}xxi\ZG{0ROwi[,`\Z\'A6v</zBAyVk4iNuJ.isVU~xVWl^&!F)&!!]+%+11)ZTu-i\Z9/a,m[];!z}Y^j2qm6k8NBRJJ)xi\ZE1f~;<;r$bg0XW5N{NnniSg/\0\0\0\0\0\0\0\0\0\0 \0\0\0\0\0\0\0\0\0\0\0d^4I)iZZut:(E),gv,*_v8}VJ0qOGK\\U)9Oy1M:u\Z,E)fRr\\\\Rmk9VUsNj$:JSbS+%g1F!&2%#i<\\Uij4R,sv{{du]ggUU9uJ)u^U%(BBaPUzm\ZGy|i</,b\'4-3M\\RM_ucG93UU^RUnb!Y,d!$UU	1^wiMlYq\Z+hA4M+BJ)bL \"  iZ\\h?4ON/}Ok4| ,zXYJ!!9_a\0/_>vqFNRk;7wwat>^)^\Z4Mjj_]\0\0\0\0\0\0\0\0\0\0\0	_\0\0\0\0\0\0\0\0\0\0\0\0__u\\Mh<McTJ,0VVU%cau,(h>`&E5M\\i4M+zJZ1\Zq\ZUs6A3 v^)YeeS,i{hg, p:eZ5m+,h\\/J^tgwrYN};>=JwicRy,KVJDd9/q\\u}o!<K1nwe6N\\2A]>R]k]g^GuUZUi0umMZWNj_\'W~l[_fo\\.WJ@,m\ntc,JuJhG!m(1)E]7RUi4B6iP,9/>yJwo:.f{m\Zc4Mb)E]7u}g]K]YBHDVeY|xAoMg1M7[WTURR${7u\0\0\0\0\0\0\0\0\0\0\0/\0\0\0\0\0\0\0\0\0\0\0\0J)~_u~W4Mm[u]1\\Bvy}N,bG4)~YwU.zv>X9yB4bYRM$U0duSb9SJ,b84O</^X]yYB!jRmw;4!jrBccl]\"+q:5Mc1&8vk;%K^T)K%/yb\ZGF),\"s6uJ%gOOB?}k~!RH)h8eqcyNg!&}t4q\ZA)YJN)`^kr60MR\\t]/iv8XjV2])A.mcFw(aRU\'8XtW_{e^4m\"l^fMH1!!QW)VVy;pwJ0Jnw>m;foxoy+y~k<5M+77\0\0\0\0\0\0\0\0\0\0\0 \0\0\0\0\0\0\0\0\0\0\0\0XJZy-KQ\'9/J.\'-I),w>?#jW>{/(dZ0;>Yl&]mZ4)<fR2uU%#hZ<Ok)E8yYeQUI)TURJQ^(A.\r(k;77uu$$ELI]7r)u:ORLcTiBA.+-bqJJ)&KJBs6MiXi05Mm-?oM*u]ybY)Tu4miZ!F1Vywp>T9[4av;%EGvUUe)%1Dd!Nzq\\`ghN@R*871VyvA]WesQJbp!j<eBY]W}yz2m6cxRbgmY7TUu>\r{/>z_V^u.qNnnof&\0\0\0\0\0\0\0\0\0\0\0\0\0\0\0\0\0\0\0\0\0\0\0\0<~__6M]IU<{u]:eWbBbZ1:.W_}mF+Jn?3~\Zww7.AU%41\n!Xd104M3mRLqJ,9\n (h\ZG1&<K)v1Mi,b_9?(<<>*PjL!3az|VJBTl%KU-/ku]|>	HUJi|yv\\t]\'*mJU|6R*Uy^v[8\ZALQq F^U?=~j{xxB0W-b\'+8^)EjRJR%|>QR.\'%geYPTr^UUzs1F%gUSk>[RJyoy^rbJ)V21&1Rq5urH)|liVoQ\\/0hd^)Uu\'z*9s9FeumJ~	\0\0\0\0\0\0\0\0\0\0\0\0@\0\0\0\0\0\0\0\0\0\0\0\0\00MqySy8J	v\\]WJu}Qi7.O>X7|w7?2/i]/WUUamie)uB`EY.Ye,Bb U4yS,(`\'UU)%i<e8)H)!\n8ycr:NG75Mcg9/hNuVJaC MjZLTY)E)Es.ilYM*!q\"i\ZUUx|2J+x|qrm0^TiX	!n6e5m+bY6,*JbG!D1FP(4mczc;y+,(k!F94\"eYKb@z4	!*HR-tQ;/_>?a}s0UJvRf+_GJ4;4\0\0\0\0\0\0\0\0\0\0\0\0\0 \0\0\0\0\0\0\0\0\0\0\0\0\0qogi]/g1Vz!hnlYUy_yY]gg/ra{P^_iB{m0{*ZJzS+0iMc&u\\4MyRZ]7e-b^uXE)EvRUYE)E)J)<=>l6y6/iuc^M$O?3zORW	<|x,$beRB( %!JJx7#[m[8j[\'_VLIi5Mg^TuVb\na,EAu.u]Jp8LlY\0!D9)E)%!D!Bc,%9gyYg)!\n!nZ%)FK^+0(!1^4]cY9.|T)Z)As?]z>`^}Wzmmw6aUew6fm\Zp:TUm[[Wi\0\0\0\0\0\0\0\0\0\0\0\0\0$|\0\0\0\0\0\0\0\0\0\0\0\0\0\00-_<+hV6Y.p-yv$k_[VeZuu:Kbr<]t] h\ZqZ<=>I)x=%ZA.rus{#ij4kuR-(`&~% bYI^yAJI)EQTU%j!1F]*iTU-bYYRUR*UVjeG(mQ,kcZ{)Uav-R!*\'PUyM#*PJZumgZPT1lG6-Yr^ku0y^]~Z,r>kw^mj<W=?)FU\\.g8+!!\n!1\n1J4RR(@YAA]b $ JIDA)E,9K)z|z:\'_KU]{fNIF(EwRmi[777,+MzwWM\0\0\0\0\0\0\0\0\0\0\0\0\0\0\0\0\0\0\0\0\0\0\0\0\0\0\0\0\0oz(ELI4qr|:J)*=P0P;oJ)~,E8Y7+~g7\\]c&u]jm%1%]zR)^`&angUU%m;%g1FMR%/bB*8y^\\MkxfvbB6^f4g~ud)E4NJ5(AUUeQ7t>>2OyuJy)E./WOG,UUkuu]gi(__WP1%}r:>I1)y,o!hN\\.g1%uXr!TU,,D(\nBWrSR\nC$1U]+((H1)im/\"n\Z<S\n!-,JuUO>w>;jf7UMm[!DmSIUT7Rq@7_f&\0\0\0\0\0\0\0\0\0\0\0\0\0\0\0	_\0\0\0\0\0\0\0\0\0\0\0\0\0\0\00on/1\Z<|xv\\.W+u4ftoW>=_yR0^78yxx,qNMXB8-9#XI6^|yQr&p>]5M+ m\Z4A)AAQ	AU1M*M*R-bf4ZY.YyraEta2OTUq{!xeY{:9AJI%IJIZ[:yY}//*$*2yu:2dmVmnO3\\Zm\\/Wu]!NU2iUuzKV^E%eRUUk)VjYQ\n)E1$1FUU9#nUr6R\\R}oy}Ny5M*1&)%uU	N3nVu,i,:UJB b4;_K7y\0\0\0\0\0\0\0\0\0\0\0\0\0\0\0	_\0\0\0\0\0\0\0\0\0\0\0\0\0\0\0\07byrF*]y|xBpYLIJr5Mq]Q:l/qM\"(*m\ZI*m0\\m|Ni\\T)Xrc4u-8mb\'2t]x<(Y~cU4 JUR^H)<Of\ZE*wwQ>+o^c2d1D4f-;iL)iVJgqnaeYl6m96{1^l&4YiXIUm:1(eY(A4M#t:91!J\Z}Jy-9X{)%OFQ-KBzg\"/<M78Qu*)Fv+y6e)E77~,\0\0\0\0\0\0\0\0\0\0\0\0\0\0\0\0\0\0\0\0\0\0\0\0\0\0\0\0\0\0\0\0ir~Oi]nEYVlOO\'u{w+`^I)r4-p?\"UIA4Z<Yls6P8_B (U\\n#bf!F1F)EJJ)e,\nbH6%.ab^K2M\"!jFEEUU?DN\'s*E)O\'4R?]?_{am}1H19\nb6T5~XzU]nll;/^<wYU%w79;_.y+tsvwlYJBG/`f)%4JLqTMmjH)Zwy1\\n(AEQJIubes@IUU BB, (zu<^u-@k1o}>~k}[o7^|_RA6_<fewA*yq0Mfr>\0\0\0\0\0\0\0\0\0\0\0\0\0\0\0\0H\0\0\0\0\0\0\0\0\0\0\0\0\0\0\0\0`g6:uV}xx2Oy^\'ww4v;}9_oMNJr)BJ)1rZbiV)2qSRE\nBqsuiYiUUQAJII8\r%tf+\"J)k5mcf9m1zfmNT%%g7_v<Q=|xt]*amVNU/kuQU5Rh0yQDu%;^|iYg`Y)v~j<Ed;(%[nV7z# JNv+Ua4V7ey2nv[AB*!cccPW5qBUU\nVWyQ7)NSrm^^LQ8<>>yypssrXTyNUUat9_TUtJTUvwo^??_\n\0\0\0\0\0\0\0\0\0\0\0\0\0\0\0\0\0\0\0\0\0\0\0\0\0\0\0\0\0\0\0\0\0\0RW__W,|4M\nN=m;9s{{p3\\\'mj}\"x)jF4yvwt<Xr,mR4M!Dd0isBbbRRLAALI)Ev9Y)AQJQ)uMH)yv+UV+m{u][><?f7_v:_@4eh\ZGiJam,G/Mdz%!x|:9x3!FA.,4Mr.OOk:Oy1Mq,yJiB4/y-<OyRW\rA5yQ\nB !%gXWR,9K11i2S7y-9{IL<BNOy4%j2v[m\n1R;4i)]iOGs~w\0\0\0\0\0\0\0\0\0\0\0\0\0\0\0\0\0@\0\0\0\0\0\0\0\0\0\0\0\0\0\0\0\0\0\0?/^8Nw5mdY4Nuh1M];s>=9)JU-g~3uRCp:]*9NbUI,,JBi\"P\n^%gE*%,RUy\r UybYfmiF7kM*!^rn:Ms8_.J)evss?mXr;cm8.6eV^U:`^[oC$oR5_%n{n3Mm[VJvHer\\<{?o,!/?zJI^3~Z(/NTzRr\nyVD?3i@QI6RRU*)%)EATl6kyeSb%,(R5u+u]~;vc_yi\\A^}\'ENU/?\0\0\0\0\0\0\0\0\0\0\0\0\0\0\0\0\0\0\0\0\0\0\0\0\0\0\0\0\0\0\0\0\0\0\0\0\0wE}yM-r.b2\\UUiV]W%8>|p|:*/YWgu/~_=6e:hV*V)EI.Ev,E%v	jELQzu!JR4M#`\Z^}L$`_{^jFO\'GHUnu:1t)_%/.b&0YE5i&p?wNih9n5|hfRW{?=<k7w71O4M{zeYy!W+o^]og8^.Z8MVn$,Ul&u(:!E^\\WESCPUU+!Ni\Z!DmS4g1%Zt]\';u]1lWW4lm6kK.atsyxvwp{8~Wm}mupo\0\0\0\0\0\0\0\0\0\0\0\0\0\0\0\0\0\0$|\0\0\0\0\0\0\0\0\0\0\0\0\0\0\0\0\0\0\0?\'RM+wwNn!H)*L,r\ZMiFJn]tr<}|wk[>1ivK1m(EUJ)X0RJH2Ny5MkY(mm+h^)!jNe<=\\7knj84mcdBv+UI)T\"D8u\\.W0B0iu]g&uvufeOn6+u;8~e~r:zWeS?ueZo\'%tokIm\Z8n9IEzsQU5X,j]ijUUUbLR@VcRsm8J)ibREAAJI)EU%4!z]k^?/|D]nn}gwyN46V^Z_+N\0\0\0\0\0\0\0\0\0\0\0\0\0\0\0\0\0\0\0H\0\0\0\0\0\0\0\0\0\0\0\0\0\0\0\0\0\0\0ckjdU;pTUaZ{]Kvmkww7nn^6Va$\";yeQUy^W+M1\"eVU%+E*!DV*ma/J6==:LR5mg&yJIQ{@AsV\n8gw7{}+]+KRJt;}-1~~;*:NvOOannn>s1&GW(uTW?vs|:ZbLUg\'<V=8y9gU( 7;>zhAPUqZBAvcG8X*%<={<BP\n1F4K)H1YWR*)96O>y`}~3QwrY4MmwJpsgweY\0\0\0\0\0\0\0\0\0\0\0\0\0\0\0\0\0\0\0\0$|\0\0\0\0\0\0\0\0\0\0\0\0\0\0\0\0\0\0\0\08?q|zk{:lN4]jIba|/^:noRJ=xA0BghZ]\ZEUUUPU))))1I)Y,Zz\ZI.Eu]!X\\\\*xz<*vv>N\'\ndUU|n[zxT\n!fmqrN2/ezv^\'>MIv`j-bf>YO_y\0\0\0IDAT6jOt6/eiv9\\gVf#`Ym{A)A6`Y]RiVB0\'0I)!m /Ev[JUo\Z\'NTUWRRJ Wg4u-/YALz;VNJmLbM?3?g\0\0\0\0\0\0\0\0\0\0\0\0\0\0\0\0\0\0\0\0\0\0\0\0\0\0\0\0\0\0\0\0\0\0\0\0\0\0\0\0\0\0XoowcJqsS2 1jeQ9.{wnM$Um[](hPn,bG4VbRkN)ELQ\"R\\t:[,[B.,9;/Hid!baUUeYiTUm]{4%n:0g4)9_9U]l{s?i9XJo^.|uqbo;zr.v=><!zjELjr\\*YiZNg<+1jZJI)e9/RJ gQ7*jzg~iZ0A.YE)]\\zm?m|4/MKn- rTI^>B ?\0\0\0\0\0\0\0\0\0\0\0\0\0\0\0\0\0\0\0\0\0	_\0\0\0\0\0\0\0\0\0\0\0\0\0\0\0\0\0\0\0\0\0\0G?~P]KbJ.QAL<Vmw9_\\WM+!olw[mfk[}\\6iVuz~Ro5miRyu D  bA.jh<v+ZIwBrR]Wi^Ng4Mij%miNwO\'!eZlw[U]UrYkJBe{?#Ewf6<_^VZqt<o}~t\rx;s9lzy>G/;8.bRrS4jvVq4m:LrJ.BJ)B4Miv\"q\\/*%K.><\Z:(%U/j$Feu?a\'Ovn|^anfo^fZ\n/N\'\0\0\0\0\0\0\0\0\0\0\0\0\0\0\0\0\0\0\0\0\0\0	_\0\0\0\0\0\0\0\0\0\0\0\0\0\0\0\0\0\0\0\0\0\08_Sv+4kmw7XBR?[_}./\'QTMc=q8=qv/O>O>rsY^6uS$_u]iZ9)UJ)RUW+PJ4~2uoEU|!\n1\"d	qd^d,KsVU*UU%/XW7{pw\'lfwwi,vBxy}g][z/>z|\'_I4Uu#dxTUQA]i?<N+FU\'?Juc^\nh@aUe^y^,iB DUUYLTUbvj1%<JAL,rW</qRW/neUU6qP6/a5E[Wbp{wow,\0\0\0\0\0\0\0\0\0\0\0\0\0\0\0\0\0\0\0\0\0\0\0\0\0\0\0\0\0\0\0\0\0\0\0\0\0\0\0\0\0\0\0\0\0?|~w>Tu%b)zx<jFIbLbJy^|o|~S1t<y|x|>+HukYva4/i<Y6mu]kXrQ7y^t}kYY]\ni[d8l,E*8iUU,k[!F<K1l76OTURBmMffViMmR(2Ou/$dzm\\W`^;Op8H))zi\ZU|pPG?z,~vrw_\nUor\\Go=FO\'n3/qUua4dMJi,hfu])\n!!xut:Uu-Z9g3M]zb0fo=>[!DGrUz>w)EEw6?\0\0\0\0\0\0\0\0\0\0\0\0\0\0\0\0\0\0\0\0\0\0\0 \0\0\0\0\0\0\0\0\0\0\0\0\0\0\0\0\0\0\0\0\0\0\0(?CC~W~fiZUUv{x\\%^}o]F)tUUG1Fw.??bpKOGKr.J)R\\8.ao\\5]+h^\\.0LilRLVeBRv|.dMxz|r:]L*`/LJJV[b+/>z |kmgnxf8.>yvRn{$mj0=<<9=ks.xrF!0/31i;];yQW(VIAE\\%ZE2Jl^T)l>K/_>b4qA8-.g/_!\"h~v65UszeOOO\0\0\0\0\0\0\0\0\0\0\0\0\0\0\0\0\0\0\0\0\0\0\0\0\0\0\0\0\0\0\0\0\0\0\0\0\0\0\0\0\0\0\0\0\0\0\0\0y)9+W>zqz|J)J4N,eFzV$Ey1/|,nnq5ueYtLK6k\\Ogzr><<<Yl\"UpR\Zzo7kBp:L,Uo;1%UuZ!Fw>s?[?BR(?1qg(n[)%EUWBJag7mzIL?fg>z6K8}xi<=<{vkTl7q7oonVj!D}\\EAe1OA*9uliVJz%kMS7{~kXZjZB0Z<~c]{:^Lffo-K;no?Gr\0\0\0\0\0\0\0\0\0\0\0\0\0\0\0\0\0\0\0\0\0\0\0\0 \0\0\0\0\0\0\0\0\0\0\0\0\0\0\0\0\0\0\0\0\0\0\0\0yM^z{BNR0y^bnzM,X{eA)A\\4ucZx0y%g9unZyNQsEk*Uf+::B`4eM\"W1|/Wfkzi}^UU Jw>~IQA)E4B:u^|wzcu]w{WG_~o[M\n/o.k2x#Nv@vJ.V^Lq\rD;mh,RU	!Xo,EubbLB!df)UVagf|1ea\\\"d\'1}^<nvr.3oRlW[y_}5\0\0\0\0\0\0\0\0\0\0\0\0\0\0\0\0\0\0\0\0\0\0\0\0\0(\0\0\0\0\0\0\0\0\0\0\0\0\0\0\0\0\'vM _s?qf2IfMBhRRT]RZB*`Ubm9f}u\0\0\0\0\0\0\0\0\0?/Uez`N4~;G\\8?=!IYSUQha}?Z/\ZKpv;;o[,1F<;:8VSQ{^./EQYNSX4bUY;wu}-yNNV~\\-){75p8rQUU~J6B,0\"1hlUe)VM)Y4=}<|x\\ho}z=9+2fbVgedy32eU9+BYFX-QmkY@UVWBNN.N`wtz~mk[;WY,jS,,IYE\\VG.4u(9d^nV}~OJ	\0\0\0\0\0\0\0\0\0\0\0\0\0\0\0\0\0\0\0\0\0\0\0\0\0@_\0\0\0\0\0\0\0\0\0\0\0\0\0\0\0\0\0\0\0\0\0\0\0\0\0m38Zjt~\0E(HbZ,G+B?Lm+;UYLsRz,KMS~r9s6P\"8??CPBXFM\"egnowvYEPrZ,22>lO]7sm]|uUYz=rz}I42<;]?l,\"8rzX.Ueh4#iJ^\\^99V9Y.Z~;wa>dZ?nnv^yC{\'?Z.t=FXl/W+0Mi<E0Mm6k8^FsVV#miNEZ,\nIU=Fb*R$.N}S;?wGUUZSqtiR,]_v~E/\r3\0\0\0\0\0\0\0\0\0\0\0\0\0\0\0\0\0\0\0\0\0\0\0\0\0\0\0\0\0\0\0\0\0\0\0\0\0\0\0\0\0\0\0\0\0\0\0\0\0\0\0\0\0\0xB7B(S0AMm\Zmn~3]?X4]Vs)cJw]g?*drJ}wm\\Hs2y	AQ}?91:;?3N~>\"d49:;jGMws)yZ>[g!~T4Om+^W5yumuE\\.<zx!89*KAa^xP7xUXo6<=!~tvPW<{qFUUVyQYNOs0yN\\-]o)eUX7yNayrzv<MXjhZ8v}YMT( ;z*]7QY^~tUcGh/}g_\0\0\0\0\0\0\0\0\0\0\0\0\0\0\0\0\0\0\0\0\0\0\0\0\0\0\0Du\0\0\0\0\0\0\0\0\0\0\0\0\0\0\0\0\0\0\0\0\0\0\0\0\0\0\0}fOf4\"NVyUe	B~E\nP?Sqea\Z\')\'8JWdEtus\'i\Z,eJ0A*AAU;u|kZYWac,KmxWlsU]W\'[~;y6\r*F7~y\ZX.O-K)%eUb4OX-4ls^X.R?&~]]Z.qYosrQ7C/lfi{onMsvww4{4eVeU+z7;0yqu-yfTX6;	9g)e]7Rc>+?gl){\'r*mml<lk0JUW+5U$guUY,Zgg{7_{\0\0\0\0\0\0\0\0\0\0\0\0\0\0\0\0\0\0\0\0\0\0\0\0\0\0\0\0\0\0\0\0\0\0\0\0\0\0\0\0\0\0\0\0\0\0\0\0\0\0\0\0\0\0\0\0bganq\Z\r@Ph<X6yNdFQQy4\'0Ir	ETau\r6Ue\"R [,Z{EQh0xmo==mSIiySx=4tf\'ay&\'AY-WKESl]]t]gFbn*r6,IZ.l}2\n,W1r.RN\n}Ci./_\nrRS*}/zc]\r`\\QuBm7K?wDUOui?hzBPq5Mm\\hJYyBb,$OGzM\0\0\0\0\0\0\0\0\0\0\0\0\0\0\0\0\0\0\0\0\0\0\0\0\0\0\0\0\0\0\0\0\0\0\0\0\0\0\0\0\0\0\0\0\0\0\0\0\0\0\0\0\0\0\0\0\0\0G.nG89t~hVX\n!8;SUJ)%eU+ca\',$*~B0M#2]^!8;XWX4iN~pYivFeYIQwwo~X\'l[<QU[<~K^-]+}?s}Sn38y\"i$gM(\nww9%1>Q1>\r_ fG^;O{;Ol37wG`Zr6j%MjKi4AQUqRN)uvv]jmdw!7~Ow?@R]O(WK1Ggji{9N+m[{g[BCa(B~_|EJ	\0\0\0\0\0\0\0\0\0\0\0\0\0\0\0\0\0\0\0\0\0\0\0\0\0\0\0\0\0@@\0\0\0\0\0\0\0\0\0\0\0\0\0\0\0\0\0\0\0\0\0\0\0\0\0\0\0\0\0\0!??gh}]aY-M,\nE}qvY1Z,Z7;SJRf^\n\"\nE50*B?uz9%YPGnp8U4~ziVBjra?8b]^yW^z+d\\^9?\'h?PU_Qw<*bi\\PYfmu9e0iVA[>Cysh\\	;?q~?x83?{~X.{srV;C-9;9=4(zd4{\\]!8;(D(?];={`jm78B(ij8U]nv{u6z|QB]7mw~oO\0\0\0\0\0\0\0\0\0\0\0\0\0\0\0\0\0\0\0\0\0\0\0\0\0\0\0\0\0\0\0\0\0\0\0\0\0\0\0\0\0\0\0\0\0\0\0\0\0\0\0\0\0\0\0\0\0\0\0\0\0\0\01~G~_k\'ivus+Bn:0PUi&=}nwpv.S1im]KXqdVUi-Vr!suu#,`Zsr];h8Bzpu}#N| d2LO|u7vi{]SXTMcN<rN^6NOQ[UyuiMc^yA6))bgarYI%!PD;N7S.,Wk\rhh-WdmZ]\'cV.NO1X]oh5u#04XVd&]yt\\\\_ZEdm)b4\rXrJn0BNjKo__\0\0\0\0\0\0\0\0\0\0\0\0\0\0\0\0\0\0\0\0\0\0\0\0\0\0\0\0\0\0\0\02\0\0\0\0\0\0\0\0\0\0\0\0\0\0\0\0\0\0\0\0\0\0\0\0\0\0\0\0\0\0\0\0z?~r?xq}n4	A7Ph0NG779<wkUU,q(h\'uS*qlhM*3_\\[/yNi7+1Fw8\'w;m)[-AUBNnss)gonCcJA]Wr,^\\*(\n};4[-[/)k8:q{LJ4\'s.KB?L4Tup)ey6a\r\"AV*o6\n^4~PdZ(Jai]TeTVy\Zmc\\x|qbehF/olK\'*M??K~\0\0\0\0\0\0\0\0\0\0\0\0\0\0\0\0\0\0\0\0\0\0\0\0\0\0\0\0\0\0\0\0@@\0\0\0\0\0\0\0\0\0\0\0\0\0\0\0\0\0\0\0\0\0\0\0\0\0\0\0\0\0\0\0\0\08==S?S\'>O=|}7v;tau&Wm[uUz*m+9%FA\rRR7qi5u#mnnv]8kR]r{}ggqlVUU9viExpNYyZlO\'qsUJA(v( eU]rjeU`N,xcQ7N1IX\ZI09=s6j.6\r4\'M][.j#jimc\',fQ;dUnj77BQlVb.Ke3{?CBNO\"d\\-nW|uYH9K9;tyG/?Y]]_;\0\0\0\0\0\0\0\0\0\0\0\0\0\0\0\0\0\0\0\0\0\0\0\0\0\0\0\0\0\0\0\0\0d\0\0\0\0\0\0\0\0\0\0\0\0\0\0\0\0\0\0\0\0\0\0\0\0\0\0\0\0\0\0\0\0\0\0w~|vg?x~ufd1M2XW9Y6\\ypK	^nw(eaF^-Msr;1J)s\"x3\\X6]^)R7z)V/lmC~o}WbU*2aX]6rnL\\\ZSR2OiXcPD0^SFVFk`z=^.l+QQyS^v{\\)BfX)?j{8\n4ei96,XD>=%oeS~bY4%<!y<fX8;=/Wj{\0\0\0\0\0\0\0\0\0\0\0\0\0\0\0\0\0\0\0\0\0\0\0\0\0\0\0\0\0\0\0\0\0\0\0\0\0\0\0\0\0\0\0\0\0\0\0\0\0\0\0\0\0\0\0\0\0\0\0\0\0\0\0\0\0\0\0\0\0g~/~~,Xbb\\4,RJhjMS|B^]qQ,\ne,Pg/nP7b(D]^nV]t\ri2f?PVe{/o\\^!FE\ZP	Y[EeYy21v6is6exNO]ndp}RJu&M]9A\"b;.6,Z[\\)CrjPhNI[ELs^6NVtuX.jjp8vbj[8Md8j{+_\0\0\0\0\0\0\0\0\0\0\0\0\0\0\0\0\0\0\0\0\0\0\0\0\0\0\0\0\0\0\0\0\0\0@@\0\0\0\0\0\0\0\0\0\0\0\0\0\0\0\0\0\0\0\0\0\0\0\0\0\0\0\0\0\0\0\0\0\0\0\0x~_K?~\Z\\^9I,c7J99ws&UYY,BYe4MLshje,,=qLJ0oW9N,\nf,,Mze\ZGg\'ha9d:,u(i	wCj[9S*+0[a]*BwraTnKy\ZkwG/?\0dw}p<RUUi2OU.+o<^eeSY5wNO/TUBSEuUd,tnj9,MS^]4L$efwrZ6gv7/\0\0\0\0\0\0\0\0\0\0\0\0\0\0\0\0\0\0\0\0\0\0\0\0\0\0\0\0\0\0\0\0\0\0\0\0\0\0\0\0\0\0\0\0\0\0\0\0\0\0\0\0\0\0\0\0\0\0\0\0\0\0\0\0\0\0\0\0\0\0\0\0\0OC?GTTv;)g}?*XaWeSm-R#9;;E#XD\'rV?NV]RESy!eaFWU/nueFfRp8IKv:k\\:NI?%vnI4Y8e/_XiV]^nV=z7vGxqyi~=8_c74\'a%hR,zZaucrdX4]/m7+4R4lHq3g\'N(jzw*uUJ9O</|/a\0\0\0\0\0\0\0\0\0\0\0\0\0\0\0\0\0\0\0\0\0\0\0\0\0\0\0\0\0\0\0\0\0\0\0\0\0@@\0\0\0\0\0\0\0\0\0\0\0\0\0\0\0\0\0\0\0\0\0\0\0\0\0\0\0\0\0\0\0\0\0\0\0\0\0\089=c?c>[I?NRVnud4%TUlB\n<IB)P_~ am7bYSruumfbThww;<o^7Nh(+<Y.X^!ypqm* lYWr `fl|,\rn9=(\n9+g\'c^\\9I)uK<)Y[M)Qi(lnB?RWQgSFS`FyU)v8tmGiF7]/~<O\0\0\0\0\0\0\0\0\0\0\0\0\0\0\0\0\0\0\0\0\0\0\0\0\0\0\0\0\0\0\0\0\0\0\0\0\0\0  \0\0\0\0\0\0\0\0\0\0\0\0\0\0\0\0\0\0\0\0\0\0\0\0\0\0\0\0\0\0\0\0\0\0\0\0\0\0\0M?_5p<z~u#+2Fw8f-,$l4atG<8Sv8NOr8v9vP=bw2e]kwBYYBVp1y\Zn,KitC[<}vi{(lQIa?if)lfZ-&UYJKuUn/lJ)2j!N7+MU8{4Y4,Y,tk?T7fi\'sJM.K7wwv~o}_O\0\0\0\0\0\0\0\0\0\0\0\0\0\0\0\0\0\0\0\0\0\0\0\0\0\0\0\0\0\0\0\0\0\0\0\0\0\0\0\0\0\0\0\0\0\0\0\0\0\0\0\0\0\0\0\0\0\0\0\0\0\0\0\0\0\0\0\0\0\0\0\0\0\0\0\0\0\0\0\0!??m6ko(v^-e40:Mc7X0hZUa\"\"I?R;X8\\)Sr{!R&\"dFNY7NLyN*J)mY,R&}?\Z34\ZfV\\N+BS6nys6LJ(JRS*S*iPQQmt\Z0\'EcYBpzBWT\'!X-\ZYG2Ei,hwsW5\0\0\0\0\0\0\0\0\0\0\0\0\0\0\0\0\0\0\0\0\0\0\0\0\0\0\0\0\0\0\0\0\0\0\0\0\0\0\0\0\0\0\0\0\0\0\0\0\0\0\0\0\0\0\0\0\0\0\0\0\0\0\0\0\0\0\0\0\0\0\0\0\0\0\0\0\0\0\0\0\0\0g?C>^7dG]	34IQqcT0ILs6Li\Z(@YUqThQ^y|fs6Nng/E*FUY^N1FsBQhq 99;X.]]_irp!g}w~fZyR6tnJbTe64^4Ew>/nn~#$!8Y/ea\Z\'BSEmU:.d\'^-9e4;UXX SQ(fm\\8v/|Eoq\0\0\0\0\0\0\0\0\0\0\0\0\0\0\0\0\0\0\0\0\0\0\0\0\0\0\0\0\0\0\0\0\0\0\0\0\0\0\0\0\0d\0\0\0\0\0\0\0\0\0\0\0\0\0\0\0\0\0\0\0\0\0\0\0\0\0\0\0\0\0\0\0\0\0\0\0\0\0\0\0\0\0\0\0(?}G:8dCgNIJIPYJi)(9%Y0Ml*QvtVUt8^\\ewbESZ/[ <arG~SExzymn`^.[c)]<O~TdeFu]	!6#9{~E0%vsY4wG$uWfsJaBQY6bQ2R`wwkO/W_+\0\0\0\0\0\0\0\0\0\0\0\0\0\0\0\0\0\0\0\0\0\0\0\0\0\0\0\0\0\0\0\0\0\0\0\0\0\0\0\0\0\0\0\0\0\0\0\0\0\0\0\0\0\0\0\0\0\0\0\0\0\0\0\0\0\0\0\0\0\0\0\0\0\0\0\0\0\0\0\0\0\0\0\0\0\0\0?>G>y(AF492wd00,gbQ8;9u]0*h*IQwR(?v2zQIPD8[XnESuY,[R0%w	A?LrN[XD9\'m]Q?\nU%BUEsJar6NQ8l*9eU8BqOq!H*qeSS\'a;k]^^	\0\0\0\0\0\0\0\0\0\0\0\0\0\0\0\0\0\0\0\0\0\0\0\0\0\0\0\0\0\0\0\0\0\0\0\0\0\0\0\0\0\0\0\0d\0\0\0\0\0\0\0\0\0\0\0\0\0\0\0\0\0\0\0\0\0\0\0\0\0\0\0\0\0\0\0\0\0\0\0\0\0\0\0\0\0\0\0\0\0\08==O}O|m6k!F]YY@4Oq\"e9*.2t;^??q]IS2(C?;*c6C7S6m*\nAV(8`HILYJ<\'Iug[)XVVURBNSe[huYb+289]/Pn0	YQKUYdhRvGqYIw_\r_|?9\0\0\0\0\0\0\0\0\0\0\0\0\0\0\0\0\0\0\0\0\0\0\0\0\0\0\0\0\0\0\0\0\0\0\0\0\0\0\0\0\0\0\0\0\0\02\0\0\0\0\0\0\0\0\0\0\0\0\0\0\0\0\0\0\0\0\0\0\0\0\0\0\0\0\0\0\0\0\0\0\0\0\0\0\0\0\0\0\0\0\0\0\0}>9?aEr6N\"\0\0sJ&7;w!hR?NhQZKeBi34	B]F9g(~?93Ly\"SQSUrJM);v8IY]*<m1SV`h4U9+)+3E1\ZI@S\"$g2byVQX!sJrkeSv<<{o_Wg\0\0\0\0\0\0\0\0\0\0\0\0\0\0\0\0\0\0\0\0\0\0\0\0\0\0\0\0\0\0\0\0\0\0\0\0\0\0\0\0\0\0\0\0\0\0\0\0\0\0\0\0\0\0\0\0\0\0\0\0\0\0\0\0\0\0\0\0\0\0\0\0\0\0\0\0\0\0\0\0\0\0\0\0\0\0\0\0\0\0\0\0\0\0\0\0}c>?~m24RNr&,8q29~MsVz.K)gr6,dXH)dNI]UB6d&!)3Ni$IFAQ99kalWr2IA4e4$*9%9g\0 gp\'T8qhj9gu\r*#(crV5]z_|~}\0\0\0\0\0\0\0\0\0\0\0\0\0\0\0\0\0\0\0\0\0\0\0\0\0\0\0\0\0\0\0\0\0\0\0\0\0\0\0\0\0\0\0\0\0\0\0\0d\0\0\0\0\0\0\0\0\0\0\0\0\0\0\0\0\0\0\0\0\0\0\0\0\0\0\0\0\0\0\0\0\0\0\0\0\0\0\0\0\0\0\0\0\0\0\0\0\0\0mO|>9>?vzvj&)g, A@)4\"R@Q*E0d~L,\n!EafqMI,\"R9[20SRRQe,sdBCc!`Xs\"nsj[UUeTU~[+_\'Os{{+\0\0\0\0\0\0\0\0\0\0\0\0\0\0\0\0\0\0\0\0\0\0\0\0\0\0\0\0\0\0\0\0\0\0\0\0\0\0\0\0\0\0\0\0\0\0\0\0\0\02\0\0\0\0\0\0\0\0\0\0\0\0\0\0\0\0\0\0\0\0\0\0\0\0\0\0\0\0\0\0\0\0\0\0\0\0\0\0\0\0\0\0\0\0\0\0\0\0\0\0\0\0@>Gk>|}>Q\"F8L)8y6ET29\'9g0S2(B!,AS2eSEp}wT%b!\'qca)%Ui\rc0Id2BUbUK4I6bJY+?~_w;O9\0\0\0\0\0\0\0\0\0\0\0\0\0\0\0\0\0\0\0\0\0\0\0\0\0\0\0\0\0\0\0\0\0\0\0\0\0\0\0\0\0\0\0\0\0\0\0\0\0\0\0\0\0\0\0\0\0\0\0\0\0\0\0\0\0\0\0\0\0\0\0\0\0\0\0\0\0\0\0\0\0\0\0\0\0\0\0\0\0\0\0\0\0\0\0\0\0\0\0\0\0\0\0\0\0!S\'}|{\\,K8I,,l\r*F!(cA8B yB0IYRA4dsyT(@8\'!S,!H9E!l2*(1\Zmy8o7\0\0\0\0\0\0\0\0\0\0\0\0\0\0\0\0\0\0\0\0\0\0\0\0\0\0\0\0\0\0\0\0\0\0\0\0\0\0\0\0\0\0\0\0\0\0\0\0\0\0\0\0\0\0\0\0\0\0\0\0\0\0\0\0\0\0\0\0\0\0\0\0\0\0\0\0\0\0\0\0\0\0\0\0\0\0\0\0\0\0\0\0\0\0\0\0\0\0\0\0\0\0\0\0\0\0\0\0\0\0\0/<z>^k_Gk!eY*c)q6!3yNRrfNIJUTQ\0Y,\ncJ92Y$+BsV eeYSB`\'d4{kO}|}-O<\0\0\0\0\0\0\0\0\0\0\0\0\0\0\0\0\0\0\0\0\0\0\0\0\0\0\0\0\0\0\0\0\0\0\0\0\0\0\0\0\0\0\0\0\0\0\0\0\0\0\0\0\0\0\0\0\0\0\0\0\0\0\0\0\0\0\0\0\0\0\0\0\0\0\0\0\0\0\0\0\0\0\0\0\0\0\0\0\0\0\0\0\0\0\0\0\0\0\0\0\0\0\0\0\0\0\0\0\0\0\0\0\0\0pi#\0\'-\'Ci	1$dY.um[]yO|}ap8tkf\ZRr6Y)E*R(RKq&uT<lYWb.TT	qX/kIApIj8EW/__{yyu>\Z^)\0\0\0\0\0\0\0\0\0\0\0\0\0\0\0\0\0\0\0\0\0\0\0\0\0\0\0\0\0\0\0\0\0\0\0\0\0\0\0\0\0\0\0\0\0\0\0\0\0\0\0\0\0\0\0\0\0\0\0$\0\0\0\0\0\0\0\0\0\0\0\0\0\0\0\0\0\0\0\0\0\0\0\0\0\0\0\0\0\0\0\0\0\0\0\0\0\0\0\0\0\0\0\0\0\0\0\0\0\0\0\0\0\0\0\0\0\0\0\0\0\0fcvt]gu8{;7]k,V+7Fl7kZ4PHLsP<0\\a}G7OGI\0\0\0\0\0\0\0\0\0\0\0\0\0\0\0\0\0\0\0\0\0\0\0\0\0\0\0\0\0\0\0\0\0\0\0\0\0\0\0\0\0\0\0\0\0\0\0\0\0\0\0\0\0\0\0\0\0\0\0\0\0\0@B\0\0\0\0\0\0\0\0\0\0\0\0\0\0\0\0\0\0\0\0\0\0\0\0\0\0\0\0\0\0\0\0\0\0\0\0\0\0\0\0\0\0\0\0\0\0\0\0\0\0\0\0\0\0\0\0\0\0\0\0\0\0\0\0\0\0b\\,u-JDeQW\"*fk[ZXhKUUR,O8|>4e9Orrr:\ZQ)\0\0\0\0\0\0\0\0\0\0\0\0\0\0\0\0\0\0\0\0\0\0\0\0\0\0\0\0\0\0\0\0\0\0\0\0\0\0\0\0\0\0\0\0\0\0\0\0\0\0\0\0\0\0\0\0\0\0\0\0\0\0\0\0\0\0$\0\0\0\0\0\0\0\0\0\0\0\0\0\0\0\0\0\0\0\0\0\0\0\0\0\0\0\0\0\0\0\0\0\0\0\0\0\0\0\0\0\0\0\0\0\0\0\0\0\0\0\0\0\0\0\0\0\0\0\0\0\0\0\0\0\0\0\0\0\0\0\0\0\0\0\0\0\0\0\0\0\0\0\0\0\0\0\0\0\0\0\0\0\0\0\0\0\0\0\0\0\0\0\0\0\0\0\0\0\0\0\0\0\0\0\0\0\0\0\0\0\0\0\0\0\0\0\0\0\0\0\0\0\0\0\0\0\0\0\0\0\0\0\0\0\0\0\0\0\0\0\0\0\0\0\0\0\0\0\0\0\0\0\0\0\0\0\0\0\0\0\0\0\0\0\0\0\0\0\0\0\0\0\0\0\0\0\0\0\0\0\0\0\0\0\0\0\0\0\0\0\0\0\0\0\0\0\0\0\0\0\0\0\0\0\0\0\0\0\0\0\0\0\0\0\0\0\0\0\0\0\0\0\0\0\0\0\0\0\0\0\0\0\0\0\0\0\0\0\0\0\0\0\0\0\0\0\0\0\0\0\0\0\0\0\0\0\0\0\0\0\0\0\0\0\0\0\0\0\0\0\0\0\0\0\0\0\0\0\0\0\0\0\0\0\0\0\0\0\0\0\0\0\0\0\0\0\0\0\0\0\0\0\0\0\0\0\0\0\0\0\0\0\0\0\0\0\0\0\0\0\0\0\0\0\0\0\0\0\0\0\0\0\0\0\0\0\0\0\0\0\0\0\0\0\0\0\0\0\0\0\0\0\0\0\0\0\0\0\0\0\0\0\0\0\0\0\0\0\0\0\0\0\0\0\0\0\0\0\0\0\0\0\0\0\0\0\0\0\0\0\0\0\0\0\0\0\0\0\0\0\0\0\0\0\0\0\0\0\0\0\0\0\0\0\0\0\0\0\0\0\0\0\0\0\0\0\0\0\0\0\0\0\0\0\0\0\0\0\0\0\0\0\0\0\0\0\0\0\0\0\0\0\0\0\0\0\0\0\0\0\0\0\0\0\0\0\0\0\0\0\0\0\0\0\0\0\0\0\0\0\0\0\0\0\0\0\0\0\0\0\0\0\0\0\0\0\0\0\0\0\0\0\0\0\0\0\0\0\0\0\0\0\0\0\0\0\0\0\0\0\0\0\0\0\0\0\0\0\0\0\0\0\0\0\0\0\0\0\0\0\0\0\0\0\0\0\0\0\0\0\0\0\0\0\0\0\0\0\0\0\0\0\0\0\0\0\0\0\0\0\0\0\0\0\0\0\0\0\0\0\0\0\0\0\0\0\0\0\0\0\0\0\0\0\0\0\0\0\0\0\0\0\0\0\0\0\0\0\0\0\0\0\0\0\0\0\0\0\0\0\0\0\0\0\0\0\0\0\0\0\0\0\0\0\0\0\0\0\0\0\0\0\0\0\0\0\0\0\0\0\0\0\0\0\0\0\0\0\0\0\0\0\0\0\0\0\0\0\0\0\0\0\0\0\0\0\0\0\0\0\0\0\0\0\0\0\0\0\0\0\0\0\0\0\0\0\0\0\0\0\0\0\0\0\0\0\0\0\0\0\0\0\0\0\0\0\0\0\0\0\0\0\0\0\0\0\0\0\0\0\0\0\0\0\0\0\0\0\0\0\0\0\0\0\0\0\0\0\0\0\0\0\0\0\0\0\0\0\0\0\0\0\0\0\0\0\0\0\0\0\0\0\0\0\0\0\0\0\0\0\0\0\0\0\0\0\0\0\0\0\0\0\0\0\0\0\0\0\0\0\0\0\0\0\0\0\0\0\0\0\0\0\0\0\0\0\0\0\0\0\0\0\0\0\0\0\0\0\0\0\0\0\0\0\0\0\0\0\0\0\0\0\0\0\0\0\0\0\0\0\0\0\0\0\0\0\0\0\0\0\0\0\0\0\0\0\0\0\0\0\0\0\0\0\0\0\0\0\0\0\0\0\0\0\0\0\0\0\0\0\0\0\0\0\0\0\0\0\0\0\0\0\0\0\0\0\0\0\0\0\0\0\0\0\0\0\0\0\0\0\0\0\0\0\0\0\0\0\0\0\0\0\0\0\0\0\0\0\0\0\0\0\0\0\0\0\0\0\0\0\0\0\0\0\0\0\0\0\0\0\0\0\0\0\0\0\0\0\0\0\0\0\0\0\0\0\0\0\0\0\0\0\0\0\0\0\0\0\0\0\0\0\0\0\0\0\0\0\0\0\0\0\0\0\0\0\0\0\0\0\0\0\0\0\0\0\0\0\0\0\0\0\0\0\0\0\0\0\0\0\0\0\0\0\0\0\0\0\0\0\0\0\0\0\0\0\0\0\0\0\0\0\0\0\0\0\0\0\0\0\0\0\0\0\0\0\0\0\0\0\0\0\0\0\0\0\0\0\0\0\0\0\0\0\0\0\0\0\0\0\0\0\0\0\0\0\0\0\0\0\0\0\0\0\0\0\0\0\0\0\0\0\0\0\0\0\0\0\0\0\0\0\0\0\0\0\0\0\0\0\0\0\0\0\0\0\0\0\0\0\0\0\0\0\0\0\0\0\0\0\0\0\0\0\0\0\0\0\0\0\0\0\0\0\0\0\0\0\0\0\0\0\0\0\0\0\0\0\0\0\0\0\0\0\0\0\0\0\0\0\0\0\0\0\0\0\0\0\0\0\0\0\0\0\0\0\0\0\0\0\0\0\0\0\0\0\0\0\0\0\0\0\0\0\0\0\0\0\0\0\0\0\0\0\0\0\0\0\0\0\0\0\0\0\0\0\0\0\0\0\0\0\0\0\0\0\0\0\0\0\0\0\0\0\0\0\0\0\0\0\0\0\0\0\0\0\0\0\0\0\0\0\0\0\0\0\0\0\0\0\0\0\0\0\0\0\0\0\0\0\0\0\0\0\0\0\0\0\0\0\0\0\0\0\0\0\0\0\0\0\0\0\0\0\0\0\0\0\0\0\0\0\0\0\0\0\0\0\0\0\0\0\0\0\0\0\0\0\0\0\0\0\0\0\0\0\0\0\0\0\0\0\0\0\0\0\0\0\0\0\0\0\0\0\0\0\0\0\0\0\0\0\0\0\0\0\0\0\0\0\0\0\0\0\0\0\0\0\0\0\0\0\0\0\0\0\0\0\0\0\0\0\0\0\0\0\0\0\0\0\0\0\0\0\0\0\0\0\0\0\0\0\0\0\0\0\0\0\0\0\0\0\0\0\0\0\0\0\0\0\0\0\0\0\0\0\0\0\0\0\0\0\0\0\0\0\0\0\0\0\0\0\0\0\0\0\0\0\0\0\0\0\0\0\0\0\0\0\0\0\0\0\0\0\0\0\0\0\0\0\0\0\0\0\0\0\0\0\0\0\0\0\0\0\0\0\0\0\0\0\0\0\0\0\0\0\0\0\0\0\0\0\0\0\0\0\0\0\0\0\0\0\0\0\0\0\0\0\0\0\0\0\0\0\0\0\0\0\0\0\0\0\0\0\0\0\0\0\0\0\0\0\0\0\0\0\0\0\0\0\0\0\0\0\0\0\0\0\0\0\0\0\0\0\0\0\0\0\0\0\0\0\0\0\0\0\0\0\0\0\0\0\0\0\0\0\0\0\0\0\0\0\0\0\0\0\0\0\0\0\0\0\0\0\0\0\0\0\0\0\0\0\0\0\0\0\0\0\0\0\0\0\0\0\0\0\0\0\0\0\0\0\0\0\0\0\0\0\0\0\0\0\0\0\0\0\0\0\0\0\0\0\0\0\0\0\0\0\0\0\0\0\0\0\0\0\0\0\0\0\0\0\0\0\0\0\0\0\0\0\0\0\0\0\0\0\0\0\0\0\0\0\0\0\0\0\0\0\0\0\0\0\0\0\0\0\0\0\0\0\0\0\0\0\0\0\0\0\0\0\0\0\0\0\0\0\0\0\0\0\0\0\0\0\0\0\0\0\0\0\0\0\0\0\0\0\0\0\0\0\0\0\0\0\0\0\0\0\0\0\0\0\0\0\0\0\0\0\0\0\0\0\0\0\0\0\0\0\0\0\0\0\0\0\0\0\0\0\0\0\0\0\0\0\0\0\0\0\0\0\0\0\0\0\0\0\0\0\0\0\0\0\0\0\0\0\0\0\0\0\0\0\0\0\0\0\0\0\0\0\0\0\0\0\0\0\0\0\0\0\0\0\0\0\0\0\0\0\0\0\0\0\0\0\0\0\0\0\0\0\0\0\0\0\0\0\0\0\0\0\0\0\0\0\0\0\0\0\0\0\0\0\0\0\0\0\0\0\0\0\0\0\0\0\0\0\0\0\0\0\0\0\0\0\0\0\0\0\0\0\0\0\0\0\0\0\0\0\0\0\0\0\0\0\0\0\0\0\0\0\0\0\0\0\0\0\0\0\0\0\0\0\0\0\0\0\0\0\0\0\0\0\0\0\0\0\0\0\0\0\0\0\0\0\0\0\0\0\0\0\0\0\0\0\0\0\0\0\0\0\0\0\0\0\0\0\0\0\0\0\0\0\0\0\0\0\0\0\0\0\0\0\0\0\0\0\0\0\0\0\0\0\0\0\0\0\0\0\0\0\0\0\0\0\0\0\0\0\0\0\0\0\0\0\0\0\0\0\0\0\0\0\0\0\0\0\0\0\0\0\0\0\0\0\0\0\0\0\0\0\0\0\0\0\0\0\0\0\0\0\0\0\0\0\0\0\0\0\0\0\0\0\0\0\0\0\0\0\0\0\0\0\0\0\0\0\0\0\0\0\0\0\0\0\0\0\0\0\0\0\0\0\0\0\0\0\0\0\0\0\0\0\0\0\0\0\0\0\0\0\0\0\0\0\0\0\0\0\0\0\0\0\0\0\0\0\0\0\0\0\0\0\0\0\0\0\0\0\0\0\0\0\0\0\0\0\0\0\0\0\0\0\0\0\0\0\0\0\0\0\0\0\0\0\0\0\0\0\0\0\0\0\0\0\0\0\0\0\0\0\0\0\0\0\0\0\0\0\0\0\0\0\0\0\0\0\0\0\0\0\0\0\0\0\0\0\0\0\0\0\0\0\0\0\0\0\0\0\0\0\0\0\0\0\0\0\0\0\0\0\0\0\0\0\0\0\0\0\0\0\0\0\0\0\0\0\0\0\0\0\0\0\0\0\0\0\0\0\0\0\0\0\0\0\0\0\0\0\0\0\0\0\0\0\0\0\0\0\0\0\0\0\0\0\0\0\0\0\0\0\0\0\0\0\0\0\0\0\0\0\0\0\0\0\0\0\0\0\0\0\0\0\0\0\0\0\0\0\0\0\0\0\0\0\0\0\0\0\0\0\0\0\0\0\0\0\0\0\0\0\0\0\0\0\0\0\0\0\0\0\0\0\0\0\0\0\0\0\0\0\0\0\0\0\0\0\0\0\0\0\0\0\0\0\0\0\0\0\0\0\0\0\0\0\0\0\0\0\0\0\0\0\0\0\0\0\0\0\0\0\0\0\0\0\0\0\0\0\0\0\0\0\0\0\0\0\0\0\0\0\0\0\0\0\0\0\0\0\0\0\0\0\0\0\0\0\0\0\0\0\0\0\0\0\0\0\0\0\0\0\0\0\0\0\0\0\0\0\0\0\0\0\0\0\0\0\0\0\0\0\0\0\0\0\0\0\0\0\0\0\0\0\0\0\0\0\0\0\0\0\0\0\0\0\0\0\0\0\0\0\0\0\0\0\0\0\0\0\0\0\0\0\0\0\0\0\0\0\0\0\0\0\0\0\0\0\0\0\0\0\0\0\0\0\0\0\0\0\0\0\0\0\0\0\0\0\0\0\0\0\0\0\0\0\0\0\0\0\0\0\0\0\0\0\0\0\0\0\0\0\0\0\0\0\0\0\0\0\0\0\0\0\0\0\0\0\0\0\0\0\0\0\0\0\0\0\0\0\0\0\0\0\0\0\0\0\0\0\0\0\0\0\0\0\0\0\0\0\0\0\0\0\0\0\0\0\0\0\0\0\0\0\0\0\0\0\0\0\0\0\0\0\0\0\0\0\0\0\0\0\0\0\0\0\0\0\0\0\0\0\0\0\0\0\0\0\0\0\0\0\0\0\0\0\0\0\0\0\0\0\0\0\0\0\0\0\0\0\0\0\0\0\0\0\0\0\0\0\0\0\0\0\0\0\0\0\0\0\0\0\0\0\0\0\0\0\0\0\0\0\0\0\0\0\0\0\0\0\0\0\0\0\0\0\0\0\0\0\0\0\0\0\0\0\0\0\0\0\0\0\0\0\0\0\0\0\0\0\0\0\0\0\0\0\0\0\0\0\0\0\0\0\0\0\0\0\0\0\0\0\0\0\0\0\0\0\0\0\0\0\0\0\0\0\0\0\0\0\0\0\0\0\0\0\0\0\0\0\0\0\0\0\0\0\0\0\0\0\0\0\0\0\0\0\0\0\0\0\0\0\0\0\0\0\0\0\0\0\0\0\0\0\0\0\0\0\0\0\0\0\0\0\0\0\0\0\0\0\0\0\0\0\0\0\0\0\0\0\0\0\0\0\0\0\0\0\0\0\0\0\0\0\0\0\0\0\0\0\0\0\0\0\0\0\0\0\0\0\0\0\0\0\0\0\0\0\0\0\0\0\0\0\0\0\0\0\0\0\0\0\0\0\0\0\0\0\0\0\0\0\0\0\0\0\0\0\0\0\0\0\0\0\0\0\0\0\0\0\0\0\0\0\0\0\0\0\0\0\0\0\0\0\0\0\0\0\0\0\0\0\0\0\0\0\0\0\0\0\0\0\0\0\0\0\0\0\0\0\0\0\0\0\0\0\0\0\0\0\0\0\0\0\0\0\0\0\0\0\0\0\0\0\0\0\0\0\0\0\0\0\0\0\0\0\0\0\0\0\0\0\0\0\0\0\0\0\0\0\0\0\0\0\0\0\0\0\0\0\0\0\0\0\0\0\0\0\0\0\0\0\0\0\0\0\0\0\0\0\0\0\0\0\0\0\0\0\0\0\0\0\0\0\0\0\0\0\0\0\0\0\0\0\0\0\0\0\0\0\0\0\0\0\0\0\0\0\0\0\0\0\0\0\0\0\0\0\0\0\0\0\0\0\0\0\0\0\0\0\0\0\0\0\0\0\0\0\0\0\0\0\0\0\0\0\0\0\0\0\0\0\0\0\0\0\0\0\0\0\0\0\0\0\0\0\0\0\0\0\0\0\0\0\0\0\0\0\0\0\0\0\0\0\0\0\0\0\0\0\0\0\0\0\0\0\0\0\0\0\0\0\0\0\0\0\0\0\0\0\0\0\0\0\0\0\0\0\0\0\0\0\0\0\0\0\0\0\0\0\0\0\0\0\0\0\0\0\0\0\0\0\0\0\0\0\0\0\0\0\0\0\0\0\0\0\0\0\0\0\0\0\0\0\0\0\0\0\0\0\0\0\0\0\0\0\0\0\0\0\0\0\0\0\0\0\0\0\0\0\0\0\0\0\0\0\0\0\0\0\0\0\0\0\0\0\0\0\0\0\0\0\0\0\0\0\0\0\0\0\0\0\0\0\0\0\0\0\0\0\0\0\0\0\0\0\0\0\0\0\0\0\0\0\0\0\0\0\0\0\0\0\0\0\0\0\0\0\0\0\0\0\0\0\0\0\0\0\0\0\0\0\0\0\0\0\0\0\0\0\0\0\0\0\0\0\0\0\0\0\0\0\0\0\0\0\0\0\0\0\0\0\0\0\0\0\0\0\0\0\0\0\0\0\0\0\0\0\0\0\0\0\0\0\0\0\0\0\0\0\0\0\0\0\0\0\0\0\0\0\0\0\0\0\0\0\0\0\0\0\0\0\0\0\0\0\0\0\0\0\0\0\0\0\0\0\0\0\0\0\0\0\0\0\0\0\0\0\0\0\0\0\0\0\0\0\0\0\0\0\0\0\0\0\0\0\0\0\0\0\0\0\0\0\0\0\0\0\0\0\0\0\0\0\0\0\0\0\0\0\0\0\0\0\0\0\0\0\0\0\0\0\0\0\0\0\0\0\0\0\0\0\0\0\0\0\0\0\0\0\0\0\0\0\0\0\0\0\0\0\0\0\0\0\0\0\0\0\0\0\0\0\0\0\0\0\0\0\0\0\0\0\0\0\0\0\0\0\0\0\0\0\0\0\0\0\0\0\0\0\0\0\0\0\0\0\0\0\0\0\0\0\0\0\0\0\0\0\0\0\0\0\0\0\0\0\0\0\0\0 <{70	N\"A)jq+yE\'q	eIqb%rtIrjnz&EI f07v\0\0\0\0\0\0\0\0\0\0\0\0\0\0\0\0\0\0\0\0\0\0\0\0\0\0\0\0\0\0\0\0\0\0\0\0\0\0\0\0\0\0\0\0\0\0\0h\0\0\0\0\0\0\0\0\0\0\0\0\0\0\0\0\0\0 \"DZ+\0\0\0\0\0\0\0\0\0\0\0\0\"\"ZAfjF\0\0\0\0\0\0\0\0\0\0\0\0\0\0\0\0\"3e&\0\0\0 @\0@\0\02!D\0I)!\"}\0DUf$Rf\0\0\0\0\0\0\0i\Zl6\0\"Bf\Zjj2SD`{}\0\0\0\0\0\0\0\0\0j \"\0d&\0\0\0\0\0\0\0\0\0\0\0\0\0\0(L\0	\0\"3e&\0\0\0\0\0\0\0\0\0\0\0\0\0\0\0\0\0\0h\0\0\0\0\0\0\0\0\0\0\0\0\0\0\0qE]FpI?}\0\0\0\0\0\0\0\0\0\0\0,	VVV<x@uFid^{\r\0\0\0\0\0\0\0\0\0\0\0\0\0H+++?ns@)b^~vwD\0!\"\0\0  \0	\0@4\\~mkkk5{{LSMs]E\'3	2\0\0\0\0\0\0`Rz3gq}Sr5wq=VVV\\r{.\0\0\0\0\0\0\0\0\0XYYqe`{{[U4N:kvww\0\0\0\0\0\0\0\0\0\0`0pY[[[vwwADxRt]\'3MG_\0\0\0\0\0\0\0\0\0\0\0\0\0\0\0\0\0\0-\0\0\0\0\0\0\0\0\0\0\0\0\0\0\0\0lnn\ZFc\0\0\0\0\0\0\0\0\0\0\0\0gux)KKKJ)\"Bf\0\0\0\0\0\0\0 D@\0!\"@D d\rj8\\;\"\"D\0)H2!eBL@L 3)wn5Lkjibpalg\0\0\0\0\0\0\0\0\0\0j>F=m[Ov\r\\D8sM<lccC\0\0\0\0\0\0\0\0\0\0uqa69zAfL\0\0\0\0\0\0\0\0\0\0\0\0VPD\0KKKZduuU\0\0\0\0\0\0\0\0\0\0\0\0\0\0\0\0\0\0\0	\0\0\0\0\0\0\0\0\0\0\0\0\00m@)dbXX]]5N}oiiIufiZRt]\0\0\0\0\0\0\0\n\"BD\0hF2S)X]]5LL&!3E\0!\"@D!\"\0\0iuu|>7e4EDUXWk\'X7LuBUDQk\n\0\0\0\0\0\0\0`ii`00LD\rXz!E\0\0\0\0%7u{l6mZ]]0N=zdbuuUfZ,677N677}oww3gh7mmm9~\'OZ,z-\0\0\0\0R}	\n\0\0\0\0\0\0\0\0\0666LS@fZ[[4MjooO)x*3}/\"d&\0i4\ZFvww\0\0\0\0\0\0\0\0\0\0\0\0@\0\0\0\0\0\0\0\0\0\0\0\0\0/#;wpO|x\r\'O?]x=s}QM\0\0\0\0\0\0\03t{\'-W\\1L<spp_#zs>_g:t-R\Z44i5MV4Ji(QD!\"DO>`{_?~opc:usN:w]twr_|;v3<3n{\0\0\0BD\"BDX^^?O>7nz=^\r?czoyy7J)\"RR\"(J)\"\"O|SN<>|csq]Cp|o{Gu[~Wu\rC//}K.]/_wmKOz?Tk\0\0\04{KCNri{{{\0\0\0\0\0\0\0\0\0~i\']vC=N>\r.^gg]~G>}K,?\'xg?mn\r>O;~7n\'>s?n>>}{t\0\0\0\0\0\0\0\0\0\0\0\0\0\0\0\0\0\0\0\0\0\0\0\0\0\0`8t\'|\';wf3Ns9{h+z)i4\Z?nkk\0\0\0\0\0\0\0\0,//g>S/fz){1SN:|~x\rg>\';v/?d0vm[M*!\0 eVU[<%gsSO]/:\'Nw`~9/^/8s^|SJ`04#p82\r#`02#`Ioxg=VW\\h>}}Cyc=>\'4`04CM3m;M3i8q\rp;v66|qg<Ct1+l8:zu[YYq1+zaK^~KK.\\x>|aM((QJ\"(\"BD]g>koo\'<.^\0\0\0\0\0\0\0\0\0m[Gy.]rqo-wy_Cy\'<39?/\"?^c~g~/`cc\'[>\0\0\0\0\0\0\0\0\0\0\0\0\0\0\0\0\0\0\0\0\0\0\0\0\0\0Zmoo{Z=77x-\0\0\0\0\0\0\0\0zo:2moos;xgyguOgr-_8qB)E\0H\0\0\0)L&!\"L&o5e\'oW3<vvv|7.riM&S}[]]s}w\"R\0\0@\0\0\0@L_K/y[vvv=zwz<\"8uZ\nH\0 Rf~%7s}{,//?o:qX;?v!#G{w}m[g>b{{~=|qSf#A&$\0\07->a[JiD	2Sf\0\0\0\0\0~b^uW\\1uKuZc_9rDu<x`4\ZF|[u\\pCo8|xt^{5\0\0\0\0\0\0\0\0\0\0\0\0@ \0\0\0\0\0\0\0\0\0\0\0\0\0N8auu7s-TDh|>WJQJ\rC\0\0\0\0\0\0\0\0beeUfLlN<_wKK#7oTJ#w{[YYpd<L\0\0D\0		\0u4M#|m[}{Glmms5w\ruL\0\0\02\0\0\0\0biiDfu3gN{ZeVl63\ZL&SKKKe&\02L]988J)<FW{\'Ox\'uk&3mlli\ZdbXX^^696mwnooO6:dkkK\0\0\0HML&pye&L2Sf2)3\0\0:t\'ffni\Zd21Z\r\'Oz7RdR=#jFuJ)d<;q\rW^X,\0\0\0\0\0\0\0\0\0\0\0\0\0\0\0\0\0\0\0\0\0\0\0\0\0\0\0\0\0\0\0\0\0\0\0\0\0\0\0\0 \"DPJ\0dB\"\0)\"@f\0\"HUUU \0\0\0 3\"\0\02DL2SD\0\0 @	\0\0\0\0 3A&$ d&RD eB\"\0\02!H		\02S\02 3 \0$ \0\0)3\0!\"RD\"\"D\0\0\0\0\0\0\0L\0\0\0\0$LUfLUfL\0\0\0\0\0\0\0\0\0\0\0\0\0\0\0\0\0\0\0\0\0\0\0\0\0\0\0\0\0\0\0\0\0\0\0\0\0\0\0\0\0\0\0\0\0\0\0\0\0\0\0\0\0\0\0 D\"BD\"\0@ \0\0@&\0\0\0\0\0@fYe&hV\0\0\0\0\0\0\0\0\0\0\0\0\0@&$L\0$	\02\0\0d&\0\0 \0\0\0)\0\0\0\0\0\0\0\0\0\0\0\0\0\0@ADA2dV\0\"\0@&\0\0\0\0\0\0\0\0\0\0\"Lju]\0\0\0\0\0\0\0\0\0\0\0\0\0\0\0\0\0\0\0\0\0\0\0\0\0\0\0\0\0\0\0\0\0\0\0\0\0\0\0\0\0\0\0\0\0\0\0\0\0\0\0\0@)\"\"RD\0\0\0 \0\0\0\0\0\0\0\0@UZ\n\0*\0\0\0\0\0\0\0$L2)32!e$\0LE)\0	  eH		D\0	\0\0\0\0\0\0\0\0\0\0\0\0\0@&\" DQ\0\0)3\0\0\0\0\0\0\0\0\0\02(\"\0\0\0\0\0\0\0\0\0\0\0\0\0\0\0\0\0\0\0\0\0\0\0\0\0\0\0\0\0@\0\0\0\0\0\0\0\0\0\0\0\0\0\0\0\0\0\0\0\0\0\0\0\0M*$\0\0\0\0\0\0\0\0\0\0\0\02SZZ+\0\0\0)\0\0\0\0 2Rf/3Z2S&@\0\0\0\0\0L\0\0  A&\0\0\0\0\0\0\0\0\0\0\0\0\0\0\0\0\0\0\0\0\0\0)R& \" \0PJ\0\0LHD\0\0\0\0\0\0\0\0\0\0\0\0\0j\0\0\0\0\0\0\0\0\0\0\0\0\0\0\0\0\0\0\0\0\0\0\0\0\0\0\0\0\0\0\0\0\0\0\0\0\0\0\0\0\0\0\0\0\0\0\0\0\0\0\0\0\0\0!\"\0\0d\0\0\0\0\0\0	\0ZSZ*\"DB@@ \"\0@&\0HZZ+RfL\0\0\0\0\0\0\0\0\0@\0\0\0\0\0\0\0\0\0\0\0\0\0\0\0\0\0\0\0\0\0\0\0\0\0\0\0\0\02d\0 \"D!@ \0@\0\0\0L\"\0\0\0\0\0\0\0\0\02+\0\0\0\0\0\0\0\0\0\0\0\0\0\0\0\0\0\0\0\0\0\0\0\0\0\0\0\0\0\0@\0\0\0\0\0\0\0\0\0\0\0\0\0H@ \0\0\0$\0\0@v\0\02\0\0\0\0\0 \n\r\nTedV \0\0B\0 \0@fjj2+ PPPP\0=D\0\0\0\0\0\0\0\0\0\0\0\0\0\0\0\0\0\0\0\0\0\0\0\0\0\0\0\0\0\0\0\0\0\0\0\0\0\0\0\0EDQJ(\"\0\0\0\0\0\0\0\0\0\0\0\0\0\0\0\0@J)3Af@f\0\0\0\0\0\0\0\0\0\0\0\0\0\0\0\0\0\0\0\0\0\0\0$\0\0\0\0\0\0\0\0\0\0\0(Z0VU4B/r.T4BQTb/]ma.\"D!h\0@&\0\0\0hnZXSjJkWD#b\0\0\0\0\0TkY%dU(emT=;1e`c\0\0\0\0\0\0\0\0\0&@TT@\0\0\0\0\0\0\0\0\0\0\0M$QD\rj\0\0\0\0\0\0\0\0DQ-E)dU*2Z	\0\0\0\0\0\0\0\0Mhj(PH\0	2	2SfR&Uf\0\0(Q\n]_%J BF\0\0\0\0\0\0\0\0\0\0\0\0\0\0\0\0\0\0\0\0\0\0 Zxx?f}yS:d`_{[i{~x]03S;!L\"\0\0\0$\"*199xOlzq\'6hE3X%m?z7ioK\"b\0\0\0 3eV\rdbd]vdztss\\rIGVZ+%pw;u{+y\0\0\0\0\0\0\0h#\ZG3G={	\'2*{w+{k,H$\0\0 \"\0@DQ{~qR\0)}~nw6zc$4\r2d&L 3D8\\_W.>Nl.[6FMgo_[7s3nNc\0@&\0\0\0r9sf{8wwM,Da\0\0\0\0 \0\0Zr]Wo^\rL5\0\0\0\0\0\0\0\0\0\0\0\0\0\0\0\0\0\0\0\0\0\0 lG6w=yr~?\'-<GA5GG?;AInzkL2\0\0\0\0\"GeYtnmW{g. ZY\\G|c&2\'$\0\0LAEzh>+qA\"P\0:3y^~+S<CfX\0\0\0\0\0\0h^>W<G!Hv[G7=w[;;Ef9RDR\n!\"D\"B)4CKxh~]^%S@\"WhovGF)UjjZZ}{	F\rO3>\'/$\\sw+~xqy\0 \0\0\0J_fYo)\0\0\0\0\0!R\0 k<h=/G?7/?nf\\DL\02@D\0\0\0\0\0\0-\0\0\0\0\0\0\0\0\0\0@Z^?o|nog?v;xY-=?r\"<eO?!o[?[:Js\0\0\0\02aYkmiO{_{/~2OU6:C+{+E7B\0$v \"HZ\\~oz~[Wmo;TE{{u=u?>9Gh\0\0\0\0\0<rt^td<f~1uToqYtS	\0 \"D)}Cg~o9u=^{^l%3	~[\\95F2SfLV*3pxuz}#>fkxMS>?v=zs>;_viB\0\0\0\0\0\02I4jG\\\0\0\0\"\0!\"\" )Ei\ZB;\\MU*LUf\0L\0\0\0\0\0\0\0Z\0\0\0\0\0\0\0\0\0\00,S4;8;m7K6_5_to7~~w\'O7w~	YjX&6T\0	2d&WHmT}3?[_KetO,=?E?u{wE!s*b@)!\"4M#\"\"iJt\Zz|zGE_]3`[)?+<?KGVVM]>\0\0\02Fgsp[w}r=sz?g:3_~@W9\0\0\0 X}GW?CvU\0\0 !\0@f\0\0\0\0(]\'Cw}0t0@,\r[z|v/Z 3AD\0DY 0XdUT4\0)L\"BD!\"@\0UPkR` V\"jMVjdYe62Z \"\0DL\0!3@f\0\0\0\0\0\0\0\0\0\0&gt;XSm~|hdy|n^uM_\'~>Q?S?-%;K)=LLH@\"BY9tzw8O	w\r4M[z}g\\|`uwb1z)3AD(E)|14b8v_[3mNgjciyd,^+]~~f|aXhFmmm[M\0FO<|wSk{gM-wo=9r/{ik\"J)\"B)ED(Zn4^wZ;^Io4\\|_\0\0Dj{}^U2Sfdj>\'zs~xVeJ37}~g,HFjI4Mi\ZMhp84`jmmDhCGC~S9?0XnY]^-,sl6X,t]^	\02DDX,h_D\"uu.lX(%en*nH{@\0\0\0\0\Z5\0\0\0\0\0\0\0\0\0\0IE?[_^O}=8do-UwpROWjl4v]m=owL?-&>\'2{UW}^f5E\0 B2mg|WUc`j8\ZZ.3lZJ((hm[Mhi\Zm<a>\rS=<u^w)xE_GR]t~E	jX,f3d21LL&-{S{DlfboO>_-<,2L{}^uX>vgw\r:]5fPslVTKUJ#5$!\"4M1,--Y^^b}}\r:G#k\'.YZ^vC=a}Sg6:c.==?bpNYZi5iEZ{t:5c{lmkfc}?5[wws]{{tj>Y,X,t]:Buub.sU_Vmz>/{]YjQX~R)Z!(\"B&Z\0\0\0\0\0Z\0\"BDi\ZM(hVdjc=iMM.O;YYwd\\_u\r7fj{k.3k!y/%hViR4M4m4M#2EuxNQNtPm,Jj1[/3lW!Y^Z;Ri5Mm[MhV3k/lO9s)kK.h\"npl.u}vhm}zl(:X}oXLVV\n\0S#V]{}[{7~Mu1of\0\0\0\0\0-p(|Ai=|iVp;k\'V*jTJG;:\Z;\"RD!\"@DMUqZ^?=qt`fo/D)Vq17oM&CQFu]{2!\"H;8{R;w	{K[ywJ2SfJ)\"B)E)ED(jju\'VVE)N[whb`Ft}ZZZZZZZeVVUf\0\0\0h\0\0\0\"BD!\"D\"B)hV4d8,V!abeElXiN`ln}{0,CyR7|A##kEi\ZYR}QJg>{1IA75n6&c6t.\ZHPT/+REUPJZ)C9}\na}N7-BK~:vko]{@f\0\0bmS4m(]Qhu`(%wn{1\0\0\0\0\0\0\0{7%??G)5GnEf*Zt|_z:n\0\0 3Zg]o|3_~bWnqX]Hc-Nw{\r_7_Oy!Ji((hF414Nbaw~<n=\'N9\rw5\r}_}{V}L	j\"BDDBhDK{&-?WpUeEUtS)+\"!\"RZ5M#hFfjYe&\0\0h\02Sf\0\0QD@ -5~imo{;[}t|{Vn_olR]LUD\"BD\0j\"&\Z>`g9]5^.9Ipw2ng{lhd2\njM@\0\"zhe``w2qg?M&S)2{iw6\'.dOfH\0\0\0\0\0\\U!+bUk\'y7$\"B_kVl=?	\0\0\0\0\0\0@`~\Zn;vd\r]i0\0|wW3f2\0\0\0\0\0B s%>s/?/8uG5u`uu@2SD}_DQRPDy]{~o6s=@f Rf$\0\0!\"D6Q5Iov-2{}?R\ZM(2S&$2hLj2\0\0\0\0DE)ED\0	y^,ywzDWY=ap<j\'^\\ZQ1e>mMz0ef\02S&	$Z^2^l|7Eg[?n`ui	@&dL2S)hE=;k>I?wFK	0^]v{QkWk	\0\0\"DRRPJ8zt{RcdgxE,-;:Z-04j7pLv]q76F)dV\0	\0\"BD\"\"%;yv9!KlBf55M}woUT*3I\0\0\0\0RC_u<Pkz},zT\n \0W|^3	\0\0@D(a+\\\'wuzsc|[L!\"2@ )3 2\0Cj}C;{;b{l1wI}?YeTJ44\0\0\0\0iZMCfWkY\0\0\0PJQRD\0\0d2?Yd]`pLSxC)IYu0=g<~F<5o}mwDU5[4H\02S	@LE`EhEi\0@_[e{#`fHD\"\0\0\0D\0ADfDCt}.\0k=n_x&\0\0\0IDATfn!\0\02SDLV2CUvh#44%\'s[+w]WkY\0@D\0!\"D \Zpkv\"W7n{6]]wM2\Z%\0\"BD(!\"D\0L}_e)kj?\0W,|>XLF+VV7\\y	[bq9di&s] \"d&jH]mr;2S[n>)		\"@&!\"dP0d	E( h2Z[(4\0\0\0\0\0\0Ifj\0\"RR\ZE\0\0\0D\0-}F9GL^\']]GT+r\'|-Fo,/Z}j-\"Z\0)3e	\0zpde~dww!\"\0V\\)9;xRu.$\0L\0\"\0\0*Xm\"R=xCQXvVGUDuk\"DBD\0\0V\Z-@;|_vx1U[&1Q`bR&uYW$\0\"dLj=X=5e&~:\"	VLD\"B)Ef*(PJQJ\"BidJqpm?_lv	N?kZwjPQah\Z 3AUfL)3e,tfdmsF(\Z3VD*AL\0EDh)LS\\j=r^DhNq}fCPAPiLVJ)\"\n\0 x5o}9v76Y\"$\"(!3)SL`\0BXD!<\"DN$\"$K:u?un{\0\0\0\0@\"aZ$\0\0\n\0\0\0\0(|xOrO|x91}MO?}_>/6N(\0h\0\0\0r{{~~S7KmK_}Lts{$$DI@Ih3z!v_zLqsy|Vz?~E]IP-	D\0/?v/ozwW<h\\X}p75\0\0\0\\}:zS?n\0$mPmHH%[}M{gp7|^IkG;Ih\0\0hX^;8_x^=j]Ct-SV6\nZ:X+mV$,kmo?<+/|{+_~}Gw7_qwkw~6s6sGO\0\0\0\0\0\0\0\0Q$AP\0\0\0\0\0\0\0p<c$O>;o-3WqqXQq<3_Trc=i\0\0\0\0\0\0Zf?C/w{t.6\\,?/_w?gOyzv\0HXkIbeH\"?W#?{Q	;W_?npQ[-mQ0SV[/8-;xFTC^quFE@	@\0ZxgtyUD\0P\0@$\0\0mX7vpzno18o}OggP$I@I$ZZZZ:l\'l/e=?p>wo~;OswKpDI\00kY_}Wo{|xGw[n^8<;\0\0\0\0\0\0\0\0P\0\0\0\0\0\0\0\0\0YkrXqXKR\Zalf[\']mM[2Y%$ 	\0\"\0NS,?}u]NmY{_O~?}Os\0P3;$\0\0>+~_lZ+R?~w\'3DI$\0h%O,[b[KmtbbHM,DP-\0\0\0\0\0Kl}2\0Z\0\0\0H\0 \0 8l[^:lvqCg|GqjjH\"$$nx??}zz&%4{Gy$$%-\0h+q?k?\'hBkfwW;g/?\0\0\0\0\0\0\08\0\0\0\0\0\0\0\0\0\0\0>GO;~#OjvOxg~m;q?{=L\0\0\0\0\0\0=O?oWcw>rb\0\0\0Z\0\0(?uWyoU3{[~OO-\0\0\0\0\0\0^zzx|\\>zg<P=zg*\0\0\0E\0\0\'O?\Z\0\0	\0\0\0\0\0\0\0\0\0m}~{/O?~gu\0{~~S<Zfvm\n\0\0\0^|?}?%W\0ZO?(\0\0e%YHH\0)~\'[cW-\r\0\0p8u\'q.\0\0\0\0\0\0\0\0\0\0\0\0\0\0\0\0\0\0@[>|O?@h}O}>@?{R\0\0\0\0$\0\0\0\0o\0\0\0>eE\0\0\0\0\0\0\0\0\003___u}>\0\0h?I$\0\0\0(\0\0!\"mo7Lo~~i>U@ \0p}y3Yw7}yM)\0\0\0\0\0\0\0\0\0\0\0\0`-y5ST1\0.!Li\0\0hiG;fF[\0\0_p\0$?\0\0 6II@$\0\0L]_}+ow\0\0X+>[\0\0\0\0\0\0\0\0\0\0\0\0\0\0\0\0\0\0\0\053Xk\0Vg$\0Hb%\0\0\0\0\0\0\0\0j-\0\0$%Z\0\0\0\0\0\0\0\0\0\0 A \"k\0 \0\0 \0`flP\nXU\0\0ZU\0@R\0\0(\0\0\0\0\0\0\0m$\0\0P6	\0\0\0\0@@[@QmV[T\0\0\0\0\0\0\0\0$`6km\n 	\0hIh\0\0\0Z\0\0\0\0\0\0\0\0\0u\0\0\0\0\0\0\0\0\0\0\0\0\0\0\0\0\0\0Z% \0\0\0\0\0\0\0\0\0\0\0\0\0\0\0\0\0\0\0\0\0\0\0\0\0\0\0@\0%\0\0\0\0\0\0\0\0\0\0\0\0\0\0\n\0\0\0\0\0\0\0\0R\nTU\n\0\0\0\0\0\0\0\0\0\0\0\0\0\0\0\0\0\0@@[\0jf\0\0\0\0\0pum\0\0\0hI\0\0\0\0\0\0\0\0\0\0\0\0hI\0\0\\^^\0\0\0\0\0\0%\0Z\0\0\0\0\0\0\0\0\0\0\0\0Z\0\0%\0\0\0\0\0%\0\0\0%@\0\0\0@B \0\0B\"E\0\0\0\0\0\0@\0\0\0\0\0\0\0\n@@!P\0\0\0\0\0\0\0\0\0\0@\nR(*@\0\0\0\0\0\0\0\0\0\0\0\0\0\0\0][\0\0\0\0I\0%Z\0\0\0\0\0\0\0\0\0\0\0\0\0\0\0\0\0\0ryy]\0\0\0\0\0\0\0\0\0\0\0\0\0\0\0\0\0\0\0\0\0\0\0\0\0\0\0\0\0\0\0\0\0\0P\0PBB\0@B\"@ \0@\0\0P\0\0\0\0(@\0\0\0\0 (\0 B\0\0$-\0\0\n\0\0(\0\0\0\0\0\0P\0\0\0\0\0EP\0RJ-\0\0\0\0\0\0\0\0\0\0\0\0\0\0\0HbfZk!m23J\0\0\0\0\0\0\0\0\0\0\0\0\0\0\0\0\0 \0\0hI\0\0\0\0\0\0\0\0hI\0\0\0\0\0\0\0\0\0\0\0\0\0\0\0\0\0\0\0\0\0\0\0	P@HR$EB\0P\0\0\0\0\0\0\0\0\0 \0H   \0\"@ \0 \0\0\0\"\0\0\0(\"\0(R\0\0\0\0P\0\0\0\0 (P@K*--\0\0\0\0\0 (\0\0\0\0\0\0\0 `f73mD[D@\0\0\0\0\0\0\0\0\0\0\0\0\0\0\0\0\0\0\0A\0\0\0\0\0\0\0\0\0\0\0\0\0\0\0\0\0-	\0\0\0\0\0\0\0\0\0\0\0\0\0 I%$\0\0\0\0\0\0\0\0\0\0\0\0\0@@B\0H\0\0H\0\0\0\0\0\0A@\0\0\0\0\0\0\0@\0\0(B[\0\0BU\0hAT\0EP\0\0J\0\0\0\0Z\n--\0\0\0\0\0\0\0\0\0\0\0\0\0(\0\0\0\0\0\0\0\0\0\0\0\0\0 (\0\0\0\0\0\0\0\0\0\0\0$\0\0\0\0\0\0\0@K\0\0\0P\0\0\0\0\0\0\0\0\0B Z\0Y\0\0 \0\0(\0\"\0\0\0\0\0$A@@@\0D\0A%\0DBM\0A@\0A\0\0\0P-R\n(U PET%hPh\0 -*-h\n\0\0\0\0\0\0\0\0\0\0\0\0\0\0\0\0\0\0\0\0\0\n\0(\0\0\0\0\0\0\0\0u%\0\0%\0\0\0\0\0\0\0\0\0\0\0Y\0\0\0\0@$ J6	\0\0\0\0\n\0\0\r\0\0\0 H@\rH\0HT!\0\"@\nH\0EAh\0A\0U@E\0\0P\0-@4JRPP(TAZ\0\0\0\0P-ZTg(\0\0\0\0\0\0\0\0\0\0\0\0\0\0\0\0\0\0\0\0\0\0\0\0\0\0\0\0\0\0\0\0\0\0\0\0\0\0\0\0\0\0\0\0\0\0\0\0D\0$avmd-@;$+@\0@\0@\0\0\0\n\0\0\0!$\0*\0 	P!\0H\0BB \"(\"\0\0\0\0@\0@P\0(\0\n\0-\0J@-\"((\nRJ\n*P\n@\0@Z@P\0\0\0\0\0\0\0\0\0\0\0\0\0\0\0\0\0\0\0\0\0\0\0\0\0\0\0\0\0\0p\0\0H\0\0\0\0\0\0\0\0\0\0\0\0 \Z\0	!+ER$ ]\0\0\0@\0\0\0@\0h\0\0\0\0@\"\0\0HH\0$\0	\0H	!	B\0\0BP HhP A\"\nR(\0\"( (H*hJZ\0(*JBjj\0\"@ZJm\"\0\0\0\0\0\0\0\0\0\0\0\0\0\0\0\0\0\0\0\0\0\0\0\0\0\0\0\0\0\0\0\0\0\0\0\0\0\0\0\0\0*\036\ZR\0 \0\0\0\0\0\0\0\0\0\0	DD DDD@D\0D@	\0H@, D@D A\0!R$ADD\0\0Z\0P\nZ(R(U\0iiQPDh-(\0E)UZRUP\r\0)\0B,Q)---\0P\0\0\0\0\0\0\0\0\0\0\0\0\0\0\0\0hI\0\0\0\0\0\0\0\0\0\0\0\0\0\0\0DM\"A\0E @\0\0\0\0\0\0\0\0\0\0\0\0 \0$\"@ 	\0\"\0H	$\"\"$\nH  $\" \0B 		BZ	\nd\"\Z	$\0(\0E\"B+	*-%@jJ\"a\"(\"\n-*QhZVRE\0D`P:C\0\0\0\0\0\0\0\0\0\0\0\0\0\0\0\0\0\0\0\\{N\0\0	\0\0 J \0X&\"E\0\0\0\0\0\0\0\0\0\0 \" \0	H)\"@  @\"	HH		 $P$$$	%	Z\0\0	\0Y\0\0$NQ\0ZAJ;(h(-*-\n@-ZU@[mIBEu-h@iR*-\0\0\0PjhK\0\0\0\0\0\0\0\0\0Z\0\0\0\0\0\0\0 &kQ}d\nE\0](KW@D X@%\0\0P\0\0\0@\n$AI\0!D\nI \0$!H\0B$\" Y$H\"	Hd @\n\r(\"	Bh @R@B\0\"BhZAAJEKJG[Z:tV;JPZYUR#EGB5mUZUJVUU\0\0J \0KREi)ZUZ\0\0\0\0\0\0\0\0\0\0\0dmBH6It*WeEFBNA4bE-J\nPX\0\0\0D\0\0\r\0\0\0D!H @@H	@$Q!DB,DHdm\"HBH\"H$ Y$HH$,DAAVJU-TEd-!\n@V[h-hA[miQ-JV[QmiV[D;:CjKKFJ[-UhA[VRmA[UT[\0\0\0\0Pm)@iiZ\0\0\0\0\0\0\0\0\0\0 MV4T(D$,\0\0$ \n!\0\0 HBh\n\0H\0	\n\"\"	!$ H Z$J\"Y %	HB\"Y	HH\"H\"		 \0$%	*B\"kDBHh%V	d--Y\" \0\n-BKPj$\0Z03R(3J;D[(E-3:j+*-v$4m5URVhU\0\0\0\0I\0A;ttJ\n\0\0\0\0\0E\n\0\0 (E!H*AP\0 \"\rh  H@\0$\0 H 	\"	BBBI\0	ZB\"BYYY%	!	H\"HBH\"YZZ@be6T@	Dm%!D;$\0	S3@h+BT;$(3ZNmA[jjv0:Ci@AuhV;VgP:Zvh)iT	-RPhA[U\"U\0\0\0\0@,dUP\0 4@v \0\0\0 P`\0!\0\0@H\0\0EH 	BH\0\0!\"Y$@\" $dIB\"		d	dIBdH\"k#@$DI@VD@B$Zk-\"Dkm@\"+Z\"$MP@HH 	HHdJ\"Y 	ZZ)\0(:BhI(efmT[U:Ch-muv3;m53UhG[AuFgPZmhKGgU,m-Bjj\n---(\0\0A\" ,T[JV\"\"\0\0\0\0@P\0\0\0\04\"\"	!\0Y$ $\0@\" $\"$$\0$dZ\"YY%	\"kIYZHH\"!Y$e%VBbeYk%YaeI%,	J+XkIbmmm\0Xm$!PD$h@cftjZ3cZJ!$}Fg3-(:cf7:TgLV*fFK;fhiGghCG[3jhC3at-\nVPm	E[A[UQVCRmIA\0\0\0\0Hd\"I\0\0\"\0\0\r!\0\0HCPR\04@ 4(@\0!Y\"\"$H@HB\"B$@\"BH!Y+%Y$Hd%k!dIe%XY-+$ZK+!%`KDVXmtqpuuppt8/.{W}i]^x=k$vyqs\Zi--f|Ng|r>:NNg|v>Nw\'7ww}w>nf7n: jvwwnfkfVg7N:3tCG[:fii3miJPE%R%PQ-UJZj\0\0\0@\0\0\0\Z\0\0\0\0BQD)	mPQ\0D@JXK D$(I	@H$AH$AYKXD!dYZ%	%e%bZKk-kmVa!rm-as<]\\\\pyy}/]\\\\x+pa_nztyyAmNLef[S}</-m[\\.[?FMn$m\0UT}>/6IS>[;/_zg_x7nnn5}?}y?\'yw}miujwnfS{wmujff3}aFhvhuvJevEiA\nB5PT%KUmQV\0\0\0\0]\0\0\0\0@_y\0\0\0\0\0\0\0\0	\0PHD$D$H!$Q!HHDd-D,YKE\"M$!ZZK	kmZ\"mYkIb[,)	k&W.+?}vtyqm9:XT]lv^ylCds/\"u\\8,aCbe-7K6nqbsajK-Rwqs:=VCibZd-T:<yw=ussZ1~>9gt:}w>85nw}l]gNfF[3c>CmuFg1:;T\r3AuJKJjjj\"(@\0\0\0\0\0\0\0\0AIh	~\0\0\0\"\0\0\0\0@\0D$A\0@KYD$H$A	\"$KXKHd-&Yy}Zyw{@\0@)%LYRRR8ArO+()q\"E	4~;=Zd0K	df9%JZll6f@KKF\"&<DH\nRcrr\ZRA 	!H9\n\n$\Zg\":5LHjk&Dwx>\rls< 3pllalF1gN)H&}XnoN1Y	fgji	QLxyFx1qj*q4V#2S	Sc^*r/	DL3mY,e!ZjFkNmNsT5Zk;\r7\'\"hw=pww\"\ZACD4\"\0;DD@\0\0\0@@\0\0\0N\0 \0\0\0\0\0\0	D\0huv\0\0H\0\0\0\0\n\0\0@	\"\0\0\0\0\0\0\0H@ $$@	$$@B2d2$!K C2d$$Cf@03$af03%dHfBfe)\r{Ra0A7&HCDa1:kd]\nZS@6W6Qf\0H`CY\\X\\qX 0&aixd&H,9V#x0AER-DEuqd^:>V}\"%c[*}njbH@AhIjx8SunTx=fIIdDN\"ei,BkVDQ42L#.ihQJkN4o;5\ZNo\r[F7 p\'FC8ACD\0@@\0\0D\0@\0( \0\0\0@ $\0 D\0\0\0\0\0!D\0\0\0\0BH@\0\0\0\0\0\0\0\0\0@@$$	@L2C20C2@	fd03I9R&LJ0rs9i2`iPA JI)\\A.gBF\0Q;ERy$lAk}jt)	d@\0\0dD4\ZR$P\\#$`n)	\'ci9sM^Bgu`aF,<xDn=*AJFD3)$1WZt:q<qiZV+VZpoh;N7\"\'AAx#;CA;@NND\0@\0@\0@D\0\0\0D@\0\0(\0\0\0  \0\0\0@\0B\0\0\0\0 p\0\0	!@\0@\0\0\0\0\0 \0\0\0\0\0\0\0\0!\0@\02!3$CHH	a!3&d,!K!a&a3!3$LK\\\ntt}O:0#T\nzR\"LV~@Z+~R+QTTVnj9ByM`FQ!:5+YLs1K`asVY\\d)+1tN6gK$.(q8ldky<0L4 \Z!!~|1\rH[*.\rl;lpC\0D\0sr<LADP oii[^R[J_WN/x|uM6Xub(KDpgYfNap`px<2uRkyF\ZNwxs<w\'<\0\'w\"\ZDD@D@D < \0\0  \0\0\0\0 \0\0\0\0\0\0\0\0\0Z_<\n\0\0\0\0\0\0\0\0\0\0\0\0\0\0\0\0\0\0\0\0@ \0!\0I\0\0!HHB2@Bf	2!ePJI3a&LL\"DT:~`VkDz\"NJ~!BF`ZD:csvMSj#Y`84h\"JOX&GXcolqg&XZ!9Y~tI@\\$Ef?Ls0\\U?8U2q\'Z!@s\"!D\0X2/xwpSwc>n.A.Ds#\"(IJ`Qjh`7=xcK^$AEd&$.%t\rE  c[nn8N<<bfl$+\\_qDJlF !g!fFDc\Z\'Nw7pxii;Nm\ZV76Ns[#\0w\"Fx#w\'\" \"\"p\0\0\"\"\0\0\0@\0\0\0\0\0\0\0\0@\0\0B\0/\0\0\0\0\0\0\0\0@\0\0\0\0\0\0\0 ! \0$$\0@\0\0B`IH%03ddX2LXo[gl..R{9RI]_\rR#j<3p<=>q<FR].zRWXV\\o9Tlepd!)nY &\0xmDsa@x@$Log?@Xur&\0&1TXar9i	,VZs\ZAuZ@J(g9D_:}I}6r M-0Y-2cq4LW7\\H%S0JS{&	OAXS=Xg+#r&,qj pW~;,xFFFw5pw	oD**D8Nx@8NN\0\0ND@D@\0@  \0@\0\0\0\0\0D\0H@Q\0\0\0\0 \0D\0\0 C\0P \0H\0\0\0$@ a&dd2f	YB2d,a03,%(I(P^\\>;cb Z7R;Vi~G\rG @I]OJ\Z0`[T@y0UJs.x/3\\/Lt$%OND?II0`3dUv7%z\nz#,-#gUg3I$u176Qq%V%qaoH55g]x~,cNHf,NM\Z@0Vgn D\Z\0*9qvL ! ()2ii!\rV8\0$DUo=^q%V&6ugI%\',xw\\	o	KlH	K	dll$\Zm9<p^~%_b1@jD8\'w w\'! 	\0\0\0\"p \0\0ID\0\0\0\0\0\0\0\0\0:@\0\0\0\0 a\0\0\0H\0@\00\0\0 \0	\0\0$@BH	eKa)#J	adt}%sy%t @\"Vjuadfyf	 dRXVk(]^ay,Kg5.F\0sPLU9[gnXt5:Vzb	0K0d$D^ L7VggX2Z[(@@]*W~US8.%13!kcBugH30.$9%uyvq>$Bb^q&4;AnI,!AJY5\'LKJ]!\"ZP=0hc\ZXeC:AFu\'a&Km,ua\ZG:03K,J/.<[\'q\ZNb	YI,dt9gQdFf_~/y_q<L\0x{;*pD8N;x8D8@@\0A@\0A#\"\0\0\0\0DD\0\0\0x\0\0 @@\0\0H\0\0\0 \0 @\0@H!	I 2!3@(%2f3a9aIK.=8fX}GkeLmi8Rj]fdjE\'=6)gr$ppZUY\ZyzE)7|2DWIx2L`)h3/bZmyL+uZ 0<V+D3ey5\';r6jsDJT)7Ub;${y~\\gXxq?\ZH]*6vS`y`2s,e\088\07`%gN`m2\'7:U929%J2%L.&hAEJbe`\'hx86Z)%3NfI`)8\"u}a3dq?Un`u_p2dyp_~s%yXj%pw+^;Fs\'\"p\' D8@@@(\0 \0\0  @\0o\0 	\0\0\0\0\0\0\0\0$\0\03 CdH@Bfed`)cf\n+orqe1N#\\`\"Ln1KLD }9%q~i\\03llIt]fMl;x~7pZ\ZDsB68Rv;^B 3LHc !F]fN{D2Jf$$dDNhR+IJdZyv7V<<\0<`*2Vq\Z]YCm0nf(FJ2/ini5r	<M t4B	++QR\"dHJD\"YL_D}gl$\"0\"pZ80@ 3vAg^fJQh!\\^@g\nGdR\n-K/>c%=\0\0Nqo7#\"pp @@ND@8A@\0@x\n\0\"\0\0@\0i@ !\0\0\0\0\0\0@$@ @03!	%f$@\0+=}\'OfY8tb\'ya<Fk{ 3<\Z5\ZAN0 eNS(\Zb\r=ww\"Sc83Odii+4!XJ\\x8.9w	)\0d@&R,Qr!8FN#A2+@@F\"\0pwL T:& 3Ds\'%lc9??#gxtb#,JJbNS%.x\04`YMM?pJsFR2g=BS]Te5Klt8rg`@F #%#a&d,%.VXd`	 0qqi#H)@mT8v;jBJ!85!+\\Csgj$]Nsm8\r3QR\"tdxxxqG]G4wAD\" 	w\"\0w p\"@ \" \0\0\"@m\0\0$@\0@\0\0$$I\0 !20!&	!32J8=}7E7,uaG#4Zs,S[QL,D\n2JG:g:;?q/n\\^_G8<K32A\\^ny\"_QV+@8j030af!3)%RJX2H)LdG<.\r%@s 7G	 \n;XA@\0&&E?$9n`3HA_qnL)%vRaWnowy\Z%\'k^_+rpNST@rKf^KPR\"sy8H\"~7t}f\'Z+8%3#*jmLIwIIx@s=2O#UO\rhqO#21<Sqv8l7{GfhO]=82O#Oo_ra?38;x8A	w! p !\"\0\0\0    @ 	\0\0\0\0dH2!$\0@$$!3$C)!%dFJ	hH\"YbXoq1z,q:8yZh-hj;AqwT:R)H	3e#a?uQis.RWw\'^q\0rBgzXa9(}R+5UaH\0LN	$@X2$R	!}IdXsoWxmL\\DA-@&Z99	\0D:LtRH(9HfZk\Z4??,Akg_z)?#o^o9M3Sc+2-}X3+O/I_p%P[PJ$ZR\"RJh Z+)g6\"\ZDx:B[(]b6m{/Ny^N33<Fh\'M3s]p:Y=gsv~cW+y$RRA)MX\r\ra	aKSe;W^?xw|:QN{<\'	ND AD\0\0\0 \0 @f!	$\0$dH	@B0K(%$C2\0\"{3.qSWX9NvT9mYpoDNDD8 #J&wV2;)%|#2+o{HD@8U@$,1ltI4x8Lt-xx8\"JA(0$d9%65.g#5 g1NaY\ZvHTjs@Je/^\"pJ2jk4,er  IlP:VR$rIHF\0Dxe,GF6ct]FJ5`o=r\'lO8bw2	w8?[3=~$e8FdZ\r(w@DNtR{R	3 DD0G.^\ZL707n j2\Zs]+J}ZZL=d~riaw{|e\\%#uitX\r<:&Z;4@2(Fv_xqp\ZA7 <oDD8N@D\0\0\0D:{,\0@\0HB2C\0! $	I(%HKD9z&47yt\ZY:W@8N[fZk\0;\0\0\"\0 \"RF\0d  w\'j(|?Vd-O~1^? \\zyRwdX=i\"0KGKz4\0 ~5S% ~;rJjp\ZgU./Ww]\ni\"J0\0<Z\r{9f~|?x|/\'a	:3 @&jsLZed\0S\"	iJxp<VdlQ2w	E9Ua/Laici46i&L?[OhJAt}&YKG7l)s\ZG2un08R\0-9(9u=)xpGkN)pPJ\'2	oN\r,a3StK<~rL.As<{C\\\\L5kv.#{#LV;X	oN<w\'\"pw 	w\"p\'	w\"pp\"\0 \0BdH	IHB,3,%IDfFX_\\rv#Bqag<Y\ZmH\"	o(%,gp\'\"\0dX2@@ \0Kz]Q)|,K?LN\0D\0`j[c:IjN#Nx4Y(Jfrr!<\nG9%$,1dqi41-\",%ng_._D6sG%K#L\ZR6oRT;46uy-3H,58dJIdp,%$a+F`B6!dX2\\scX:_#JY8RkP1M9)gg[JXJ\0\nAR:8\"HIV9GX\n1 %LLSe.7}8cR\n,\rO7L3l7}~x>o\rK@9`^qundCp8Kq\n$RE\r+{oxNx7F7\"p  \"BH !	!3d	Y!f	\02QG.H3w,S%\"*Ii!&\0\0@ 2\0 3@2dYW\\>e#BAJD 2\0.KW$\"XI2Vpg\03R2:(Ky>Q#KmltJthqbyz3Ux8.<\ZAcwYjw]vl:/X(v+o^?|Eif^\Z	842$V3\":s\'JgBNu j7dLtF#iv6\r5V5G9]_ `NW2m?=\\xhat8-\r\"J!D	@%\'Prf([e\Z2=}CHHf\0}|?(,F\'IH nj!K8`=gY*\\^]0Fmixs8Jb\0W=N|#~kR2TQui@:W=fE.l	{p%y%Z@h;N;{#\"p \"pt@$d)a)!K2,!3 #=5G.\'ggh3Tq;PJcAC8D`\0xk@2dFD@\0\0K	\0 \"!3$@RD<Dk !\0@w\"K	xt}?7rHR=0a&,AJ w=gq:%r\n*9yO#}?`8T1|\r^qy6 ps{gabidAOC6.\r0	G24/\0XZ#\0GtHrO%\'dBo=pwska,-\0!Acu!2uaP[pu1px}?SS[	,!%eJNt]!%#\"KERo\\o/_8NlWCLDvGnni)}F\Zt9(+8dJT\'D:qa*L#)ZV5mvI9i$%#8F?aQk:r2 R\"D)\05R\"w7jR!\"Ln>g>m!;NAD8~!afeda13\0H^=&\r8Q#4\"3h4MDm @[C,Df	$$@H\02	3!Dk70!	@ 	!D\0fU$\0$aIX]->{~/nyz+~W>L$99)wt\09	xX2)g9%`=tXjc3aG0\\n8-]}f:lxjYpg)%\0uX2rDFIdF\0oI&\\2\'@\\3.A\"6g5\\@)9A9%_x<G0msuep	>%R20yYhu!HKd#\naX#8GiY#%<0\0/3ep+[w[%s t:\0\Zr`_Y{J]RG\0@`\"\r\\e\Z3.V+\ZD;drQV+23XwW\"\0ADpw\"o qwf	K)a)#e)e<Lkp5Z;2HYFZ+\n\0A\0f	\0\0 \0\0 \"\0I !  3	I\07@XJ[ $B&$03$(I`\'2=SB*=zM]\"rbSc5Ks:.WAPr:Oitrs/8GaG/6P#A88RU<A@$\"HP\"JQJY,z08)gpK	0\"\n@\ZAD\0@	\"+\0	K\ZTGxuZ0F+a*f (%Dk)qPJfqXp~Dy<QVkJFkD`9T@\"I|k>p|x_(5V5x@p9?[vO[\Zy$$xhKPV3wR%rf8[{&6(*m|`z%mmK;N;\ZwC&$Rd 00\\[ts<sg9VZ	oN\r,DV+\0ADd$@\nH\0N\00,	\"\"@ @\0#%\r$\0PH$HfXZ\0$\" L3dXW4\\FFDs\'!oDJR\n]8Nv\rS BZgy8Rk#Jn`5|y@eq:Vgt5FPI,L(]DH		d{p	\0<2_}+=	ivOwl9geWzG~o=o15?}$_yb:w{zz5_|;PJZ\nH)>}\"0o>7~4wn\\_lv(<Y&v{N_yF8-q1ob2:p{~68q}ui19\'#}6\'_M4wNs:\'?w{nv\'63>[E</o/_\'WkO?lf=qb{NZ+\r?~q)g\rPJ(}\ZX)#@!|AuO^	FDFDKn{;ob]a^d;D4+\"	ND.*\0GW[]L=pg2wU{^c\nHlN3&X\\_oq<L)81J3Mp}a^vd|s?7<WOyW;\0Ag`9;o1O3nWK_Gx9g~O]6Hf<9_qI=g5X?GLk3\"J.5\"9\\\\[op<fu:,HJ&<`AJFkZ+H(]|Wye>Y=|}g15^cd7\r	(&>x\r]]/>\'{oAxxgOgy?Xb=tyY\'y?[<ytjH[&<y|8WVC)gv{[<}o\\,JN\\.$3XxidYxtuvY0Slow8cp\Z\'~w$|\\g70NS>xm^4L9}7?\n_FZCD#	sP6<8w|aHF\0w)g%\'r7Wnoy9_dp-3R`H mi7TC;DU8suy_||k|??ToswG./koK?\Zgm7oi<?+u>\rCx8?io|x7IOx?W_s6f+~7wWk:-9f~=K^~wown*?Oo}oN\'Br\"\Z!pf[k!%buk@,_G?3N<~t,10=/ood>{=CqY\'_pyG\\l/6_0N36<$x{99Nt%sC]23o?}/>gf6CRox|uF_x\r8l0&p<{=?<}|=]6xt	Hx\0X,^KI&nvzu$65k;|..<pba#;qqqw.6|Lg?bgZ%ZkDdFJ\"LbfL:;DGqmagORhA>z[_Wg~de\\xek%AD 365<\0d\0r)D8~%|\Zg_?{?_I#jaP`j`gOl|+/>|\rO~n>?\nop{w_:cy_3>c;%??!zOxucn\'_fc$N#^?#wO?dO;>o?7y+l~\"/8}7^>0Ne:x@~y+orh\"3p\'Q@,\nRV$a)u-3^+3)g\"mYfB<>[~q^qs#(Y<ytz\r.n}a?ps{OgkYZ>awJk>{X8rs\n;(%yg\\ol63lbbSido.<8\r[\n-\"~\'W8c5t|K>g=6\'?}66g/IH/Gn+nPJm7Zl7+RN6`:/\\]\'_pss6]|sLV3LD;$\0hXg06mo,mQ-;r2FKTi`&\":W|YhD8)2\0y-65\0@xZcf=_Wz76o2-ql%/?nw-o7f\r~?O\'_swot]~9&~|W~3~`HIK>ygKp<K{\'g{9gsu&/2w9?gw~ow338qs;grs{#5|Y=Q<]2x(%RDkVI`etD\ZBxy?h-s]s:X<}tv|_sx:139/^/?bI/^./^3/}W4~ytyN;q/|I\n9g./<l=ps{,/	\0s;RrK|8r~~F \"i^X=-g\r{|2W\'wm<OCO_2a\'?ygi#_d?RV+n?`XW];OWl?33]_H913}ggr2xiqRIeLpB)H&jbTw>a]6\Zq \Z~xs$aID8A{\07!\0\0AD#/}]K7|sxyc.6|JJ~~|~o|oP[GN\'.///_7O~7>y^xNGLb*9*}Vk~S^qqqW?yc^=B57Y__?!Dr5\"~)%|sdwM~_z]<G~ w&V):erk%w :#;HLZTDN V,%$\"RJ`/*\Z$aX),%.;559I%2\Z\r\0K-o@2  AD$dFx#\"H9xAz{;Z%s}y{Nz@qy`)!3k3RrG$hfh\"LuYN\'`)r\"=pwZ_y1/_\ry\rg[>sN	A2#qfR2r,32\\\n(D\n)grJ= %C& \0Z 7!3R(d@@r\"e($dL\0#D#{C !\0	!	I@\0I;H	\09\'Dsv75D \"vM(<h\0Na\r\Z\" P4Z\0KhV	\0HXhh\0HFC8:\0YL`)5)%Z\0jr,\"2\0hR\'LF\'J?o6X,(TZ8)gpBk\ruA@@0A[f5y&8\0D8L;_y{\'$rFf*g+K~8D8V:\"\'?{1o/Bw_yaG<yd\0RBfoLa4s1y-9%Nx++XJXx\"\'XYlB#<W_+[-N/?GdH{0to<W\'?~w H9jzE[*+&a\Z0G,\',D AIF@@  \0DlQO^+\0$,)@zJ1GDD`}Fx  w$rHia*\Z\r<]a03RJK6/$PO3V (]GW}I;];ZI;ap<Qw0Vjmm>J	J%#<X:rJ7if8aEJ0yO_f4!w\02\062#L`ID8*0V+)Q5FVK,y&wyXH[f0t=*xW+s\"u=P-})1N3A_\n2` :1\'LRST7yHU2Tej858!866%0 !@`YZj~/\\W>iDJLHy(9qxer%|y?wZglh03,R;y.\'  p?7pWp| >EgZ	`niufgQx;?}KlCfzYD|o7O<<|hLz\',KJFn.\\8/\\fXt/]~;o|k<_?@vov.2_|np3_:^; )]HJKJf{C,%rhsM3\Zpw;AeyAw$@\0-de<q,eQNf$eRWZ13X2,ejN3A$4iy^c4337o_e^??|\"7]8?8r~ny5?nVO}~_D/(%?~~?~rujnFkKL.\'\'G|-_\Z80{H7#a`\\2l7xv-b\'sBH\0,@B\" !AD.=@gbA.F\neD2	m\Zk$j,5d	y\"uBPGHfGJx)l[NX,]r26\r\Z<U\0@)c\'j79}\r\\i}a\'I0-[.\\a9<<s=R&A\"\"VQ_]_6]R%qd5\r\"HpOc\n:O\\tag/4wQvpt/pa[=xkx_?eVZy\'x\\;8S$	3NT:Dp+X;s\ne8,NDg+3>KJ		L)\'i%\0GHAV \0%gF.Le\\)3#3o$\"iE2/	8RVg4-\\=8?~l|xLZX/\0co}3\"MN3rF*_>7(fg.\'Xl6vw>wH;o?p~8%?8{O/?\r?~O`\'wqY@/}C|C5?UO~:G_\'<\"\0H$\0\" j%HD)RHxA:,5\"*+7@J\"6D:\\|\nh\r%	2CR&!:7$!@,N6z9Y7Kxx{i[	|{[X.\nO?kI@@H@ @)d\\??YoJ#\\:d	}E|l7[K_ e~<<w}>KFS8^cO<qnG);;r/>N|;_s//D	T	3&+[ik,@a9)	+8J&\0wt 1q@ A8A@Aw\0Px@nis[fRdX)b\Zw[]N#uxyM(oN;L@Dq|Wp>m\Zv.|$g9B/w-v\r\\v\'?1vC{7e~OzH]2>n$nf^t0N37p=?w~q9{frO]dFRN|?!<{?W+^\'\\wO\rrzo?3:}x[\\toR!o\0B  @b6D8\n&C)c)3)%!dF\0m7WrtKJ)x\rzQx~m<wE,%i 	ryd&(e1#e_e\\8\\t}7g\rpw@x%r3]wj5	w99f;gv8s:N5._rao]e&JWxDzc,xa%DxI9#O?b#3d$%?Wo.4[nd;K:>sa&{I]Vxay.ox<7X2s]si[%|9r)MpxgiR\"R)%qvs`B3#%#\"X,(TI9!3	KFJh.\' qw,&9 A	IXNH\0<X/\rKGTHLie<9BC&RH0m6xY^\'?|y~>}ogKk[bRJ\rexo~qlC%^+\nG3[\n]WW\',sBp%~13gWk7CUGy+<X,:_gGq;u8>:+_}//~g9><5ynx=wp$K(DD\0\0\0BfD(\0\0 |#f@D\'4\"B4wrRbSV;,k69B)k$^)y~	;vs\rs||J 7 `\'H5]|{^{]_,1?-- \ZO?r+tu\\\n_~Es>m\Z\0H%{yh8ujfH\',J#3^$W_ds4JrNXl7[7v %/~\rw|SJ2#QyK7yX2D=x\"=w:lz|df89P)c)_#\\R2V2Nr:b3D)o\r$6GxkN\"%=WLJ$@Hwg8%cfVH9rB.v@fGGrffV+D^QV+l$3gG~Wp|iys<<E{|y;p\ry+l[ggQr?A~10uz;y\'H9SJ>WEn<.LDkG?4wz|;Ci~W>}y+^}Oh+m84?&sg=HM#AD@@@ 3@\0B@2 YBfh@*rMi$H`)#Kyd#$dyor\r=s^<LYnF2}Gl0K0l2 \"R:05yhuM#;jB\0<U]We^y*fSJfk}\0:4sYLTo`&3gg%\0DVu\0	\"\0	,qi8,gvi\\\\%j57w?9>pp|_5\'Z%,8\"P2 W,wXN R\0\0d:Ute$Wd-vJfJB38\"%\\`)GGy\"=Z\r%9MeA@{}+(}a;\\v@DsNK`&^~,w\0Ap9pB5NN6S7(7lz\0a;u\"\'$cxt8:8d\Z6(%N>MSp<d\\=!\rY\"Y&Z%@\"! \0I\0\0 RHc<\'B\'$u3#JK	Iy Ak\r,!303\"$\"p0K ;HXJ !\0xA\0HbW$#\"@,pd	S\"d\0	,%\0dB Q	7\'$\0 +xD\0\r\0Khu[\"Y,!KD4\0 $ af@YB&d	I\0ERd(%r)Ywg\'=f1JG{FAHfDJ3(\0\"LxsZ#af@na91#m\0`\"B{<xmRkRV[	mh-R\"/i	;42#H\0:Q	IiD2\\6\'H~goJDR&w\"\"Bx[#!3R@2+u\Z6r, :\r\0D+V@3pwE\02$\0HR@	dh\rd7\0$d	\0\0\0\0p@&@x\nA@\'H	\0r$+,%m7,%9NH\0Bf~ \0L\0$$!@I\0NGZJAf\"\0pd\0\0!@@\0	@`@ 	$A.=s `,aP5;\ZR\0f	\0\'\"\Z\0w\0!FD D\0 !D\0\0d(%2dX H)et]a\Z<Dg6kab\Z6wDsd{`03,gR	wJH4`2\0\08w7, V \n nAF4SiAT:N#KX(\rRFf\0A\\a%7@&U u2DL\r1)m1DjE)rN#mV@	YB2\0 @J!L*=^+A0o7y\\S%HF{16<bucR\0p5 \0D! B2<\Z 2$Aa\0 Jpwp\'\0\\z,g`6\nJZi@x#Z36O\'GHFZ99\02\0\0\0!K~:D\0 !@$@  Fu\"3\"F \0\0@f  A 3RZH\'N \nKY\"<Q i,xDk HoHdD8*@B<d\0,eXC2R)7ZI[6XJX%d\"BIXJJFfIxm\0-}8,gR\0H\n:fDu@)s%6<r&m-2e@nhA8R\"u ZIpw0#3Nq[xA[cu&AB@N#@\"9r#6W\0hYb{t\rKu/Ohi\"\":\0!2C\0 \0\0\0\"DDB\0@\0*\ro:J\\z,gZ0\0x\0#	3\0\0Rs%j\0\0	[IDATgaa`)u&\"\0$$e\0\0\0H \"p\0@2#\"\"\0\0$\0A\0\0\0!	d@`\'\0 	!ddD8\0eB%m<lh{ b\r[>!4TpR.X\" @f\"A\n2R)NDup\"F\0\0BH\0D\0 	@rmI9#%d`Zc9!3$\Z2#dX<,vv+Zl$4QD4[#y&L*\Zm\r6dd`)f6OH$,RKnCxw\0r:MRH\0H:Mx;(eU56^N	w5HH\nfF5j6:u]rge0^32L4RB)A2! DHBJKD@\0H@4@8dHFHrHJN)wX*irR	62CJ ! !aC\'<pafX*\0\0\0@\0% Axrd\0xxAB\0\0\0!T\n\0\0p\0\0\0@\0\0BfH :U;DXc0mpo\0H\"Y\"wTz\"FxC2,+*H\0$,wf!oqsB<B) \0@HtHdnRbn%uHbs:O\'<hu,ea &JWDsZK	IV6tk<\"h\rHX.{C32*8@@JD \0A*eb6x^	wr[ 3<^\npg{t@(K	AJ	p!DS-e_bS\r8 \0DD*=qY9EFPPNx\0&5RJxmD8T\0\0\0\02@\0\0H!fHFDk\0p@  \0D 	a);0342\r[i^gY\"Z:l	o  , H9HHB2g@D8*\0H\0$R.\0\0\0AD Ax\Z23u@  IHF\0D$\" B^,Y:xt*! p5r%\0\"@\00KadAD,$Z%dFF:,f	P AYa<liuL$\0\0\0\"!,%rg$q,\0~<lLJF:W<b$nf9$53+/M2#/V$\"p[	oi&I-wk	HpRqw \0\0K\0\0RH)Dk3T:U<!3RDPOp|G\0 !3r %3RR&K5}\0\0\"\Ze^g\"ID\0\0)\0\0\0\0\0oD	X\0A8@ @\0XF&$(eRprj_ 38``)y8\0m,c)#	FfF\0`%$@\0H H75$$5\'	d\\hu&A\0@\0\0\0\0D	\0\0\"\0I;[sp\'\0dI2D8 d7$a LHFG\"\n)@\0YP K\nu\00r  rfxxqw\0@WbA&4HP	Q4a)J!V+[,	K	oNgdF*;:D8AD ,@ <@[}JFyHCM#V:VS\rR!w=^+[\"f\\C4y:l	`w+ydwS\r[m\n\00KX.D8uHra7A\0@  a2\0\0\0@  \0@B	\0$J\ZGIDD ` d\"\"mi\0)0HIDA`f7@\0AF\0@$H]o\0\0e,%FD@D@DDp\"@\0\0\0 ,%\0\0\0!@@\0`H\"Y\0Ds )w7\"h7RV<n:u@PHDu&\0J	)a20afDH9N#*r,7\0$-@a9bfxk;J	3Qkcw :\'y#,e[YUC3:KFJ	oF&#\\e\0\0\0%tEXtdate:create\02022-01-28T18:08:54+00:00:ux:\0\0\0%tEXtdate:modify\02022-01-28T18:08:54+00:00K(\0\0\07tEXticc:copyright\0Copyright 1999 Adobe Systems Incorporated1lm\0\0\0 tEXticc:description\0Adobe RGB (1998)\0\0\0\0IENDB`'),(3,'Paseo 6','La Excursin de 11 es el paseo donde todo puede pasar, pero excursin de 11 con los paps, eso s es el colmo. Y como lvaro Castao sabe que es mejor la seguridad que la polica, decide viajar con su','23 Dic 2021','Comedia','Rodrigo Triana','\0JFIF\0\0\0\0\0\0\0C\0\n\n\n\n\r\r#%$\"\"!&+7/&)4)!\"0A149;>>>%.DIC<H7=>;\0C\n\r;(\"(;;;;;;;;;;;;;;;;;;;;;;;;;;;;;;;;;;;;;;;;;;;;;;;;;;\0,\"\0\0\0\0\0\0\0\0\0\0\0\0\0\0\0\0\Z\0\0\0\0\0\0\0\0\0\0\0\0\0\0\0\0y]1j6\Z&=.:bUZ\Z\rUDXxB\r}}H9k%L61xv`b/;_4|w51qIsg3f+z?=OQA&;^2VzVT3eHOG]5n-dlaeS,g}lQ>]*Z#$WMA \r\"2~j6;O`\\I!x:ysyY*k[*9B9L<	e;=,	o22\"nE0/21\0.n+z-;kI-iu7Os;E1>V*RLTwHJv7mhw7On+0>u8Z5-;NSHdfUO&%_2j7SGLw{ z9\Zf)u^3;=aZXt,#l9<L5Es>e R-->0L08wwQ1!>s3O:^dd(yh[K7w1)cVUH=k8`U;:ww5E&x},]rjdom>Luk:W	0j<ZPaLHt98*ZUWG=\"R{(+z;\\gc\\P1CQww8v+OB\"Nfq.\'jd\\urwycPSG^s=Ph1OtV/mZq67G`D$edm3=5W:DNz~g>nQUi3msp_y4|8:d)~5\nsV@uXTJ\"&f&|jAtk6Pco%V<.RulgV\"NqPViN/B\nm^s45JW1O{a(R6)BD})3(Z`j?*~~+\"	F1|^)wOw91uccOnKWm>~7r[W?McFYv>6rzv.2Z\nAjlI`GoBK~\n2gO+W8w=KM^S4GTWJyH1;IV)\\;;EiVT4\\qAw}^0\ZY\01m4YZIgE{-,o97VK =5WHK7z 2n[e[R$a23!BVzs#^!XQjQ[;QVmW&{MqaIE)(;z2jVOD>Ps{AM<F&K7E)*o<m@hFSX\rpoD|O7P53XuqEXM.p1\"@_~|;;1sPEnc[#H\\	)%Q+j4bq{Q4e.:u;p-IfBG2)*3,#awW0H(\"_=1,*IYM&GhN+kA[^)X1fm)dCLRR+AN:kd:\'=@%AV-0YEd#usufhu.[^Cd0NQm{\\T)Fp	ht19tMF(DLEdw\Z]nwsrp~PN{\"\"w53,u\0,\0\0\0\0\0\0!1 \"2#03A$4@C\0\0e	c\0VzQ-hm^zXjLk}*lv=U33z,u6AEwUGu>/EI\\a3CfS]Kni\0iQLKkjS-&J\0UmKt:kBk&/\0V#AN.\n-4\nk\ZZBNf[j+\'Gl9,`g/\rE.kTM-]q]!!K#mCjKH_1f}=JJYcL-X{Xi\Zq4UQzj\Zj$_W\Ze[`45HX+.|WmeT+nFhF,TbX5DQW/O}}.|:}~\r^MKFjq\04m^If6]il*ZZZ\'Q6\'=[J4$9Y|rFSR3~S6Mz-WOUVOMk.1\n+8Wosgv:;7Ft[f\0OMHk.D\ZzHB1#d?WgOKLjzgh4U)Eco\0I=bCFw~v,jOxl=\ZL1[2Y_Of\"8|gf\',Fr?l`xB+\r{_%|y*Nm9Xf{:sQ:W4M(1OoflS&6QXeeQ\rf\'?kA3x2C;r|\ZGx2bqir4> s33idS4/0:p2`E4[.B<~p5zo@%9[R;Xqbqn3Nc`$o<~`FVCQvx9r+o>J7wX6~>YA\"Tu\\Hx WQW?c}cY#L~qY6P)e\r,_\'/Sn}Sc9ou?x?1j~|~c|f3188](%O?C	clT/ki<A%JZ\Z;q_&|{;f	Z.GjTJxBa0\\,d6%-SqCL\nY33R\0\nkMoGIeuZ6;@m+ff;:45wV9c&*r\'0\'Ru\'VugPNK9$}H|\'|gv\r\\3|2r`ZlAfOh]V[k392YA9Yp&}GcaND(3;f&uo>F>Yl8EQ;Uwi}M\Z<VR\00/>ba^)s39,x#l9~[}E\0\rB@%G~)g0f!8	j 0Yl$m-4/imf=}/1FUx|334c4\ZU-Jb&]J_k^hK[W4vNn\\Z{x2,Nx`5iiSVT&p:eYvfi_GTf^e]OGlL?#zx8z6R4Kpl?5mTHcwHkA.evuV3s]m<Ng\'OTEs_	n4S\n!lW*b0fg#+To:%\\W?_Uhw/6iZ{Vh9vzx!26e?_JZi\n\nrY:A?gO	a|	_]jv\"2(C)j\0rqmi\0TbAtz56~l}[Wv}veCJT`]oz~:@\'V:?O%cc18Bs]?`oy\\2]Xm>G\ZXRJ>55wAnkrS_:AYp~7h	5Vc\'<\0j\0zezW5\\k,b	v	e& )\'6341sJNkAWXKqxO*gvSQ -v4z\r5%tHE4,Wdt`ePU|vfv-\'j,\0H kaz*2[RfQR\nUPOf+z\"T-\Z}nWCuonb%`	g6jIYpZ` D$X(tU\0Q|Z~P)S=\rl0<Yd4\'00qpq\n8{wqLo0`,_\'8#0Da9`mq8Epr\0cM:A}FX|`HYss\'Pc`	r&f7c(\rZ,YD,318v\nga0;	0Dn0,0gkeYV\"G3lKYTYWsF\\r.3	xA%j%u\ZXE2|\Zk1F}:YUh/^g-#8Lq\')`pHQ&\'4q\0#A\0\r/\0,\0\0\0\0\0\0\01 !\"AQBa02#3q\0?kHEh(N&d^SPN(\\]2%5h]4m%Qi}JTA[EwJj{dK&tH=wbOsM(=LJJx\"E\\8Lg9neB$Jdco0,NR<fL{|EF2#cTt3]x:}\'UWh4e|Rk#Y#.b)2X&K?8mM#c0cHq\\;D{C|T\"w\r48L#tb\n%V1?:&md}8-NN\0#oOR,2Y,R[cFGs}J[itnlW:%i[be~J!^sqO\"1x#uc(me~L1z9[;3{%BdG?TQ:WzO+FIJ^*GK3N&UFL^o>I?k3`$h,-Z:hDDbN,_~U\Zm5.=,iE4d&tppFdG =MIB$mi	Srt?&KEg1\"Bi_r&Q	Z|QFOj\Z4F6a\\?_Mx1z2-%.[GqLy=QB6%\"b$5lKOUm#|M,Mx>5]E\0xGVK|\0c_|hz=Wk/C\0+\0\0\0\0\0\0\0\0! 1\"A2Q0aB#3q\0?i*P;jZmdo%{e5B}f0G`np\'7}\'WpJeWj?iUM=gkBTl*\rJhs^k#@!ip_\ZuL?TuMol*lvH^WP(2|z!tkVeiQ}!_rYl;k{+KCU^D\09^nNsJIU%Tj{CW]=:{I\'PbsW=M;VL 562l:!WoZ!EJ2\"\ruJkJk^odB-NaBH&S4l7.RmD!;GVB PM\ZJHsWJdbBxkF-tZ,g@c3A\'8LXBE;BTWHTUU>(!0ThT;T:6JiU15\0Wr<Y\">QAw;(qh}^QG?9A?$m9Be0,S&$oSN,a|smI*o1\0v(n)RB*T_6767Z\"{p\0YA\0kSPpiM/;3||Zm7m;<n(mj\09\0\0\0\0\0!1AQ \"2aq#0@r3BRbCPS\0\0?g\0_hah|h_Zxk6u5n\0i?%r{=kOB8=MUo\\>w\n\'`M3nd\0>\\`/`UV_ssp\0cU}|?e`X\"hX@)Upt)xI#TX,{Sy`T$ 6x0hWK	(`5cCdZ\\1wLvCRqW$\"b#Z9gSR)qv*j\r+0QFF#Y~Wf=VjZ7g Bxd.U\Z=.YgtiDeL rZBDf6\'\0a0\nJkS]N#VLh/( u3R&B0Od|&B}B+ se`\'fQED-XH\"abkPZ,vabwD&O*>D*5IXZ	%:Ib4j0N.OPF>pp;YZ;5|K9J&-3IT%[W*|Os4/yeVj6\\\'`%}<J~lW1B1L\'YU#DV\0Ni5Be_`-6r3N \Ze6Dk#_oh|D4z|#Dl(VOh.X}.15@?pXw-[\0p`/+I\nGsY.=,YUZvJk_,UkW=]!P_}J:%-wHNEW%B\"/N	=?E\0*\rA*OeS>)mjK}Ux\\UF5xqXf\'3\"}n&k]-[YZz,t&Kru%uA\r$(i\Z*>+7\ZPN]a_4\ZX\Z)+YTqAC%v\nn\nj\0VxCv\nM{80=dVP6xg<4&M1a&4	N_IN\n*7\r	9>VK>]UQ\'\n5ksv}w\0Xr;}QW5*~is>S5ePE/~OU*ldVD,MPx0,7W+V|TTRUSU\\UWQ]GuE]_Y(\"8IRnEICIX@EEXCavoN@/3\\V&\Z	s=Q%T	w&StX\\H(XSBf\'hWJ.(.\"u\\#d\']\\:,*jd\n79_L@qSaN\0).2P_bJEq:\"VN#J{u@U^?9 0E_VkEQM.6AR5SK3E5L;|\n~G\0+r7E DE*TF*QvGJLv\n&og]vR4HNS{h@D,BSM])US\\JBR2jRTO)	a	\'S@LR:We<{I	i:Q	L;:B?L<7$k\ZaSUBtDnn\07KsP8r@ c\re\"JcA7%lmD@<4F*U,N~G\ZnUT\Z5k%o(cS\\n(sM6P#{\'KN]\\(E10\\JzT$Zu%vFj\"*/niABg1q.`w 2q(&$F~E/\00p\'J;UY5g(P{epgNrGuP\'M`CIMlA`\"+>	e0+I9b.P0IAZc%2h\0h,WSog:J:@Tj>bdKk;m*(!U/UrJ3Vv #2!4\n4\Z5bNDJ\rCJNi9&{xt&M7FhJsL\08T`]%\ZVTL]AoU\0]9~.QBj@Y[Pn\r8w?,+Vv]N\'QU>h\ndy+QKY_UDx:wt,AF0BjF\0]tWH]kv@;f}U\0RwP]3u/Q>\0hSeYEt*.BplAg.;4@Y33R!Tu@P 88d7T^i0CsRLY*@DUVk5J\0^u<\n/>In\0(\0\0\0\0\0\0\0!1AQaq 0\0\0?!Wdk/~G?|S2L(?x;\n\0fxS*A?_PK7O2KG<O;IIf <*2@+Y1~Wsg{/N{*{D?*xEJeZ4b*mrT*eD\'JJka%5e>c1SKpb\0hKI*,)8*uOBpEr-Y^L#^jT\\<ExL	0^/x9VbPxE;<Aj%^\\ZN^3$D`sHrA\nt%T@V,h \"q`bSTH(92Du6nxpbO-gB\rm.G,M TUZ\"@++tT\"CH2\n!m\\?~	B!m\ny.Mq\0+01jbD	;0wv.+zVyd2xg28bzhJ}ZuP5Re\Z\nk]`w6=	IJbRTRoVj(_,;~\n`e%r|EDQ7M2SR-fZh%\nX-1cd#`sy`)EYbL)z\Z_W=#w9\0~?\nsU*(K XPQt!sofFA:7fwqY_`{dUUjbL<Gqm9`/Hei@2+C]0\'3u\n!%Cr\ri@Muwh\nu9 \Z=/kR\\a~re2Cb1TLQ9.qZq?\\j=hTK.`KWO#>/SqtLhlVgS)W!CBCY5-r\'kEwj~9o3_xFw\0=Kff	@Q+Va.\\?8>eLnfY*(Fp\n\"\'/!\"+VZk3!\Z~g~XDp*SBa\0PtV.!wAK_jf{\"Pt72x=#Q=/Wz/%9Mb\\2aqH5\ZrPX/Pv^ibN!O15q[LM78+\ZW}*KneMIr}uxC2mm@1#Ojfj0)vE!O&MmY!uwj6hP{z~%U	[ ] i#	e	ge%GhE*a\ro&c,Y>\0D/AoLXR#b=cY:J~5B~h?`x/\'Cj=;A+E03Z6\n?F|KK$E$n#EORsk){K\0[^ztRj:|SYw6\Z\n~\0qqW@o?{w(Fnx\'H Xa\nZ2,`?FXV3Oq\n;.@A\'b__E)aq.lfnYB?g Y0VP31\'\0<ms}Ik@r>C^\0@6caO1V!4q~uXn=p`*B?r$m1f8}R/KAaxufFu`2!@rD<EK|4eI._qg2E$=.a.3T(6Gx?\Zk$yFpT7SDr7u#gf7xh;\"VE6 3Kp\0~eRlgrB1t(\"l@U\"\"\"/d{J5hgye<b~#\Zjbi\nq1Ul\"@Ew`0B\\nTU}FRF.v,vJ@Ja0 _s%.51mm(KB!C%7	X\0bTF8 ]5%i..X$aZ<LVAbi9&Fsi@Fhic~V^7=qpbl0/afR)]x03T]{!\\0sV	VNk~\"Tdsa+dBGQeB (wkPW\Zrmw\"GPya\n}z!k{ \nj5i[\Z\\ }EABA<EsfUh~Ibq NEh:*\ZwHVZz,lmrySX/Xx.@zsQbD+?/S0lU^]BRa+,6\Z;ypnLNG|bxK:85}3QS\0wP*KcpKbrjM1Ew)4u(bFLolhe6\0c^G,-3\'n[~	\rz}Ac<NGYpsu\r*\\(-%)	\"\ny^sBApji^[`GV CG(w>`(f[6e{kPo`<A*>WJys!9#J}<L5|3(VLP[31 \Zif-\rfh_R V9Z%Odc#-\rJAT4,kBW[\nas0e*MgYCS?g\0r	8Q+>X73N>nY%=A2gDPr=qy*Fk$Mtw/l2*oAp\\OaH(Y7sPZ6M(VhaupS<x4qx@3<sx~\Zg&=^\0Q;%	llG\"ha	K0-P2(R*w	alfdcP.xY-/TJz%*R\r<Ly?Um|ydv_05\rW]$jYHo	L6Rtbynhi|slzf9VMiuJaBs=\"0{Ot\r5*XTba<8\0RxY3l5S+(q<7ZWi,H8n8 T]ba4{u7gdwm^5*neL/b1mNK]N&\'GToDYPAu>X-7_:YY^bbo3?scPne Hw\"R*i_H6mqyMPF5>aqu\090BaH(sh8n{<pg[j\"r\r\"eFf\0PLbJ4{=L`%+NTpe@+^}6Y\\/; ,\rP/S2N}?6d&\")K#~*|fz</%PsBA6u? U\r3	Vm%:Vj_u[7M&(\n;wCwWmM.Bk.%E3o3\0;\\^nWXeR	LR[.s-Q\ZZ\\Mq%]V#WU(P*veq\'jQ1\Zg0CYN\n\ru(jx0O5.e|R>JSW>X9z;0Lx\"9gmE/\"2G$w~owElgI\ZS@*\n0\\7BEs)\Z/2Z\\AyFQ43^gVsQ8q}Zl0%YA\0 -OT{fgJN%P\n/?D_eT(a/LR\".CqN%dz^Xc3z DNg\\,K?8|BD2=Fv}G`nY[Fc\"wn\\	[F^e^RSC3`}|KR\0\0NSxq69AZ~AT-uu.ZbmaQ[PsI	Vu*FMP1`n*U\\tc?TdK. sS)EcCY\\fZSW`dF0-@\r3n^-POQe\ni&w>n+W6Q~s	P<.x\n\rR< dwEGR&h12f%>F_s\r\'q>,yhJ5S.R72{aaQ~s*TX\\JWy!x0nBl6W[1L3Dq3D0 jBFt&bq88\0\0\0\0\0\0? xdPmO\ZK;\nIi&%B`\n0T(wU}NTw9]9 A`u_\rCV\r$0IVG%4lS\0r7j1>G,rInIcmp\"0O`T\0aG{B3\0b\\{]:q\\@OXmDO\Z6H6p+@rig~k\\57 io?ug7[3_yj\\zYZa!{7|xo1\nzR>O,,T\\NP%5Cvsc{bcH\"	,XT; !?,(;\Z3*se?.\0B/\0>\0\'\0\'\0\0\0\0\0\0!1AQaq \0?\'k|Flp]g^w1d	\'1;=o}-/HN\r@;;FmtCSX|wCns,mF~-\006*Cec I>PUtx@_I^a u)md2^y8\\P26!8z2e98wsknGewF	\".\ZrYL/]4M\"mgt`U!F\\C+jUGO=ehK^xw%/Ndr}3-?$03\'Xw2=Wov>r3e[dFo,A?jbBwa}7&{_j\r$4|76.,R58*N.N/H7Is-w>Wmnsa$<%9pu#1M,e{f\0[!8NXnJ\'/&7\'C\'3q`us\"Ny>sOX@a7\r7gf|`{Z\0J_e6I8n@f6t0ve}/0m1#=xc\\#Ra)ZVqNn\n76vyxv:\\81^]rlc{6,8pt|}6P.\\2I9Y$x%]Af\\p!wL,\0\0]\\O\\(G;\\\\HC17K5/V{cd\\Lw}G=c\0%\0\0\0\0\0\0\0!1AQaq \0?r%Z,o7	;1f#,dVxD96V-l },<Kt9x,9y,oRjas<\nWE@Oit@rpC;`%`g_i}Xd^2|~6e>^FMW@ji?peT~_Kb|67tR|1\0ql\"p`oq8{[g89Xbmz3r^>C OMqx^|u~s.?<)Oq?v%,eO=J,_ BXKcUpc.,Ydx\Z6\nw}pB/$\\\r``<;7#f@jB0$ObaH:_wnro@\n[l}qei,KZ{.y1wXe,}Ku$&[8,8xx7}xz_,[8nGXn\n3\"x6zX{urF[ex-!8c{):k1[QlM7s<oL^FWn>;/3s!gs<?<>Kr3~g09vg@l&]|8?v?C\0^_!Vu=V0sd*9!=[zORe}.a]gW<DOs\0\'\0\0\0\0\0\0!1AQaq \0\0?f@Vli`Q!pX\\[-0S>>Fd+:X}]>FJ\'k*hZlw\0D$s\0X@*0 B6xi}>_\\1>>[1\'0C\rWVbEi]V\0\\L>e/5\0-!=*!%( Ij0y0!={U\04;^w!1`skSOOX*SCNDvo\0&Z2	&!wplcw>>xwWySF.UJlr~:tU~?0sABMq5p>@a\n#:\"!pr[Ub[E7\Zn]WC^iM5i`WqI#*<_7#qiR_W\n#V#\\(I16~-\0;\\66+\'Dfmqh\Z(-W1}eXV[(mzw[5n5,L7K1E@\\\Z;n`jBq4`ql33[\0NgsW.#\0U>t+\rW@\0-*X&#IaP#R6	57}^\04cw,U{0SX1h}7\r+rfkwW8eMC~JhF,~ja>2==5.i5B5SVTo9Zfrp`:[>YlCP\0iTuldD!3R50UT3L-G=n\Z`Q{]{35pC\02:	<Eo\ZeL=1VcMMRlTe4\"\n:]gT&|N|KP;X1Yu\0D(WqH|u)fv8o\ZdF|9kJww\\\'+LQ\\`SesL]\0J1B\Z7hMFg\'s\\^A~*w	QnB\\*O`;2:pf;?^auw?2\"]\'i.Wgzos{TtT4EnUye&/	+{o*Y \r\r@e5#hV`_p\Z\\@^+Ru/0j\nD3Cf*dC`F_q#	l*K^#^T/_0P\'pS>R\"j9\nAb\\fQim0*n\\B+\\ll}1seYfdI#VTjx\0bY/X;H}xXFZK~\0W#+ FYacBN\'@kh$)U\'paE:n \0((ymiYuWIAD~\"@s|\0c%-}\0[D?yAy\ZK*5,p!.\\:Q98^\\a$-0e\Z68lHF&*P.r\"q\0Zq\n[kKMCNo>OS}yjGi}phx	juDme\0h\0x:u%LTnY1E\ZFbf9\rr<fovt6ywW&{MPd)e]0^/Fvv#_$2rBQ*UAb,F\r/?e4{\Zkg&scy>x`aH\0n(\0h,@\rK{[l_e[@8/%WuY9bmg2J5(s?[ATctT[U;%ciXapblQn\r\"H`\nZr8p&W	\nrrOAf<iElsPl@\ns_/[{t\00Cm\00r.QK2,*MYy\0\01Jdu6SM, \ZK:^!$:Ri\"%a.&m{=i$Kzh%bP\ngO4XETB\\p (EQ,*ei.blvC`%kR%SW+~xS$%q/^8AeemsfmE~dTV;x.%@-=.06iS`\\qLE^q)zQM[vGhSM`Fm%)(&1V\"0Z_*5\r.y@y;Y%]f}?b[p(\0n!D}UgU@=`[b-o[iw(@egRU`w=%I`]h@!k^ >r/[T;aX\rbj<~v*O;KE];?*Xp[hSY\r6]IcVr(CCef\n)l!azP\"Ri/\ni\0gEeW\r\\\rPpA\0yF`spJS(T4*9uQ@aSCNa@,y%?+.0%J*Sp6TEv\\E(c\\>QDWhS|_~[9~\Z#,e)4Q/\0.\\oei\Z1.-8\\@-e (Qa~iKGyfPAM_B|A.,gy#\0gQ~BW~1(4R=fpU++(X3!-=-Y0>>(@\0._enu7AsV@Y9tbY+G~BRAwK%b6s?&kK.\0!B\nq()HvmM$p_\ZMT\\r\0.\\y\0&p`6f>b`x}3\"aDD<`xE+1t\n171N\\r\0\r:wn0yecqk8s\Zj}HWe%(cPqc}B.\0p~68	tT\rrP,UbZTXYBR2DZc-.R:vMzt%`,l_83hwv.0O)KAF1\06G=\0Fxkk,RXDB,V!t\"wt^Tf%mr_y`[iJH@UQ!zLKdzuW,b\nJl^ZoK,\n!<Noi(W=b\"v[O0\"|\07\0BVkqm\nYHF&[TRk\0eDQJNuSzR5e0exVZh2O\r1v=#d(<sn)ywyW:~%do8w[|&dBfMH;J;o=,K\rAbsP<Xg!x~ dlD<u/dPk7e# [}`\0.IP0\\\nMQ<.oHg-Yc2,]0I/&!A|I+c\"F&*T|	|K C	7|vt9@!M1@Us\0q<;b\n%.uA3Z0DH``WyEa\"%tEUF0QL>_iv\n=/	_`_79GXa#ZZff3j+73CH-Smq{A2YOw2+u-.PUC]SSJ/i\0\0+TT@&WuT,:g b*u#<k\rYebq\0U<@B&\0f%,vtwu5\ZwW02ypH+7V@X-4Y]/2QUVJMfLdrUD(S2Y1S}$e	G8)4Pg,E+6viX#5n(R4MTcK^hyOPSheW{%wGH(>\"nt+Yy-[;aa}%\rf%>,Bih=^ <:6bX`#@Srg#L(\0hP;zb\'s\0z0[ey`M%=\rUd]+\rE4:s@nLH>#NXVeS3oX3[w{u\\_R<B5by^j4`8njX=Ip|T0m%bR+a2.3o,2%\rHg8w}q}UhZf&\0\0+Hd\r<@C63Jo,e7kJF*]cP(gL?\'0,lwO\ZR-\ZWH^$-\nUC9 ^	&T`56%zLw+8(Y^bmNXzctAKvh\Z\n/70 WvBUAH5cYjlj	v7(U;t1*sZTL@YYA@BsPh5u\0lkexnqFX\\MS[e3c\':ZNVhsRZg\0$L5QK,\\=U+;^S	7bh^5hz%zAW\0l\".]\0Q(,\'^0\"\n]UFJ9r!5/Gp`z\rY\"}*7L]96Tr\")]r\Z!KPJ\rnfixn\"6u*i\ne%G d&,oH*@ogg`m,ob5|;B`^f(\0V0/\'e^+\ZE?9@^\rtu\0Rc\0out2zSOF6k\'m>V2Zg,d193c1>9Tl/msWE=S9:I\nZwP;e2$JVe>\n\ZLW1loYG\\\rcPe+.U\'b k\n4-jV5}\0t:8Y|hc9S	bQAKayPM Sx\0Y%$SQ.XQvtTyX+o*FJ:^Bx6\0x;2&Rj6_v.AeMUPcH\"4e8\Zh;cbD\Z|v\"iA}7&`BZ?R5b+A\"+X~KdFF|5iy\0P+QAk}\060$[0*b<C\\NB]u|`WeCw0o.mX)Q$j]]MsGEu_:SB,:4pg,\'?R<>!W\\@\ZFX;\"\"[RM) cJ1]#Pk\\vamTLav4B],QuLbVJ//4C)EXA\nAhf|?M|[Ik-$\\TsS *lG.ZVZ9:N`f%J5~}bY\0q)\Z!^HZJT\"+U`ENfy+1_|NM?<\n;b	Rji._=!\"\Z$xWv+)EIrpJqr%\0ep*2\0q!f3nF~L/AZI1Jsk#=i(\ZU)g\'3KRhj(H&)}?P0o#.v9U\rzBe2s~y`/=b:|C1g@d\'>!mKD,Ah#u*KB x:znziXehpGUhX\"RC^C~sH~bm&4NKP4{2%\r1t+e\n\0{B\"i(~/SMUT48fu.\n&fH`*oIS qL\ZeJaIgr1T)VD!EcA.b3f=~\Z|-o%\\g\nW1\r[jQZJ+V)M*%R27u0KF@oC!_(e$VJn `iC6]{\0n(_-|\0TpvW(V,Sz_K/F@\'[,e)\rfWm0;*PWi{_(A\'#\n|XPZ<\'@$adQIQZXeE%2\nz8f>$-vXD}!Sj[iY@{ER]E\n0UO\'DF45tH;=e6^[{Fk.=bJsGTf\rN2.]*+L8t\"}\\D!jL]G@%kXY\Zd<EJ:T&L\Z;fQY\'1oUJ<%-B\\0dR)Zb-q56wA]jD\'\0K.}F\'*\\\\+&:($-2V\"p`MTlW0:\rm=g)A:M,Pb!A#\\9)\nH2Z A(b:|a&FV\Z_=^8.,\ZIY#WU[R J_M@8EV_&5Z+zxvO\nV{NJ\0ll*;)_GPXH`{\nVjr\ZJ28YEFz1&\nS#p]}=@$[r?pJP5D>q$*.Llr\r\n= +0*L\n,&\n\0/lBwH<\rCv@,/VPe||D\rG\ZP`FYfU9KAVZ\Zp7\ZmsRkTh<v,-Z\r.btpAMy/4EnPTiG<%]w4qu{a7j\Z\ZB\n?W]@_b2G\n+CKv1f\rT,8B\0Z	jhtzB*QiE%su\ZX-~z_\ra|\Z\rG`bv-a/}|rQc\"`bA-`3@/#I*L\04]g&^5By\Z{kP/<>Z	Z13\r\0EP\"%\"-,Bdu-n*cqy<#pEoe\ZkpX$TB}T\0;K-M5,b(+QmThn)m=km+`~YfS2`-Un3igP\Z]_iQwa%TB\05\ri\nl{L\no2\nKy[7\ZO%P\\\n\0[/H)^K@D^JkB\"(ox;\ZvV:Cf,(*:M=!lX4xie\rs;cU`8LHR\"i\rT\\mk\ZHg1hkZJq0Ai\rcp\nPlSiu)sQc}/500Z5]	D7quX:!(S+A+\'T|tBY`qpm&@rTQU\0UW6ht.BH*Xpn\nm@Qn`T*\Z\"ae,\nhAV}zb&^YjQDr^o\\*[EvllK,Ze\nUlo<nvAH@ej\rxs3\Z=Q\0;W\Z.yY^+dK}HK<Ly^a`%aJ.H2^l\\AmZc#4B4XPF\"<vD(0b L\\\rtBo1`j&5``s<v#]\'l7d\0|`7`%_I;3 +So6\"DAl`x&L3'),(4,'Scream','Una nueva entrega de la franquicia de terror Scream seguir a una mujer que regresa a su ciudad natal para tratar de averiguar quin ha estado cometiendo una serie de crmenes viciosos.','13 Ene 2022','Terror','Wes Craven','\0JFIF\0\0\0\0\0\0\0C\0\n\n\n\n\r\r#%$\"\"!&+7/&)4)!\"0A149;>>>%.DIC<H7=>;\0C\n\r;(\"(;;;;;;;;;;;;;;;;;;;;;;;;;;;;;;;;;;;;;;;;;;;;;;;;;;\0,\"\0\0\0\0\0\0\0\0\0\0\0\0\0\0\0\0\0\0\0\0\0\0\0\0\0\0\0\0\0\0\0\0$^A:4:]8vg3>+d*^\\@JE\'e`M\0\0\0\'s7d]\\&a|<y,ek|sR	RR\0\0\0MKm-x*vt0nsr9I	\'	IQP\0\0\0@	IFI}WbLcU##	,\058M*@\ZP\0\0\0\0\"\0.?_X:<q`4!T`P\0`C\0\0vB|f.My&(\0\r0C@DdIR\Z` \0\nviE/\0\0\0hjh&Q(\n&B\ZQ[u7\\1\0\0\0\0!\Z]TA\nmkw FMzR\Z \0E6Q\r\03FrP+F5\"%\0%kt5kSb\r:Y^viI9y:yeJh%vW4\n\"Zdz*@4*kYkh,L0.geCM@6uy0%q++$JiL5My^=.P%(\'vc}V6V	:k;nBdkI*9E:`Y6hM5n<\nU,fBLi|*PVM&I\"wc\nPm9:k%rf>s3o\Z:,\'*EaY(1t~:iD^t$NVX,:F,55$se*>s%%Vv	PSaNU2$8\\ht=,.:;pzN-]|b}-ycau8;k=|1N^\"T&Lep+3}&zQ\\4mZgX\rMto<sn2<}\0\n\0V/|#)z+j6\ns\\c]YU%f8eqnQf(Y_.Ye%(N	XL);]j-\nPu%8W=\nVn.#2I9U;4rr77mzn*6NNzf,j:)g	dmES\"4NQ.nrB]W4f45AN<obYH3Qu&81J+W%slkeKv4;%i~{9{]sZhIITJYLTY{#3gP[rq3vC7RRRdRUBD1S;8NS<)v);}W/|_e7\ZL(V\r<@\0qS=7t=\rYX+xq;-z\'k;vh\Zj\"D	@\0n2D	(SM%UE\0EJ4\0\0\0#(qe9e,+h3bmJ\07\0jL`\n\0\0\0\0\0@\0\0\0\0 \0\0(m@\0-\0\0\0\0\0\0! 1\"0A2@P3#4BC\0\0`\n6u2Iy,Bd$\0CPW-\"ZYyp)d=	FG&[54hL 17+4]{\ZB2$/;E#>viDWp&o5\\r\0;&zb(=q(S(F\rLiJy}&IMnF1@R7\0Bg)?G\0@JS4N^R?@wO\nn}|`&HH?%wjLHTZD|Nj/XL$f;1s_i0s|nJ&m/i/kOf|\'q]KF\\NM(<1:.P#moXdcQ-w0{n#+>&;	^h\')-wI9D{x9R%BdTR\rTg,;0ZBTik\'\"\ry)Qc\0tS>T4Q*_yPi)._c*a8Xl<_C51jX>=5N\Z$\Z<BlDG>TvMMDjN33\r\'{$)(V-(mDhIikm\"q$c/\0$_A	Z##F\':I\06;_oYDcm@In\n9$\ZU(0qMI$#Q=H\ZiBMYK\0.7HE4X1cuM\rFxs.<\0%{SE8)9^%4R6Z<872;5*FtiYAfo&ejju 6fNH?;78j	9b]qx}CkHw;S\ZLx@VJ Q74rN_U.~N9rE}QZ;ZjAIh\ZYdcvWJO\ZM\0.8wVjTXV+J\'w5*;)RJ*BKf|tV*25Bh1qg|RPm\rVvES^Y+U&BS5gtI-V+eYTh6**aPHr,\';\\xTJk5bjMiz+^x%`\\TR`Lo`m @XbB\"cJ%Y,K5n[Q#0#P]KajTRO*f%9V%bSAq1)N6mbU{Cmyw*\0^Yg66YL4iQFI9g`SC6Wm<9Lcs*T=#ks:V7]*fV-!z\'gWo>V#?Nd20zpkdmk%ey_+K&r7CWP;[:E\0WQa	:=VC5&3i].j-&M{u:5OG@]k]@U&\rx&Ra.gu<TzGgObtH@W9]hl*jBnM\0C+f,XI{T7V\0?\0%\0\0\0\0\0\0\0\0\0\0 !01@A2PQ\0?u	K4+4L{STE^^h+Ho,CqbYc?-6fI&\0o_.mA8TBBEF]<vnA	S$pA+	7\n3qgi<{/4h}:\rn&n|>\nvC+4#*?)6\0\0!\0\0\0\0\0\0\0\0\0\00 !@PA1`\0?&M$tB597EiQm~RGJq,B=#E#( 62*?iB+pKz..$PJ.[\04\0\0\0\0\0\0\0!1 \"0@AQa2qP#3BRr`bp\0\0?ug\n~zN\n{eqr9;%x\'bT5Ma<qR~RrS?*O]UUy<$B\'\\Jd]!Lp~@\"|#%%DMeM^]y-\'\0=S2S*c+mYxs)Q{*X S#O\\+T^s_\ns\nQ\ns=Vu)USJ:-]\'8J\0#| *P\\uqPUlnEUJt:$%P-?n>3J1iN.NP6>4G-	=L-MAU=hi4K	DcQ(~*3#;IO]8+xHZZk9XW*5w/U*Xe\Z\Z>[S)<r;QJS~3M|v\\B3\Z{HEW q!ij~POLV_|5;2Wq)|)u={*B6hAlE\Z:qnsq[#rOMu< xSv0X\\nJ+TT2:-,2aknWQ^I*rG_3)GOetkd<mo-C\'V.i#	Z1\ZZ{j7_$ap P2A*r$)?)vXc8N,7me04HpnDo6:6(>(&MJ!9?D-htM&[25\n_~?lC=df,\nv)T	4z{B4qX2X}a2|i9SqbGtX-{&c=^jFw\rit]7`hG\0MEA&kt)@.3qnxCx3Ytm,iVQ^6.UW\0jnF>\0\'\0\0\0\0\0\0!1AQa q0@\0\0?![+mea6*;AO	EJ\"|Lvff>[T7u<Uf!_Q| .T~-fG>\Z<1qEt%@y22InRNZeSMAk+aX+O(q7J~*\0\0\'*xNs{5e\Zz(&YGOoT\Zc:8Is#ne)q17d?\n\r1#/&-JwuxwQ\0\nL~NMs\0Sq7\Z^v\'/5+L2sg\nV{I?>[x0LB4\ZZA_\0X0W,]\Z~,|\rz)\'*F4U/zb?!Ou+kLB)s8O97h.aeY#*j!AxEAln>6BVGga)\'*<jW_MaMuf?6-QF\rc\n|9	Mx\'\\2TQ;_\Z!v\'yHQ+s5b.are0(\\Tt-?&nV$O\"TQ_ISc/nMp>3R\0i.f|C-?U:|iJ71T;\\\"P.w]70FQ\'_Q_ev~\n#W2hG\'NK_q+}A[)2X|jF\09 %d%8!!u\0sEZ	SGG.p2)W\Zi\\EiZ\0d\"IKR\"b_=|W[sy*r)8Y[|2Za#dk\rA/YqVKB5)U\r>i%HP7o*p\Z-z0+$kR@2MuS@\ZEF=-W\ZKXAP,iSczCR$cVe5h\0\nqA\0R 9P3[{RP,A3>.n-pLyYn1d .1\Z@5COSJ	b, n}%$d;aU&>2iQ1\ru*1YV`|\\JkpB4+*d5[v!kUgs8m\r1osB5\nO;nZ\'ThPW;YT]l~9uq:nwaoF@Z-n,acp(*.PwpHHGpaweaP\\c.S\'\\5EE[,P;g 55U5dSASu\rs\nC_>06}3\r~aB,ab9Q:k\0y%/z\"Xa|JZ=&Z@_pP{`3}J\"|2z%w59W#R0\'+`a)~\\Hp\r$Vj3[CqSnTRJZez9ef^6.bh^ZN\rfQ,\02GvwE#!9K\rG8u\Z611v,\Z=LR\'\r\0!g1q(F\ZXIWR#\nmX#BwQbdaBud{\".\"{o=Y?Q\r=K\0>	0!\0\0\Z%NR$Yo`\0R1<:N4CTgtGnq*_qE/A-Q.NOv\n4h01i% N\'n\0bk	PKp\0s&3w/?hCQ%m	ph2AUF&w8{F(N&mQ\r\n%b86jks<y.+k]s3p.R:sNcmfNjaLt%\rBki32.7`N+11pG{8wL<,PR(tGNnL[y=@q8D}`Jfa+,v4	h..F\\s^$32Rqbx\0<Kc5J.A!jS\rq)I\\A,Tq<)9Fiky|TQ/Wzxp<lZ@1&ZGVJ`[w\nA0_[*p&\rD35#ehwfk..,51=,^B5i=F<f4)D0t{Ov0}b_M@\nO/1\0F?w@`rigy0cj\0)5Mzsa\0#G\n(J	apn~[Hk1:#=f:0DTiUMg4N\0i8vq4H%k|\09>CPrRZ}%n b\"	3oXQb\"\Z=B:M\0]EmF=%x(e.KuSU)\"J,:N7pU6Ub^Q/SDB\riCg[&\0 1W\0D7fJ^Z>>[\0,.I]J:u(QGRJ:u(J:J:u(u(QDQQ(u(QGRJe(\0\0\0\0\0\0|~r^H\0\0/\0:Vw\0\0	,\0\0\0Hy\nvHv\0qSADbIC@VPxD!ArMRU}o9I|6s5m\'?!\0me\'\\Rt5Gu$OpH*j Mjq(hr\"=YDcWwHu-S\\W~\03z}\0WdZE2qg!!xf>j7\niN,f:V!Q1>:4k p@D\0^SA6Ak\"UO [B &Pp{\'v}bY0lS@rX*ms\\\0\0G-7tV.\0\0\0?\0\rq\0\0%\0\0\0\0\0\0\0\0! 1AQ0aq@\0?klh]ce>ljclxnY?8267|$=~x|X_VmQr]\nw13#S}rzYeK)oNa=#?le\'95ate]#/vAClC%rZo\reAgWyMA+=Hs4:b-8\\(7;u`X-I[?1uu0dgd>%!=Ar}Ne1ZZF6]OSFGG~	5=GoV1{;Nb\Zw,mpI[s#=H[.!p=T6/@u	R\0~qf\0V`x>z\Zd\0rYe\0\0\0\0\0\0\0\0\0\0\0! 1A0Q@a\0?2AR3Fnka)<BL|THkC&DP&5G)_}ps^/8b|PD:	rKQ	egEcr&a\ZI\"8_.dWIR!352o\\%$-\Zhj\Z1mQ	GlA	h-f210K\re1Cw(FZcgcESJlLJ\rMMH&vxxE+ext.\ZJhX\\stj\"((9M~Gxl7N+\0(\0\0\0\0\0\0!1AQaq 0\0\0?pUO%t)Ra<2kL{bA}.-e4-nBsct*ca()/-XP0`F\n|.QXG\n=:[Ws\"}jcaiy8{\"81uL?0`m4Jc&T4lGm&c4#\0.X=.a\0IljhA{W(6x\\%<p1=p+LJkW/2w/Ed+24p1\Znf@A~PYqQ\nr3[=;_H\0mtX\rRO4)x?:_Q7\"n%\ZffJI]F@D`tl=1*T#,	RV &\'l(U\nX4BBWQ\"MDzT_X\n8^\n|TE^b\"yX(\"JRjJ+VJWSoiD*TP *WL`39\'D\0$$IRJ4[Uez\rGy$PA=}4&+i\0/HG(t}o\r&\0oh@aj_2cjXA0>c/qL6F#`1&\"FW/uSVG3xE1{rYt2j)e+\0_<FFi;`TQAT;`p\rq>PrJ1nRBEW1K\Z\"%j^oq\"Bix.%e-2jC`Y`\\B,A]yGr22C4MA\"dJV?]!V -s<1\0C,qX!)J@G\'Pb5!>QmGUeq7J\niWGSJYj+@te`3qR\\BO)RW{\"\'	P0,75pFM7	s0<~WzhXgR<A`\"wU_1rn#q\00-0hW@%n*Zk%srL5+m\n\0^\0]$x.\\[Qp0aCRMm1L\\342,W]BQ,bGqQA6P,\npX{\"n:Wh{%9}id Te)N UbzaC,lyy)wq:)<BiBVnIm>tZph(,}KS:\0ejj<Yb\Zl)K<1W\\Ub^EG0rl}M0,X\n/oaX-w\\#\Zh`vb$Baa3&U1`Snd20\\(ZJ),TN=Ik\"IRU+G+*P$\\U~eD.rE;x\'qQr`7%A/5w+@U\riXG7&E3#\rJk1w!7S+n4Qj{EB<wY	\0`;55~B\'3q<\ZZeLp`*\"#`9	7{Ky*6P\Z1c8eQm+0dZ$ZkTJ|_WUm<-OQ8bT0E\'g_/\"8\'>*_K{\n\001AK~j8!r\ZBQB9\'u\Z\r05h.G\0Y\0@1\05MR;\"#b6bPk~g!dL)y~{%6xaHbfUT,[L*$uOpZ%Vg=Db!DA\rc\\y\nu(/`\Zw\"\\O	+nH\Z\"u<l/]\n)]Y:?/&\"y?eZd`HlT\r	qtlP]*?F&C:Jj^C2BGBc\rLr\\Zi9PhtJ-\\i]QGqkxb\rF;\0`19CAqr4%:GpW160V11-8[^&do01Zz!6o*\\HcLFgX@_$*%Bf\03|86gA\rLrKU\\9@#Xz0.&$ K7W^xOaZ\\Z.=),fyVuUh6A0U2\"=b2D0	~2SI[qN?mIm3b.j=XO[KJ-srY3xh>\\8::&\0\0P-}lbE9D9/`+\0w<pv`\0o&|Ep4]jou^=2Rz@\n<\0bYoxR[h[	o6O=|`%PG\n\nS/k,=AaiU!VGxF\0!n61r\ro=L!i[,eFuaiPmQPLN,=k~A,h-pM(V]!Yq-^M>UH(\0;;<K/*<-tR7[`eS F\Z\"2pB]d!#4LT&_r+w+(-D.h@qU@*Nj({^E3Uf+{x/N#rwSGXk:.5IGf&N|%D4go~\"= \nHT	Pp\rVv%Tv3A42\'Yk\nj\ZUbw\n~S\"EW!I\r9 q4Q&f);B[5\\xF{U8+jF`agOw\0.T[<Z\ZK\\\\<bS	p<>B1E/[]1jp/5\nnX VNCF-M>57^e@Qq29oI\r}02\"|r6.b&Kpj)U\r*R*N%jV1i3WDS^-(hZ})k19 1PK\"D?	MGj<~X?/`\0P#G3KF*E!m\nO8$+fkG0s*X9kk.DX]<PVxBX\"N{}5zeO4f:T\Zw+t+~t*,bq-tS8l_=H]WSn\ZK1_UF\rgFq\'^cAX7\0NU_>`;\0L-T-{\"_F_2\Z\"rQ^i&yO!,;Mn1#c62e;b8e*#gYs0\Z!1\0H[K;IWF4@Km tt1fs\0*00]Kmf. mB*}QE:2\r\06[Z85V(y7z@A0\"9JZ&B-=>Pfg7Z!v=\r{I%(<@8\'i\0%bKb:OMV\0*Sdy* Mb\\`%<Vpn@f)\0QT\"`<7e%\npfYV\\nnoe|\rsxSl\n^tEBo\0-HETMZ#RM*P\n\0I2 ^[*\naXjmt4B0L]~l{V&\ZG\rcUZPZbA}d21 @DsTGnv6H@>>>|T<.eVCiJ+LEd.%\0/io*vpvu4/oQb\nj~]Q`_e8krGe?RZ7h(R*GW_r\0%L^euJ50b/YV?qSZOg0;QZE*\n-LOrC^~?HH\n)2yj.|\rBb8zcELp#q.T A5M\0[r*>	m-6p<PRP6_)$,-4)B\n*{c~\0fBw\'?@?gzog_sZ~Q%=Q<4_iR}\n~4&MX@(u\0,Gbya	*W{id~\0PR|$~!9e\"q3qDUg=u\"S$LO\ZWU1|k\"=4\0WrKZPT[\rWn.KF^//.bVs?S#L[ek=\0PVK_Lr`=\ra~=03Q:A*gf=rz\n\0zH>r:XM\rxR7/5x*GV/^=\\b{	p(+6\nsx\0Q\Z\0PW_e\0\0 \\yq\0SGGh#.1kQWA~y\0A xS><}O`xSS&P}L>G}G070h=Gz>2i<}OxSPg?'),(5,'Spiderman','Por primera vez en la historia cinematogrfica de Spider- Man, nuestro amistoso hroe y vecino es desenmascarado, y ya no puede separar su vida normal de los altos riesgos de ser un sper hroe. ','16 Dic 2021','Ciencia Ficcion,Comics','Marvel Studios','\0JFIF\0\0\0\0\0\0\0C\0\n\n\n\n\r\r#%$\"\"!&+7/&)4)!\"0A149;>>>%.DIC<H7=>;\0C\n\r;(\"(;;;;;;;;;;;;;;;;;;;;;;;;;;;;;;;;;;;;;;;;;;;;;;;;;;\0,\"\0\0\0\0\0\0\0\0\0\0\0\0\0\0\0\0\0\0\0\0\0\0\0\0\0\0\0\0\0\0\0\0\0l7\'!.u^viv0ZLR2h{_A8 ]!2#e\rT7D*Hk|aPE<5O=/1lU./jgp6f+2ukL\\1O\\98^\n}\no]*\r=MJi|EN5	(RWC\0Bs:@~##%}7`e-m-uy<?X~?MuvOSj;<9k\"hK-4V:]JYvv>W8>9[}4H]HDkZEu>h3OV%?W_tV2zQ{ZdkIQNdCc[I/)$	F7:-HvT/yE.=uo3&9 $I I I @g1|pyRMHovxI{vNS0I/-+/K|2H)$	$v@\n#k B-Nd.|nK4.rm$&\Z|-TU$`k[MO.5v\ZU-OntycLuB^$dDQ|+tv;4I4xs$KLi	!KXr5BSS];[<<Zoi\'VJNz2I<`Vgsmmrf9eZKAeK<sTyD0G.^:L=wI!`V	aa2h\Z?,m\\(NM9kIm<o6U}1-)\ZR]G\\xvIMy^hBgqs8#yF4\'fU+at/0|}9=J,h4d3z$Oe`w.&h9e+-[3Qrs5Z<_c9=eVf	z`|Uig;T:sK4B^r={0nK,;yq2z5HH]W>YE}MFbTW/n98cej3]2bco\r@cT!e>wJ@_izI9Fblrm\\\\C2$C7=ky\"6!@yIAf}Y4*M9kXeH\\;4Zj\'-20F49w],~t*)037myOD\Zq-Wk{R%,N^42(-f>xd#V6q0-0\\53?=JR\ZC3\r:N3;`)zt9czOE<Bve%7H:\\A	rh~gH=2\Z2wt{vr|O^\'q\\V#w.YJTzkXo7r;%Ivz5yJI ]Yk:1eqGIVk/,8PIcn><JfR\ZM$t,P0(qRI\Z\0LuW&a @4yLoY	W1i#07fUykCNsmAVF,\\C\n:342%l5jI~W5l~[QX(\r%oPy4yvq2Li34;$HIp%;!~{PqYRil <gk:qb4z\0@50|	$	$	$	$	$J[~Li9K](C]h$	$	$	$	$	$	$	$	$	$	$D9 I#$$\'dG$@\0.\0\0\0\0\0!\" 1#02A$34@BCP\0\0^.aqFm@8U<`$[;Z=\Z\\r$r[cw$yfv:|Pb\r0eXk\"\0\ZE;2bOp_\Z_eW26@Aq(.\rhR_gN=(m7,DC]Xf\nkc4U=?IZ`g=h+Pt@0U*jOi)0d{|-%QV=mci\'8#wb;dFo54{lV,\ZmM{}V;i%1JkJ1a \02f+hLaA#@{H<^\n21E[5\'}(c5|\'d\r<Ce1;\rXUJSi#y)e(V(V3^\0-wAlrKU-4L\r}l{z0\ZV!XUeq6#jx#|ZXQ;K_Gw\\rJ%JHnV	)m!Ivj\\DO{.\'\0.}[jlmS&N!HiD+3l\nX^[cwoF\"9H|{II5Hy\"G5\"m&k&XG[g?)b;l(?iJRI?FZoI.<BxI^?>1U+YlZZ@[3O<kkRP,\"K,E_^hWsRQb?	[X9ZD/+*S6H#V\"Ei. w,sqM	2f@i5]lFv$Yc32JlU[F|$u^6f`%JU^)A*QO#2AiORfiIay=5BN7O+N,%i7[C8q34`Z\\L_s\ZJJ{fQ7S~\\_j)bn-.3G-d\0*\"c>WaC%[>_,KYVnEYolJGIF\nWoR1b~;o&ElA?VwGt\"Tfv7Y	vhxHS+jSB[u,\n6WDG-Pxw+LQ0#\\~V{\n@A.8z)= 	HldLPFO\"xRN9+0=/Q1ej#&`wV1A`-K.*VIc\'JzjHn\n(5\0Ul@T}Vklh!V/Zf5mw,xk)npv4cG>k\Z?y+r\Zo!d+FZl[F=aeJYUJ+QN|=W3X$3R>)X-6GoF\Zvi4y(.:d{Q\'..7&[NA==6\':QlSO+<R8F>m5d\0}o%1[k^j8\'+2|L\ZdEcJhy\"Y3sYLDh[\\\n{)7^l/ncHj=\"!$2J9l)lJsM\0\Z(h^AN_}47Gj^wNOnsAMh%*oA=UX+_tY+\ZIL@QjH.\nK$|\\v-zR_F0hHqRL#Q4!3]I&dm @\0KTs=JpnKINJ4\0i!KRC^sI&Bo[kkZF_knkeC[)O}?TD)+m{8G,YvP2y\\6Rjj)Z9#,x{<!hT89.\"(5%+*mWW\0a:hcWP(0eE,M?i$^7c|V6#x==4|rB}#DJP$F?{:q^q6GY\nsZ@r,`[xE?HtmPl?z{UndG&1MD\\U\rC5	aM1MR\Z(U\rI\r\"I?*_vQ\\y<nVTQ\",qAu3/y)BxdXV=drAU3ujV2hIa;U\01DZZqkK<1A8N9lU>\0sA	xS9co*nF[Wf2vhZxcD>v9c*F 4P;1\'dR[cmzM6:Xgnkj\"J:S;9vDT,0U=(G3`Fh\'ixY-CV1m,{=co1\rLE/e:[.k.Xd~wL\rR@bEgXyV@8MD6%mb\\<,Z{p*Ji+ZkP\r?g&LJ\r?vjkL&Lr>EQK\"TKL6cv@W=8{j{k$rY!]itPy*%r&|dje\\4*dTVH\r6M%L(LZ*b~|[\0) ,Z>\Z}^th3Y@GoO	IycV!f^qxbsJ)?Z6uc9j?!gTi\\dP(\n%Rc>X[epy#&[w=V1Z]PZHZjY	4Lz/fi_yz\"`*oLcknR[.!(Z?hxJ}w%kV)dncV;blEif}4MgzG*(z[i\0W\\06O86yj\"lAXk^ieA71Geh8;=9CZ[=	y~1y\0\'1\"iWJ2$f!!H~	Sa_X\"{a:\0\0&y_gv4&mS$3+l,>g?F5CL\ZhCyD	-g{,meA6yP{,L?Lg$W\"s$8Ac\0\0(\0\0\0\0\0\0\0!1 \"0A2Qaq3P\0?V-bv-S1F;IZiZFT`2LPLrly*Vm6\"m^|0KlL68vEJ](W_g[\\#:DeN|{D\\~tr-[MX^wE5l\\!2$jcIKFrjQgacGI\"11Oe=\\\nVzATq2>=^}yg.Y(IiyzE[Hq2^L9C\ny[vf,eO\"yCFmD>v*c+ficR?JM	wvm\"|McI~tC\'\0M]	JtH\rpBne[2g[\'\nv}E3&M\Z\"13,yp+I0G/bDqY(l|##4[0\0IW\"n/P5Gq_$tEH7+&b\\\r#4KC{?bX(Q1vEpF1]T>\ZD`dl*q\\}S&F4i\\Q	/mD.IKtL;k\"mt6ehKx!BZRz-,2\"Oz_?\0\'\0\0\0\0\0\0\0\0!1 AQ\"02aq@\0?ubb%t<Y&FgN##OVL[E$$n%p5esG6WoEsGLK	w-_tIe$Q\0%sx_!~rxRL)DDEnoQ%L.tI#g\\2 k\nP-c>Xx\\+\"8j(Rae%t9*DQ=u\'\\K\r,KB6%r}9jXXY)nd\'FQC=Lpn7,&1mpE9tK\0DU*%)|5t]_\'I_TJIa?2rMzeb;=p~HZ;d&VE4\Z^\"iDxFW\"wf3sf$G}6f*Fr^)_DzvSV[4bk|g>xNO*R4$4\Zd#dqd57xO!FVk:*H#m,O,Xl$Q?D*(eS#2d(x!\n\"BGFi_O_\0>\0\0\0\0\0!1A\"Qa 02q#3BRbr4@C`\0\0?<~z,#]]DO%}\0e ]|TAPCRyG% OEK?~Qiul\0n4:CP|N.u\\\\+T1Se2\Z[:)y`02q|>/-GEXw)\0QU3^0rtw+.,Pu!t_e4,2gZ,Is\rHd]VeV\'Fd_Z9 ~i=iG.\"3Zu9(1D{\"<7>(APqEB{;I<Kz{;W5@u\"LMD]2U-/t4(JP8GE+7UDod)\n4\\BKSj)\\.$-\0NWE $h@yyeW91GI6Q2F<5|P/xx j/]Bkl@ P@r*d)Ep0q<6\'2DL#KP~R\0JQ~,z,OoEk4~UB 	~Sp)\\1J}ZVz#Fj=0irdi\0BT;SCXm@SWlqxZwhn\Z6DPkRP\'bgzX:qMuK}:->hXHLuViBI	n2@M1 68;w-;n*Gy)h ?Nx-w5qljyA;Ur>ekbkF\\^t8v+![eCo:.2eve[r	\ZLS.wUlQN\nhyUVkc0 \"61\Z|SEgEEqu\\*?Jy(qp0Vb)k\'hT;M^1perXlR\0eLB{KpuSpXw*y;7N|16NHT}8ky\0_zov@AAU!Y#SfV\n=r[qGreHautC+Et4(d0kjTT\0s.\0\n(ou#s:T\ryAR#~G@G!\ZAv9uRx`5S.LNOm5e\"Nc>R\"CdAI*Y/7fRw=nP*SW\0&==Pe\Z@^q}&[+#Sd*9-rP5Bjbu.-^\rcw0[GF!\n|jQf*_qqGUiu/7Q:js(jyZ5Fj4UpDq5vTJ%Zwj/@K|RJsd\04G?u-r5m6+IsSX_{gVr5PJhmqc:EVnFs#rev{CU[0x`xm%Rb5h I16@FT(r8cnh1\\ji7\\wd2t%J{sueB3WA{n/8Jku*2:EX|f>y8m!C[ORnn=*^q\\!v~<,LA;)KE^m3[d4RBiVxlya(;Gn`]OvFtL/)L=QV=\'&W_L9!=\'#<#n\'*%nAsy\rcl&C%lNJTN\Zio`.Yh)U:)vll1\ZJ-~ee\r3Be8sEe3*Um7(5P\rweEsP:/NXL9P4_-4r?Jr?<m7~`. 6BkRoWEnQnprf7Q<Zj@)\\:WD|?&5P9s@!yUtX5\n\"bUd\0.r\r\':}.t5Xq~f6Xwn7n}\\yUQfTM	\"rc44\0R4PbiAN>{T?Q?6y8oc>-iT?\\aY]JtR3-	pHRRR=\rl?R <w`&3qO%4*\'Pu*;&4YjWe!P\0/4oT(QmU8LrU\0-.o\"]ZU`{!\\I\'phGAiBOhT-\"j\'>R{P3mSVWju)ynJfm<.~7 T^Q\nvB`s5\rczT]GpWFhoU$%F@SA8TAWnTQ3KF\\cXu):{wF<19l6Q5r/]\\TIu5]\na07r<9\n4k)e5JG.(d)_)\"|~@8+lT-TUv:4\"\Z*9Qp\0e9}pm\'~Jw-W4X>7Z.<6V*695NrW\n\'(\\?. IWw8Jr@l(:E\nrE;_ J,*PS22_iJv9y	qKC=IVR{9\reN\rgw\r(K1(L.b48F*FCva.L&8J IA.>b6}*+eu@2JlIwt;\ZMU/;U]DWabxE#DE42~oL.uZ5Cabaa48\ZP.8L^b1a\0p\Z\\Sk6XU=4cX#}#0 [++W0(wia\naN.`0oc.808\0E R1X::epr*X#U3\rd9~e->S.%\0>P7.7~hq\05]Yk[]yktL+4@LF\\x17IT!#m<Zm\0ar{66v@ls\00@_J?p4z>	#]+9\rq#@?\0*\0\0\0\0\0!1AQaq 0@P\0\0?!u>9(r\\\'0+I8U.;\r=-58ud=\nyaEKPfwk\")RA\0d%2\r K\'ohh@kyJ3rrGYw-f\'M\n!Bb\0d*LZ]m;dl\0fWaZ\ZnfX@+f5pLifU&zg:0/%y>[aYf8Laj%|\0#m;1_X\0%;/;kAphTn*0;k*7A2]TU\\&H.1Hm9.h%qscCN*q##e(kq`x=w\nVGPv)lQ,WX\n`.	~-AVS/\'+|T1CbR2o;VD&D{	y`qP(9>ijx,DqivTq.3r-jQlKOl-n<Vea3l?1TYL>O@q)=Tu_)~i\\3Miuh!1hN\'4\\LU_\'M\ri@*--_,U?1tans`X/Sr32.5a:2=6;f4R`5Eqiu[`qH:^t.0fP Wa6_1[cLE1bSyl5n,3W?fvLlW6a\\P}$R/510hgi6;\"l(Q(C=JeH7P\n<w\Z+/	!x9 Dtk[s?XaZ$f#ZNZ)jq~`xipoCo+Bpo; \0\04<&	[4x\"5*U@U#V!\rzBs&h;R/H3Gk7]KVR\rKPu?_/Moa,dg;{gqs!-J\0/L4Kn\r5PxG,[/\'j\ZDP+Nw=YP)Jos\n\0(Af\0[\Z-gG$Q\\2d4Q/t0ZJxKnq7o_0sN6b`w)	\r@=UDS-#hGH4q\'_e&	C\0J.K\\O5vZ9_J{h9	S#tEQGF]o\ns\\m8x^(9rpK2by@$UJNS.,hZZer[|_ry%CwK3j}Hg+{\0P\0\0UFlL+/FWTr@}(y<Djbn1Zc>m>-R>5*e}5j[{\nP*WCJW3%2P~){h@|6< \0i\"MdAk:nR[.X=hnUijOHpRp;AW6s\\AY,&E9@|5~fgI~\0ca\"LLLh*vLA0 rK`@|BX1[z#LY>l8FTDU Q&(q21)6xK.Me.1%K?P\n%6xcSQ%C3S,S`_s./.	0g_IOW0W$X87fmj[_0|+nQpg&%:gEUV8S>%O8]\'>J<yU	$&^^\ZIbLcsEMB\r.co\\+Z\0w*G`iF\0	%GG>I[2J]02=fKE^Rnd3rJZ|:OkSVqF&	I^S\0_eKsLU6<.w\n5jb+,r(v=H~Rl*^!ENa_\n_h!B?P\\<.:ab\r6Rbb\nux+X6T4Fz\"q8G%-w|\"\"*uGl{n\nUcBvL1S5FT\"Kt_i\'RQn822;IW>A_wiB(;7CP^$e#-C=aG42os2gZDPVa7/#\\[\\=xTY|Et2	,r{mX!/V`\'LJP0Kts%!f9~[)R	dY]?3\"_<X#~qd\'2tJAQKWBjKc`~LB9QJ7#+qZg	2;JOwT\0rCeM<,tbQ*PEh\"\Z^cCW/;llif-@U3Mi|DHox;ly V\',C\r.0qlAkO[^B(j!S;(6-!?b iDy]E\"$ZNa[#6J#2$mWf:n5dxB:P.R)leG]A8T?9*j\rZh.fQH#2#yl{S()FK0U1. Y.q\r|hlm+*\"1bYB(\07Z0t\0Fj0xPoB%.cA`/5iNKiHbOAy-s3kNKK)ic0nry&\r\\:-[\0\r2\\\\eRgtT4*4&4,Hbqp`LN@Ss 8`6F(cV&1<\'LCPq5KY-/fk7 h1K[`\r-	!8qY\'*U	`jTr>%YD\\\"72YpG:l:.2H?rS}78)96	cG0K0\"Qz0awIhK]V\nKJn~!LLb!k2)k]x8Nf)Ahh&}@wRg0R3j`	-z+]Rr2R]<plm\r:0\Z2V\0x9D[v0-nDCO;jb|7WEBb2@z?c6G^3<AG!\rE?4ek}+8(@[NoQ8%mn$F0nu4w7z4<7eeDy%]%K[XC&0!5ysPk#3mT#k?grmUhBQ{^*UK_%Z.Q\rzv\Z#3(csmRq,(#\Zk|\\nfKS%%Mra@wU,ltdq\"X/\nO#W\r\08GPq602Qh\n:bAu-7J5S|>Res4p\"Q2V~1\n/JsX,H:4Gp\0u\Z9p-5\\4bJ[Z%{\rDb}aSQcZp:e)9bw5.\ZdJJL0~Bc[.qhz QiQcrwwybx&hajK+ic:VI4*\'cPI>\n < hA%y$_=rMe:n\r3	Xe|X7\n,qU KNv_SrwL5wcl*2T)Z0 \'F%\0iR^e,E93Ks/	u1=\"?5U/mds	trd]-iW=hsT:lXn8.\0NjfR8|<h,h\n!f5M]b_<>]d2\\d\'x3fIsKx,}4*(C1X\\\\\"\n4(\0X,FYM@Jo-Uu#XgCul0Tl;HY y;Uy\09Ciq<dx,tw)Qqi>e\"\ZR8^YvLT,s<\Zno7@AbEk^el \nW-CX[\\.?=\ZUg%d}A1\n\n3ZYF{+.NaTq2mGKu:)pAon	\'+\r0V-f<u1o]I\'+bjd/Cu1V\\z0e8\n<LHQTh\'0\ntUpePauofLP2..\ZFp6)heG>P$1L(C/khmu.qrAU_d4*gSz,h#kS$l\n<s4Es\')$Y/UW&]35sQE6\"wLq.s6fC1]7*&xWn\\Iopc %RbrYf/hpnVM;cr+v\0SU-Gh\\ZSREU~_B^v/\\!^>s5Z\0KZ&((M\n&_hR.9\\.s%xi8YDVacN~  oB5LOXE#AR\nU2]}\ZVNToik)Bv6rRAsvZ!p+8gur*N{^3f@.Q6\0DN1+i71|LY_<&):\0sa7:(5pfQr4~\0uuM\rvz\'-[/o\0+\0\0\0\0\0\0M\n_mN($FF1?=S	@TC{,F\08rpD8Go7}fvzPG}@MA_S[i\r5^6,\Z7iA^MN``jW=t#-Hh?\"YSGa5Dr9@\'9;XJR(dm_*lfk_D1Pm\Z\0k3\0HO^]?xS/itSwi0EtR\'`\\Oc:\"yl*\ZpKFEq?}y?\'B;O2=Q!3\0 \0 C\r,q\0\0\0\0\0\0\0\0\0\0?\0)\0\0\0\0\0\0\0!1AQa q0@\0?\Z5(eu0`IJfRS)2MC~ nabQ/[b9\"-3XLZAeF+1*0/qiPb|W2|.be&3hwnRE3y<tc_H7BB)!{\0d{;U;s3Z#Oq/mR51W]WK>m;P-P\0\ZRy->\Za/>jq)ZMj! Tx?\'C:&dq-L:\\ULS)W9-\"dBD\r)3XDuc@,hY=)._BAUnJi\"L7eA%vSqG3Q*e2[PRoXR\\Ja+PB\0<uz1=\rF|(@\rcY@rvy!*0Tl ngo2%g@BT5\rRO\0{*RNfEs0N#hul\0R~b^S(z+D*#-Tb)bR,SJ7q3=V+i6EdqpC`8gq{p:+J#{rj/xV2^	s|Ym_yG)1_1X_x%J \ZL\\Tz+\rQ|&P^I3^\"*t\0E1\'n?Uq_;Q0n$$@Ks#j[ F\")\Z{R\'\\[0(KZA.y^w0\Z?FT)r^|u\0(\0\0\0\0\0\0\0!1AQ aq0\0?_:gm#)C\'}	\Zr@xF\'\\]\'\rdrltu8B]p sp[);N7h3c3&d\0n{~p<am#9g \0?J12d\02.zfZ\0qf{#Nt[GSny> ^,*,m\\Dq,7$~#Nl9O	|OO`>	=nn{$|\\zdi1`y2Q<YV.p6ixNn\"Y53}&w,zJgGy,WCAq\'\r!NRx!a2.\\x 2m#ai~!Xd;Mko Ig<\05V1VVCN]-T\n\0	W0udsdg\nr9J,1(6~GqvX#Wp{~{I|\\2{rlp.tO8G]7@\\$Fu\'g[\'5o[O92<tL3f&$17Edy%N$>\n\Z\r<ig/bFe3 \\DQ#=Vy/sX:0u4,LVK\'2n5 %Ll=QI=5?,>|\0)\0\0\0\0\0!1AQaq 0@\0\0?87v,=UULVx&WSjQ0`5|Pvj4(mtf_\0\r]Joq9E{%\0$69Cwv0&QAK;xs+WU\"@q:Wbdnj]P`<S\r[C`4	pC7_Ie\"x\rC^@m#F|%~W\"[r4Q0\n\01@60\"{A%,6z4EP8Yuyk(bGGb	W\n6s^*]?0L0t\Z	8LS2tF.#$5f;s_)dVtXN`j&xlHcq05[DB]Ma\02N|[-5\0cBC\0oo>\rhbn;<G=BP+	QX@C<jhK-`(+BQ\'^4\n}ni+,b(/\nL0Y^mu0 YN#\rL&Rp%wDy2(X9Z\nd9O\ZlhueWnmOWK^4Gq^VynQllrU%J\\}Hqxm)DH|kv]>#\\%bY-f6,-EF.=	St8\"6Ej\'a!C_XB&/5D\n^CE!ut\Zv]\'U-l`]8roL9z}\'Xh6*1xM8\0K]QRkZIx\r2*:px\\Yhr^KWu\\Wbi`xb\Zaj\\tmTh}nirVo!V1KZa=jkLj!D4b{:PTp]Ki=N :!RT/B9[(#G\0HB6`=b6(\Z1mcG7 B>VPe6~f,.,Al]J&lh\Zy1|{\ZPW#MU:\Zm;|\03(P+AqRL/,k%N	>2<-pA eKBm\"zL_Tptb\"D\Z\'+jrb\nP1xv%GnWi`//Qw\rPr\\ZJ1 <I-c gX?2maP)vj7/r_9Ev,\Z%Cc];#IJQ{;ZQm!\r#cK\\6BTS]\"w17P\0n}	[c`?!^xnXuf\\+9adx5]Tbk,+pk2nXfDjF>Pt(kZM%/YiWk&\Z#jt<1*q0e4f8`Fp7X4xtfAz\0XLu)->q.<OBLaqoKq\n9|1*V[6}+_rH4hfzeP|LxE[[s*\0 j?+\Z1\nCQ`sW}mc\0y`~}_N])a[fo2Bl14Pt6\rW$*?}j`#yi@zK()\Z!2gh\r}P33,?lpkj*ts\0f\Zbp(yVm@P,B>#,5uBdZ%iTOPfeJ~{\0/tT!5x0u_nSA_;n9(/}&FM@U.6(>2k\0:`!/=XO+}nAUO4FXxhu\0vQQ~Mv@ FwM-WjUoT0`b\\a8lOqj#Y@lY]g!i?:OHLao\\UK3dnJ=fUW+\n=;<&V5*v6T=PF|\"nQcIe2c66nMKd{`8{\ZTUsl+>^fer90\0&Cp+ E\r`\Z\n/5:F6#fZ|Tkj6\"\n\"wD[DLF<E|v=N>\"XmUu3;+lZ2N[j\nfZOS$T6L+VRxeZWl6m|F@Uxyq*j>+vOl\"\n^wHc_S\\+WenX\0\0\0PM<H\0W<awG~!jEk_hSP`VCq.[CF\\#kK\0.\n89d#H@	SI\00BXI1>hknj\r^$+-~`GKNEIdXl,[fMSi,zz0^A?x\"@VaL!P M#\04\0D\rodx\r~[L([i4	\n{Ky+F&n \rWP0-wP:\nw(q3t2^=c*Zh>\0\"F/fKSk_0)T]|@\rfXfyL0_6)Sw]LeZ3Pkpw:mnT+\\c*)z ]M6VF$H\ZkpXxb^A\"N\0\\`x\nOu.1]3!0](w]]\rLh3b+\")2O\\P[2N\rs]}Z5Ypl~[KxM87;@	pAgw)vfh+y\n=\\7=6kEMP~\0\\C\r%Hd\0W\0*EQy	j.~(5=!@E\0	dIZx%\0>GrZ,<@HO\Z``c},\rf_Vst*O\0[TN<F[>^)Ta[7\ZZB\Z(\0q_-zi: #u2TGj.F:bqu^.]DaID@98EQ)p^]^=%~U^?{\0@1D}e)hme06|C4P>YHeLaj\"V&8 =:>46%o}jiDh5BanI\ni:d)Up\0x1o^\rQz%o%*h\Ztx\"+e(f |\'9G4uMzE$_@bF~B\rREYU9\nF\"}l^Hz9[HEu:AB\0% T=&X0\09~ao95lkAoWu1Y$`H?	1@D\0\09JYvLAHGd1^\0BcC6CE\0.jTib@*49^TDCABm%N\rB)C\0^c``([fVko0Ak}FVi<5hS?7BC~(_SAwA;e> ,_^?9r2$-P\0W(q>{d&b)-qh[S)c*:a\\AdPK\'`.inV06}`JGg\0 U:Ezfo3m_8y,UDta4iEP&!7h?`l.YSF@+uC\0\'bR%F4-iI	QwW^\rCdjVk_fyM)3L|J{vw+%1o(9^jr@2^a>b7AA6DV5/z \Z|(9?rm|bZ\0GT8:9G-K\Z}hNeKPbzu\ZFYnz \r4wg+E?HLeS5||N	)DXJOV!VvVW\Z60t=M:NV^$\0kKNWQ[E]6>U>f\' d[WlGf\r;b\rYx\0\0-NSk[~>,8&%CL3P6Qj/Vg$BBgeU\n|Tf`Yei397,R*JZ-:Q\0VZ!4.(m\0uu@0~ A&zpLDZS\n+#{XL(H+HN8abDP@^\r1_0>x#%aL\"jP1UHa\0=xpC\n *[K^z\0nf\\@pk2.8\\S\"5~Pt>\0fL/8ie Qiqdhj&;[d\\F}644%e)b7L\"p\'[br<hfX>j}F-=(t2|$5BdA\0sRFX8>3sPr6\'$4EmXjQdYl=d*X(f@O#16@=O0f}+{8Re|un*<\0beAt\\ygC-18DXs7L_*`q\Z\r[Z9I~	B\ZU\00b^wG+G<mxT/*OC~i8vZu!FN+H*<\nk ^!*5W#&=)D:5&V`P5J M>l+ @F13W`?P!q0/\03J`^=R.]X!)4ETa-!aOk~V5KPK]\"s[~n\n\"1Y2zAm=H]2z 5}(RLizVS~;[y\0Yz>`\'r\"]V xb*<|@GG[;w8i|}akc4x^ZcezG)eJo<Dwb@~\\,w)UG@>\n.fMX\09fYP=R\0--/V>w\0V\n\"/LG&,%w(t|7SPCD:z{#F;:R\nAS!?>7n.1_B	nE?^\r%G+E6	?GNU`}d[P; d`_=h\n[^a#kn,\'0%jbw,l:*T#X7cq7Rs<4+Lqo\nh\n4/H0.b#<D_c\n/s.Q<=?Yc{f|CHe\npA`VQ[KA^2h[t	w	ZZ-;%-6\n\nRiL&._\"h;+g1)Y\"	w]D=3iN[=6{S>Z%D,nUt]o7tXg4j\'\0=]ueSp#Tx)WA[>-@E!!DtQnZTyXFM2\0@2\Z7|N/.U%%..`B\\}`1pMr\0P>%\r>/`f&^0Q>_Y\0S[jC;M.5;gz\"+u\"\r\'r]A\\\n)\07p]U+#T6.>0iLa6Su9P\\oD\"ISG0p-l@p+W\0~xx5O(8A\\oOZK; 2r0:0OYkt7g=\\/\0RXYtXr}0EEb!`[i	|E\0#^\ne(AWR+MU`W&CxD0.Cw-._fJ^RU\rG4L_P;]KGc`Zk\0|v.\\F{_;\nx|$V{bch xsYki0`e}/~P>lG7uR7^9\rM y|\nzrh%\"+1\n|bg3>b-WdRZ~`s?qY6b69ve+=EZ^WT:{t,\"f<7W.vek/R<S/W\Z3PN[f\\2jWd-x%y9-WjY8xE]DPZ{.4J{>M]<NkP]\"\rz4K$\n;5(=\rCa\"G099NW5^Xp\\Mlg@(\\y.	.:fXZ\\DF+[e>8JY/>VC^AAK@-z]a#9_}@dQ/^R\"f0tr]x*`\ZC9|.u\"1eE9)/5z~b\Z *\r;&QFV\'!h*&U@S\'{F\n;CK]iQQbE^ q0Qr=.-/0`	 *&\\TL*lG8XA/8;M\"[/X\Zcu#H\0X	Kk1!a}9/JoE6\\P;sESPq=w\0<F`i|?hJHlM/\0\'_f)yrWf\0\0bs~{2S/\0xt\0Dzt-r8Tsq&U3cS`l::c\0=sea#w	R+\\\0^E3.\'p)6= k(G\\UuZ*7w04,Hww61OOH$-=\r!J~Q_&^=@1:((@^s!p\0tiJm*HsCV}$\rc^y/qu[iykZ5P;mT^3m0`@XV\0\\%*%$lor,G?]7@V`zFQyKydw.w).t\Z>Db0\\pT@#R)[,E\'!]VG-OeDzyT\0jT^.j`	Foy.`2Law&9%fWre>M_Sm^%!NYl]~1PPrE-Fir(iU+0\']*&V<LAH0[aWUwgI4h%Y~/*UZ\"WArBR\02Nc0fWe\",b\008Z*QE2\\Yr-^V\\M\'I\r \\G\nyr2*-\"RVw<j<T\\TPn&-ApFG\'k8>+\0c	\0	BU0F\"-\ZQDY\Z\0\0V\rB7\\~GKAe/\rHaBp-0vr#/pr=Nst*s&0d.Jzj\n\r;\"\n	VWt[pa2A\0G;:])\"E*=bePE$m=zG+r2]+Jzty1jQ`\ZM8j5Q:TpUPlN&Vf;!BL]\'fD26Bk0/eVZz.P\"brFc4Nw(5|!++rS^,{n:& )X)CYamtVF(PeQLZ$;<=@\\WlVH,B#As\0=Ve>jo@76iY-x	*h\r|bZ\Z\0/PR;r<Pu)wUqaRI~\'cm8PK+j[(%P5\\$uE@4j)\0P	#5Ls/ztP\r7\0NT^c,N<KBcQWsw4V/+61\\d1L^\r\r(\"o@Y<?n\0.-..\'z\nwzp\r2\'hYP~9(6\r)	EW:Bp\'l8[g^D^svy#ZB0)f!!Cjg{T2TGd|gH8OMVanpa@(op \\h-\rkJ41ec\"\rEvM\0BrsU\ra\0-Dl]JRv\0V\ZW+|.fl\\\nJlV,Z|UQ1]F^!aBuEA	[j]eW6(,@q4*][<RPVb/g|]K~	Nu.\Z?U1yAdNb\no\n]z}`.\rMwBhlC\\K4\0VW/U=!cKo\r)<KfUf{Mx1}iG{0\"raS\Z<nj6x)T-4)36\0YgTE~bq*e>b-]kj8!]C\0.c\0\'');
/*!40000 ALTER TABLE `pelicula` ENABLE KEYS */;
UNLOCK TABLES;

--
-- Table structure for table `puntos_acumulados`
--

DROP TABLE IF EXISTS `puntos_acumulados`;
/*!40101 SET @saved_cs_client     = @@character_set_client */;
/*!40101 SET character_set_client = utf8 */;
CREATE TABLE `puntos_acumulados` (
  `idtipo_puntos` int(11) NOT NULL,
  `idcliente` int(11) NOT NULL,
  KEY `fk_puntos_acumulados_cliente1_idx` (`idcliente`),
  KEY `fk_puntos_acumulados_tipo_puntos1` (`idtipo_puntos`),
  CONSTRAINT `fk_puntos_acumulados_cliente1` FOREIGN KEY (`idcliente`) REFERENCES `cliente` (`idcliente`),
  CONSTRAINT `fk_puntos_acumulados_tipo_puntos1` FOREIGN KEY (`idtipo_puntos`) REFERENCES `tipo_puntos` (`idtipo_puntos`)
) ENGINE=InnoDB DEFAULT CHARSET=utf8;
/*!40101 SET character_set_client = @saved_cs_client */;

--
-- Dumping data for table `puntos_acumulados`
--

LOCK TABLES `puntos_acumulados` WRITE;
/*!40000 ALTER TABLE `puntos_acumulados` DISABLE KEYS */;
/*!40000 ALTER TABLE `puntos_acumulados` ENABLE KEYS */;
UNLOCK TABLES;

--
-- Table structure for table `recibo`
--

DROP TABLE IF EXISTS `recibo`;
/*!40101 SET @saved_cs_client     = @@character_set_client */;
/*!40101 SET character_set_client = utf8 */;
CREATE TABLE `recibo` (
  `idrecibo` int(11) NOT NULL,
  `fecha` datetime DEFAULT NULL,
  `idcliente` int(11) NOT NULL,
  `total` int(11) NOT NULL,
  PRIMARY KEY (`idrecibo`),
  UNIQUE KEY `idrecibo_UNIQUE` (`idrecibo`),
  KEY `fk_recibo_cliente1_idx` (`idcliente`),
  CONSTRAINT `fk_recibo_cliente1` FOREIGN KEY (`idcliente`) REFERENCES `cliente` (`idcliente`)
) ENGINE=InnoDB DEFAULT CHARSET=utf8;
/*!40101 SET character_set_client = @saved_cs_client */;

--
-- Dumping data for table `recibo`
--

LOCK TABLES `recibo` WRITE;
/*!40000 ALTER TABLE `recibo` DISABLE KEYS */;
/*!40000 ALTER TABLE `recibo` ENABLE KEYS */;
UNLOCK TABLES;

--
-- Table structure for table `reciboxsnack`
--

DROP TABLE IF EXISTS `reciboxsnack`;
/*!40101 SET @saved_cs_client     = @@character_set_client */;
/*!40101 SET character_set_client = utf8 */;
CREATE TABLE `reciboxsnack` (
  `idrecibo_snacks` int(11) NOT NULL,
  `idrecibo` int(11) NOT NULL,
  `idsnacks` int(11) NOT NULL,
  PRIMARY KEY (`idrecibo_snacks`),
  KEY `rxs_rec_fk` (`idrecibo`),
  KEY `rxs_snacks_fk` (`idsnacks`),
  CONSTRAINT `rxs_rec_fk` FOREIGN KEY (`idrecibo`) REFERENCES `recibo` (`idrecibo`),
  CONSTRAINT `rxs_snacks_fk` FOREIGN KEY (`idsnacks`) REFERENCES `snacks` (`idsnack`)
) ENGINE=InnoDB DEFAULT CHARSET=utf8mb4;
/*!40101 SET character_set_client = @saved_cs_client */;

--
-- Dumping data for table `reciboxsnack`
--

LOCK TABLES `reciboxsnack` WRITE;
/*!40000 ALTER TABLE `reciboxsnack` DISABLE KEYS */;
/*!40000 ALTER TABLE `reciboxsnack` ENABLE KEYS */;
UNLOCK TABLES;

--
-- Table structure for table `sala`
--

DROP TABLE IF EXISTS `sala`;
/*!40101 SET @saved_cs_client     = @@character_set_client */;
/*!40101 SET character_set_client = utf8 */;
CREATE TABLE `sala` (
  `idsala` int(11) NOT NULL,
  `id_multiplex` int(11) NOT NULL,
  `codigo_sala` int(11) DEFAULT NULL,
  `id_pelicula` int(11) NOT NULL,
  PRIMARY KEY (`idsala`),
  UNIQUE KEY `idsala_UNIQUE` (`idsala`),
  KEY `fk_sala_multiplex1_idx` (`id_multiplex`),
  KEY `fk_sala_pelicula1_idx` (`id_pelicula`),
  CONSTRAINT `fk_sala_multiplex1` FOREIGN KEY (`id_multiplex`) REFERENCES `multiplex` (`idmultiplex`),
  CONSTRAINT `fk_sala_pelicula1` FOREIGN KEY (`id_pelicula`) REFERENCES `pelicula` (`idpelicula`)
) ENGINE=InnoDB DEFAULT CHARSET=utf8;
/*!40101 SET character_set_client = @saved_cs_client */;

--
-- Dumping data for table `sala`
--

LOCK TABLES `sala` WRITE;
/*!40000 ALTER TABLE `sala` DISABLE KEYS */;
INSERT INTO `sala` VALUES (1,1,1,1),(2,1,2,1),(3,1,3,1),(4,1,4,2),(5,1,5,2),(6,1,6,2),(7,1,7,3),(8,1,8,3),(9,1,9,3),(10,1,10,4),(11,1,11,4),(12,1,12,4),(13,1,13,5),(14,1,14,5),(15,1,15,5),(16,2,1,1),(17,2,2,1),(18,2,3,2),(19,2,4,2),(20,2,5,3),(21,2,6,3),(22,2,7,4),(23,2,8,4),(24,2,9,5),(25,2,10,5),(26,3,1,1),(27,3,2,2),(28,3,3,3),(29,3,4,4),(30,3,5,5),(31,3,6,1),(32,3,7,2),(33,4,1,1),(34,4,2,1),(35,4,3,2),(36,4,4,2),(37,4,5,3),(38,4,6,3),(39,4,7,4),(40,4,8,5),(41,5,1,1),(42,5,2,2),(43,5,3,3),(44,5,4,4),(45,5,5,5),(46,6,1,1),(47,6,2,1),(48,6,3,2),(49,6,4,2),(50,6,5,3),(51,6,6,3),(52,6,7,4),(53,6,8,4),(54,6,9,5),(55,6,10,5);
/*!40000 ALTER TABLE `sala` ENABLE KEYS */;
UNLOCK TABLES;

--
-- Table structure for table `snacks`
--

DROP TABLE IF EXISTS `snacks`;
/*!40101 SET @saved_cs_client     = @@character_set_client */;
/*!40101 SET character_set_client = utf8 */;
CREATE TABLE `snacks` (
  `idsnack` int(11) NOT NULL,
  `nombre_combo` varchar(40) NOT NULL,
  `precio` int(11) NOT NULL,
  PRIMARY KEY (`idsnack`)
) ENGINE=InnoDB DEFAULT CHARSET=utf8mb4;
/*!40101 SET character_set_client = @saved_cs_client */;

--
-- Dumping data for table `snacks`
--

LOCK TABLES `snacks` WRITE;
/*!40000 ALTER TABLE `snacks` DISABLE KEYS */;
INSERT INTO `snacks` VALUES (1,'Combo1',3500),(2,'Combo2',2500),(3,'Combo3',500),(4,'Combo4',1500);
/*!40000 ALTER TABLE `snacks` ENABLE KEYS */;
UNLOCK TABLES;

--
-- Table structure for table `tipo_asiento`
--

DROP TABLE IF EXISTS `tipo_asiento`;
/*!40101 SET @saved_cs_client     = @@character_set_client */;
/*!40101 SET character_set_client = utf8 */;
CREATE TABLE `tipo_asiento` (
  `idtipo_asiento` int(11) NOT NULL,
  `tipo` varchar(45) DEFAULT NULL,
  `precio` int(11) DEFAULT NULL,
  PRIMARY KEY (`idtipo_asiento`),
  UNIQUE KEY `idtipo_asiento_UNIQUE` (`idtipo_asiento`)
) ENGINE=InnoDB DEFAULT CHARSET=utf8;
/*!40101 SET character_set_client = @saved_cs_client */;

--
-- Dumping data for table `tipo_asiento`
--

LOCK TABLES `tipo_asiento` WRITE;
/*!40000 ALTER TABLE `tipo_asiento` DISABLE KEYS */;
INSERT INTO `tipo_asiento` VALUES (1,'General',11000),(2,'Preferencial',15000);
/*!40000 ALTER TABLE `tipo_asiento` ENABLE KEYS */;
UNLOCK TABLES;

--
-- Table structure for table `tipo_cargo`
--

DROP TABLE IF EXISTS `tipo_cargo`;
/*!40101 SET @saved_cs_client     = @@character_set_client */;
/*!40101 SET character_set_client = utf8 */;
CREATE TABLE `tipo_cargo` (
  `idtipo_cargo` int(11) NOT NULL,
  `nombre_cargo` varchar(45) DEFAULT NULL,
  `salario` varchar(45) DEFAULT NULL,
  PRIMARY KEY (`idtipo_cargo`),
  UNIQUE KEY `idtipo_cargo_UNIQUE` (`idtipo_cargo`)
) ENGINE=InnoDB DEFAULT CHARSET=utf8;
/*!40101 SET character_set_client = @saved_cs_client */;

--
-- Dumping data for table `tipo_cargo`
--

LOCK TABLES `tipo_cargo` WRITE;
/*!40000 ALTER TABLE `tipo_cargo` DISABLE KEYS */;
INSERT INTO `tipo_cargo` VALUES (1,'Director','3000000'),(2,'Cajero','1000000'),(3,'Despachador de comida','1000000'),(4,'Encargado de sala','1000000'),(5,'Aseador','1000000');
/*!40000 ALTER TABLE `tipo_cargo` ENABLE KEYS */;
UNLOCK TABLES;

--
-- Table structure for table `tipo_puntos`
--

DROP TABLE IF EXISTS `tipo_puntos`;
/*!40101 SET @saved_cs_client     = @@character_set_client */;
/*!40101 SET character_set_client = utf8 */;
CREATE TABLE `tipo_puntos` (
  `idtipo_puntos` int(11) NOT NULL,
  `nombre_tipo` varchar(45) DEFAULT NULL,
  `valor` int(11) DEFAULT NULL,
  PRIMARY KEY (`idtipo_puntos`),
  UNIQUE KEY `idtipo_puntos_UNIQUE` (`idtipo_puntos`)
) ENGINE=InnoDB DEFAULT CHARSET=utf8;
/*!40101 SET character_set_client = @saved_cs_client */;

--
-- Dumping data for table `tipo_puntos`
--

LOCK TABLES `tipo_puntos` WRITE;
/*!40000 ALTER TABLE `tipo_puntos` DISABLE KEYS */;
INSERT INTO `tipo_puntos` VALUES (1,'boleta',10),(2,'snacks',5);
/*!40000 ALTER TABLE `tipo_puntos` ENABLE KEYS */;
UNLOCK TABLES;
/*!40103 SET TIME_ZONE=@OLD_TIME_ZONE */;

/*!40101 SET SQL_MODE=@OLD_SQL_MODE */;
/*!40014 SET FOREIGN_KEY_CHECKS=@OLD_FOREIGN_KEY_CHECKS */;
/*!40014 SET UNIQUE_CHECKS=@OLD_UNIQUE_CHECKS */;
/*!40101 SET CHARACTER_SET_CLIENT=@OLD_CHARACTER_SET_CLIENT */;
/*!40101 SET CHARACTER_SET_RESULTS=@OLD_CHARACTER_SET_RESULTS */;
/*!40101 SET COLLATION_CONNECTION=@OLD_COLLATION_CONNECTION */;
/*!40111 SET SQL_NOTES=@OLD_SQL_NOTES */;

-- Dump completed on 2022-04-06 10:15:18
